order_id,user_id,order_date,city,status,quantity,price,profit,order_month,order_year,order_quarter
258,515,2026-03-12 23:48:58.273612,Екатеринбург,completed,9,31324.6,9397.38,2026-03,2026,1
750,847,2026-03-12 23:48:58.274623,Нижний Новгород,cancelled,7,39440.2,11832.06,2026-03,2026,1
582,332,2026-03-12 23:48:58.274623,Ростов-на-Дону,completed,2,4493.18,1347.954,2026-03,2026,1
529,771,2026-03-12 23:48:58.274623,Ростов-на-Дону,completed,4,12331.03,3699.309,2026-03,2026,1
819,383,2026-03-12 23:48:58.275959,Красноярск,cancelled,7,38529.56,11558.867999999999,2026-03,2026,1
816,601,2026-03-12 23:48:58.275959,Москва,completed,9,6530.83,1959.2489999999998,2026-03,2026,1
1417,793,2026-03-12 23:48:58.276965,Самара,completed,1,10745.53,3223.659,2026-03,2026,1
1341,106,2026-03-12 23:48:58.276965,Уфа,processing,10,25357.25,7607.174999999999,2026-03,2026,1
1874,117,2026-03-12 23:48:58.277983,Санкт-Петербург,completed,10,37093.32,11127.996,2026-03,2026,1
1851,897,2026-03-12 23:48:58.277983,Красноярск,completed,8,43473.03,13041.909,2026-03,2026,1
2063,1,2026-03-12 23:48:58.277983,Санкт-Петербург,processing,3,13778.95,4133.685,2026-03,2026,1
1645,497,2026-03-12 23:48:58.277983,Ростов-на-Дону,completed,11,33287.74,9986.321999999998,2026-03,2026,1
1997,966,2026-03-12 23:48:58.277983,Уфа,completed,3,1502.69,450.807,2026-03,2026,1
2399,663,2026-03-12 23:48:58.279317,Казань,completed,2,13802.78,4140.834,2026-03,2026,1
2341,573,2026-03-12 23:48:58.279317,Ростов-на-Дону,completed,9,24273.65,7282.095,2026-03,2026,1
2840,898,2026-03-12 23:48:58.280948,Москва,completed,3,12621.53,3786.459,2026-03,2026,1
3006,992,2026-03-12 23:48:58.280948,Самара,processing,7,47745.32,14323.596,2026-03,2026,1
3295,196,2026-03-12 23:48:58.280948,Уфа,processing,8,19820.81,5946.243,2026-03,2026,1
3051,850,2026-03-12 23:48:58.280948,Москва,processing,10,22716.79,6815.037,2026-03,2026,1
3435,602,2026-03-12 23:48:58.282485,Казань,completed,9,21301.02,6390.306,2026-03,2026,1
3620,299,2026-03-12 23:48:58.282485,Санкт-Петербург,completed,5,16263.83,4879.148999999999,2026-03,2026,1
3823,486,2026-03-12 23:48:58.282485,Екатеринбург,completed,13,25391.04,7617.312,2026-03,2026,1
3898,86,2026-03-12 23:48:58.283920,Уфа,processing,3,2812.6,843.78,2026-03,2026,1
4512,358,2026-03-12 23:48:58.284934,Красноярск,processing,1,13981.61,4194.483,2026-03,2026,1
4880,740,2026-03-12 23:48:58.285929,Санкт-Петербург,cancelled,6,40280.25,12084.074999999999,2026-03,2026,1
4839,408,2026-03-12 23:48:58.285929,Уфа,completed,7,14486.26,4345.878,2026-03,2026,1
4859,800,2026-03-12 23:48:58.285929,Красноярск,completed,10,46612.28,13983.684,2026-03,2026,1
4807,103,2026-03-12 23:48:58.285929,Казань,processing,13,65494.72,19648.416,2026-03,2026,1
4620,507,2026-03-12 23:48:58.285929,Новосибирск,cancelled,13,28792.86,8637.858,2026-03,2026,1
82,727,2026-03-13 23:48:58.273612,Казань,cancelled,4,32686.07,9805.821,2026-03,2026,1
666,434,2026-03-13 23:48:58.274623,Самара,completed,9,30810.65,9243.195,2026-03,2026,1
619,313,2026-03-13 23:48:58.274623,Самара,completed,2,3071.21,921.3629999999999,2026-03,2026,1
731,423,2026-03-13 23:48:58.274623,Нижний Новгород,completed,1,4016.49,1204.947,2026-03,2026,1
912,806,2026-03-13 23:48:58.275959,Нижний Новгород,processing,5,11572.7,3471.81,2026-03,2026,1
1057,621,2026-03-13 23:48:58.275959,Москва,completed,7,27193.17,8157.950999999999,2026-03,2026,1
832,2,2026-03-13 23:48:58.275959,Екатеринбург,processing,8,36972.740000000005,11091.822000000002,2026-03,2026,1
804,721,2026-03-13 23:48:58.275959,Казань,completed,5,21725.52,6517.656,2026-03,2026,1
1420,802,2026-03-13 23:48:58.276965,Красноярск,completed,6,25583.1,7674.929999999999,2026-03,2026,1
1549,258,2026-03-13 23:48:58.276965,Санкт-Петербург,cancelled,5,14493.880000000001,4348.164,2026-03,2026,1
1169,864,2026-03-13 23:48:58.276965,Ростов-на-Дону,processing,6,36446.42,10933.926,2026-03,2026,1
1251,551,2026-03-13 23:48:58.276965,Самара,cancelled,10,31452.739999999998,9435.821999999998,2026-03,2026,1
1637,158,2026-03-13 23:48:58.277983,Самара,processing,1,14832.37,4449.711,2026-03,2026,1
1693,470,2026-03-13 23:48:58.277983,Нижний Новгород,cancelled,3,3699.06,1109.7179999999998,2026-03,2026,1
2019,188,2026-03-13 23:48:58.277983,Санкт-Петербург,cancelled,5,19993.08,5997.924,2026-03,2026,1
2228,249,2026-03-13 23:48:58.279317,Уфа,cancelled,9,35042.61,10512.783,2026-03,2026,1
2122,802,2026-03-13 23:48:58.279317,Красноярск,completed,6,14626.68,4388.004,2026-03,2026,1
2868,757,2026-03-13 23:48:58.280948,Санкт-Петербург,completed,9,36501.97,10950.591,2026-03,2026,1
3557,287,2026-03-13 23:48:58.282485,Самара,completed,6,18932.22,5679.666,2026-03,2026,1
3672,416,2026-03-13 23:48:58.282485,Самара,completed,3,8318.07,2495.421,2026-03,2026,1
3569,878,2026-03-13 23:48:58.282485,Самара,completed,1,3637.29,1091.187,2026-03,2026,1
4157,291,2026-03-13 23:48:58.283920,Красноярск,processing,15,22636.06,6790.818,2026-03,2026,1
3985,225,2026-03-13 23:48:58.283920,Новосибирск,completed,5,17771.309999999998,5331.392999999999,2026-03,2026,1
4369,516,2026-03-13 23:48:58.284934,Ростов-на-Дону,processing,12,46198.3,13859.49,2026-03,2026,1
4894,930,2026-03-13 23:48:58.285929,Уфа,processing,7,31000.89,9300.267,2026-03,2026,1
4922,436,2026-03-13 23:48:58.285929,Екатеринбург,completed,6,18339.68,5501.9039999999995,2026-03,2026,1
389,833,2026-03-14 23:48:58.274623,Екатеринбург,cancelled,4,14199.11,4259.733,2026-03,2026,1
600,681,2026-03-14 23:48:58.274623,Екатеринбург,completed,8,29590.4,8877.12,2026-03,2026,1
888,771,2026-03-14 23:48:58.275959,Ростов-на-Дону,cancelled,5,22409.7,6722.91,2026-03,2026,1
931,879,2026-03-14 23:48:58.275959,Красноярск,cancelled,5,36601.29,10980.387,2026-03,2026,1
802,826,2026-03-14 23:48:58.275959,Ростов-на-Дону,completed,2,13941.67,4182.501,2026-03,2026,1
1091,136,2026-03-14 23:48:58.275959,Нижний Новгород,cancelled,6,13042.62,3912.786,2026-03,2026,1
1396,930,2026-03-14 23:48:58.276965,Уфа,processing,9,30634.96,9190.488,2026-03,2026,1
1423,629,2026-03-14 23:48:58.276965,Красноярск,cancelled,5,17176.489999999998,5152.946999999999,2026-03,2026,1
1439,529,2026-03-14 23:48:58.276965,Уфа,completed,5,29142.41,8742.723,2026-03,2026,1
1737,515,2026-03-14 23:48:58.277983,Екатеринбург,completed,10,24809.03,7442.708999999999,2026-03,2026,1
1748,793,2026-03-14 23:48:58.277983,Самара,completed,7,36924.81,11077.443,2026-03,2026,1
1606,475,2026-03-14 23:48:58.277983,Красноярск,completed,4,21525.56,6457.668000000001,2026-03,2026,1
1782,809,2026-03-14 23:48:58.277983,Ростов-на-Дону,processing,9,23512.67,7053.8009999999995,2026-03,2026,1
1565,993,2026-03-14 23:48:58.277983,Красноярск,processing,7,15589.849999999999,4676.954999999999,2026-03,2026,1
1919,215,2026-03-14 23:48:58.277983,Москва,completed,8,34237.630000000005,10271.289,2026-03,2026,1
2315,491,2026-03-14 23:48:58.279317,Новосибирск,completed,4,10301.92,3090.576,2026-03,2026,1
2470,702,2026-03-14 23:48:58.279317,Уфа,cancelled,3,12856.5,3856.95,2026-03,2026,1
3112,917,2026-03-14 23:48:58.280948,Нижний Новгород,cancelled,10,35082.229999999996,10524.668999999998,2026-03,2026,1
3310,789,2026-03-14 23:48:58.280948,Красноярск,completed,9,34824.18,10447.253999999999,2026-03,2026,1
3120,860,2026-03-14 23:48:58.280948,Ростов-на-Дону,completed,2,6161.57,1848.4709999999998,2026-03,2026,1
2962,453,2026-03-14 23:48:58.280948,Самара,completed,6,37856.26,11356.878,2026-03,2026,1
3520,408,2026-03-14 23:48:58.282485,Уфа,completed,2,8517.85,2555.355,2026-03,2026,1
3523,793,2026-03-14 23:48:58.282485,Самара,completed,7,26993.71,8098.112999999999,2026-03,2026,1
3364,403,2026-03-14 23:48:58.282485,Самара,completed,9,41161.13,12348.338999999998,2026-03,2026,1
3998,27,2026-03-14 23:48:58.283920,Санкт-Петербург,completed,11,32993.54,9898.062,2026-03,2026,1
4008,541,2026-03-14 23:48:58.283920,Уфа,completed,8,34213.83,10264.149,2026-03,2026,1
3996,986,2026-03-14 23:48:58.283920,Нижний Новгород,cancelled,3,5869.2,1760.76,2026-03,2026,1
4400,759,2026-03-14 23:48:58.284934,Красноярск,completed,6,26239.55,7871.865,2026-03,2026,1
4635,241,2026-03-14 23:48:58.285929,Екатеринбург,completed,6,25973.71,7792.112999999999,2026-03,2026,1
196,823,2026-03-15 23:48:58.273612,Самара,completed,5,17140.81,5142.243,2026-03,2026,1
409,217,2026-03-15 23:48:58.274623,Казань,processing,3,6713.87,2014.1609999999998,2026-03,2026,1
471,299,2026-03-15 23:48:58.274623,Санкт-Петербург,cancelled,4,8808.67,2642.601,2026-03,2026,1
480,852,2026-03-15 23:48:58.274623,Красноярск,completed,11,33867.83,10160.349,2026-03,2026,1
488,519,2026-03-15 23:48:58.274623,Санкт-Петербург,completed,5,26074.53,7822.3589999999995,2026-03,2026,1
468,971,2026-03-15 23:48:58.274623,Самара,completed,2,16612.620000000003,4983.786000000001,2026-03,2026,1
548,551,2026-03-15 23:48:58.274623,Самара,cancelled,3,2367.4,710.22,2026-03,2026,1
596,285,2026-03-15 23:48:58.274623,Самара,completed,6,17673.579999999998,5302.074,2026-03,2026,1
844,256,2026-03-15 23:48:58.275959,Нижний Новгород,completed,1,7798.4,2339.52,2026-03,2026,1
1300,314,2026-03-15 23:48:58.276965,Уфа,processing,6,34393.63,10318.088999999998,2026-03,2026,1
1163,624,2026-03-15 23:48:58.276965,Новосибирск,completed,7,36165.95,10849.784999999998,2026-03,2026,1
1459,257,2026-03-15 23:48:58.276965,Красноярск,completed,10,35830.23,10749.069000000001,2026-03,2026,1
1197,295,2026-03-15 23:48:58.276965,Новосибирск,cancelled,9,30224.13,9067.239,2026-03,2026,1
1770,352,2026-03-15 23:48:58.277983,Ростов-на-Дону,completed,3,6107.67,1832.301,2026-03,2026,1
1777,145,2026-03-15 23:48:58.277983,Москва,cancelled,7,25379.36,7613.808,2026-03,2026,1
2035,834,2026-03-15 23:48:58.277983,Новосибирск,processing,7,21895.59,6568.677,2026-03,2026,1
2253,427,2026-03-15 23:48:58.279317,Москва,completed,2,930.12,279.036,2026-03,2026,1
2490,132,2026-03-15 23:48:58.280322,Самара,completed,6,18230.0,5469.0,2026-03,2026,1
2541,411,2026-03-15 23:48:58.280322,Самара,processing,4,17771.46,5331.437999999999,2026-03,2026,1
3213,488,2026-03-15 23:48:58.280948,Красноярск,cancelled,2,9381.01,2814.303,2026-03,2026,1
3221,229,2026-03-15 23:48:58.280948,Казань,completed,5,14965.82,4489.746,2026-03,2026,1
3143,994,2026-03-15 23:48:58.280948,Санкт-Петербург,cancelled,12,39103.32,11730.996,2026-03,2026,1
3665,281,2026-03-15 23:48:58.282485,Екатеринбург,cancelled,3,653.84,196.15200000000002,2026-03,2026,1
3589,815,2026-03-15 23:48:58.282485,Казань,completed,6,24759.53,7427.8589999999995,2026-03,2026,1
3375,655,2026-03-15 23:48:58.282485,Нижний Новгород,cancelled,9,29892.739999999998,8967.821999999998,2026-03,2026,1
3975,493,2026-03-15 23:48:58.283920,Санкт-Петербург,completed,3,7206.51,2161.953,2026-03,2026,1
3875,814,2026-03-15 23:48:58.283920,Самара,completed,1,10697.13,3209.1389999999997,2026-03,2026,1
3984,796,2026-03-15 23:48:58.283920,Санкт-Петербург,cancelled,2,6385.19,1915.5569999999998,2026-03,2026,1
4363,752,2026-03-15 23:48:58.284934,Ростов-на-Дону,completed,3,11872.46,3561.738,2026-03,2026,1
4235,86,2026-03-15 23:48:58.284934,Уфа,completed,3,15692.310000000001,4707.693,2026-03,2026,1
174,816,2026-03-16 23:48:58.273612,Екатеринбург,cancelled,9,32594.41,9778.323,2026-03,2026,1
122,75,2026-03-16 23:48:58.273612,Санкт-Петербург,completed,1,7847.2,2354.16,2026-03,2026,1
648,798,2026-03-16 23:48:58.274623,Новосибирск,completed,10,20293.97,6088.191,2026-03,2026,1
1107,536,2026-03-16 23:48:58.275959,Нижний Новгород,cancelled,11,34669.78,10400.934,2026-03,2026,1
830,315,2026-03-16 23:48:58.275959,Красноярск,completed,5,32002.09,9600.627,2026-03,2026,1
954,767,2026-03-16 23:48:58.275959,Новосибирск,completed,11,41816.15,12544.845,2026-03,2026,1
1405,211,2026-03-16 23:48:58.276965,Казань,completed,9,20100.59,6030.177,2026-03,2026,1
1713,791,2026-03-16 23:48:58.277983,Красноярск,completed,7,24588.97,7376.691,2026-03,2026,1
1844,502,2026-03-16 23:48:58.277983,Самара,completed,3,12873.61,3862.083,2026-03,2026,1
1578,9,2026-03-16 23:48:58.277983,Новосибирск,completed,5,28166.04,8449.812,2026-03,2026,1
1816,317,2026-03-16 23:48:58.277983,Уфа,cancelled,7,38381.69,11514.507,2026-03,2026,1
1630,803,2026-03-16 23:48:58.277983,Екатеринбург,completed,4,15620.730000000001,4686.219,2026-03,2026,1
2007,857,2026-03-16 23:48:58.277983,Казань,cancelled,2,5830.83,1749.249,2026-03,2026,1
2209,646,2026-03-16 23:48:58.279317,Ростов-на-Дону,completed,1,9467.43,2840.229,2026-03,2026,1
2093,494,2026-03-16 23:48:58.279317,Новосибирск,completed,3,7709.58,2312.874,2026-03,2026,1
2197,978,2026-03-16 23:48:58.279317,Санкт-Петербург,completed,10,40893.03999999999,12267.911999999998,2026-03,2026,1
2594,87,2026-03-16 23:48:58.280322,Новосибирск,completed,1,806.65,241.99499999999998,2026-03,2026,1
3319,782,2026-03-16 23:48:58.280948,Москва,processing,9,20735.67,6220.700999999999,2026-03,2026,1
3333,847,2026-03-16 23:48:58.280948,Нижний Новгород,processing,5,24901.52,7470.456,2026-03,2026,1
3429,651,2026-03-16 23:48:58.282485,Москва,completed,4,1546.59,463.977,2026-03,2026,1
3398,400,2026-03-16 23:48:58.282485,Уфа,completed,4,14031.17,4209.351,2026-03,2026,1
3906,740,2026-03-16 23:48:58.283920,Санкт-Петербург,completed,7,16288.23,4886.469,2026-03,2026,1
4469,494,2026-03-16 23:48:58.284934,Новосибирск,completed,2,10206.19,3061.857,2026-03,2026,1
4302,6,2026-03-16 23:48:58.284934,Красноярск,completed,12,32785.0,9835.5,2026-03,2026,1
4479,639,2026-03-16 23:48:58.284934,Нижний Новгород,completed,10,47811.69,14343.507,2026-03,2026,1
4913,330,2026-03-16 23:48:58.285929,Санкт-Петербург,processing,4,6837.509999999999,2051.2529999999997,2026-03,2026,1
4805,724,2026-03-16 23:48:58.285929,Уфа,completed,3,12717.95,3815.385,2026-03,2026,1
4915,275,2026-03-16 23:48:58.285929,Ростов-на-Дону,completed,7,43300.270000000004,12990.081,2026-03,2026,1
4874,791,2026-03-16 23:48:58.285929,Красноярск,completed,4,8941.83,2682.549,2026-03,2026,1
4823,429,2026-03-16 23:48:58.285929,Новосибирск,completed,10,49145.86,14743.758,2026-03,2026,1
24,851,2026-03-17 23:48:58.273612,Санкт-Петербург,completed,7,21995.13,6598.539,2026-03,2026,1
749,162,2026-03-17 23:48:58.274623,Уфа,completed,9,45465.31,13639.592999999999,2026-03,2026,1
763,382,2026-03-17 23:48:58.274623,Нижний Новгород,cancelled,3,11449.2,3434.76,2026-03,2026,1
638,631,2026-03-17 23:48:58.274623,Красноярск,completed,6,28258.82,8477.645999999999,2026-03,2026,1
557,419,2026-03-17 23:48:58.274623,Ростов-на-Дону,completed,12,34355.03,10306.509,2026-03,2026,1
852,667,2026-03-17 23:48:58.275959,Уфа,completed,5,24250.670000000002,7275.201,2026-03,2026,1
1097,30,2026-03-17 23:48:58.275959,Красноярск,cancelled,1,8757.45,2627.235,2026-03,2026,1
1053,712,2026-03-17 23:48:58.275959,Нижний Новгород,cancelled,3,17881.89,5364.567,2026-03,2026,1
1035,910,2026-03-17 23:48:58.275959,Уфа,completed,6,16302.310000000001,4890.693,2026-03,2026,1
1494,882,2026-03-17 23:48:58.276965,Красноярск,completed,4,15074.17,4522.251,2026-03,2026,1
1199,427,2026-03-17 23:48:58.276965,Москва,completed,6,33487.91,10046.373000000001,2026-03,2026,1
1268,297,2026-03-17 23:48:58.276965,Новосибирск,completed,3,15273.279999999999,4581.9839999999995,2026-03,2026,1
1798,356,2026-03-17 23:48:58.277983,Уфа,completed,3,12549.17,3764.7509999999997,2026-03,2026,1
2014,318,2026-03-17 23:48:58.277983,Уфа,cancelled,6,37029.36,11108.807999999999,2026-03,2026,1
2099,80,2026-03-17 23:48:58.279317,Казань,cancelled,1,11304.86,3391.458,2026-03,2026,1
2238,124,2026-03-17 23:48:58.279317,Уфа,processing,8,32438.53,9731.559,2026-03,2026,1
2157,107,2026-03-17 23:48:58.279317,Новосибирск,completed,5,8401.81,2520.5429999999997,2026-03,2026,1
2637,765,2026-03-17 23:48:58.280322,Санкт-Петербург,completed,3,13877.74,4163.322,2026-03,2026,1
2710,178,2026-03-17 23:48:58.280322,Уфа,processing,10,34048.2,10214.46,2026-03,2026,1
2683,372,2026-03-17 23:48:58.280322,Санкт-Петербург,completed,2,19109.68,5732.9039999999995,2026-03,2026,1
2742,408,2026-03-17 23:48:58.280948,Уфа,completed,5,23412.84,7023.852,2026-03,2026,1
3318,436,2026-03-17 23:48:58.280948,Екатеринбург,completed,7,26297.260000000002,7889.178,2026-03,2026,1
2892,931,2026-03-17 23:48:58.280948,Нижний Новгород,completed,3,2447.84,734.352,2026-03,2026,1
3453,821,2026-03-17 23:48:58.282485,Красноярск,cancelled,7,20552.98,6165.893999999999,2026-03,2026,1
3950,394,2026-03-17 23:48:58.283920,Красноярск,cancelled,8,22767.42,6830.226,2026-03,2026,1
4451,958,2026-03-17 23:48:58.284934,Уфа,cancelled,12,25603.92,7681.1759999999995,2026-03,2026,1
4218,216,2026-03-17 23:48:58.284934,Санкт-Петербург,completed,14,54838.98,16451.694,2026-03,2026,1
4415,950,2026-03-17 23:48:58.284934,Казань,completed,3,1603.02,480.90599999999995,2026-03,2026,1
195,791,2026-03-18 23:48:58.273612,Красноярск,cancelled,7,24385.98,7315.794,2026-03,2026,1
181,152,2026-03-18 23:48:58.273612,Казань,completed,4,20705.6,6211.679999999999,2026-03,2026,1
276,120,2026-03-18 23:48:58.273612,Нижний Новгород,completed,9,33290.83,9987.249,2026-03,2026,1
95,478,2026-03-18 23:48:58.273612,Красноярск,processing,7,28429.45,8528.835,2026-03,2026,1
430,191,2026-03-18 23:48:58.274623,Нижний Новгород,processing,9,41197.95,12359.384999999998,2026-03,2026,1
295,83,2026-03-18 23:48:58.274623,Казань,cancelled,5,14146.689999999999,4244.007,2026-03,2026,1
624,532,2026-03-18 23:48:58.274623,Ростов-на-Дону,completed,7,21616.54,6484.962,2026-03,2026,1
1007,123,2026-03-18 23:48:58.275959,Самара,completed,11,32398.03,9719.409,2026-03,2026,1
961,886,2026-03-18 23:48:58.275959,Екатеринбург,completed,11,35095.67,10528.701,2026-03,2026,1
997,970,2026-03-18 23:48:58.275959,Екатеринбург,completed,2,7648.62,2294.586,2026-03,2026,1
924,624,2026-03-18 23:48:58.275959,Новосибирск,cancelled,3,13182.3,3954.6899999999996,2026-03,2026,1
1411,283,2026-03-18 23:48:58.276965,Красноярск,completed,3,7840.36,2352.1079999999997,2026-03,2026,1
1476,188,2026-03-18 23:48:58.276965,Санкт-Петербург,completed,9,41863.95,12559.185,2026-03,2026,1
1617,399,2026-03-18 23:48:58.277983,Нижний Новгород,completed,9,27783.29,8334.987,2026-03,2026,1
2055,211,2026-03-18 23:48:58.277983,Казань,completed,6,30933.21,9279.963,2026-03,2026,1
1661,537,2026-03-18 23:48:58.277983,Санкт-Петербург,completed,2,2323.84,697.152,2026-03,2026,1
2136,389,2026-03-18 23:48:58.279317,Ростов-на-Дону,cancelled,7,27625.16,8287.547999999999,2026-03,2026,1
3092,860,2026-03-18 23:48:58.280948,Ростов-на-Дону,completed,4,23470.26,7041.0779999999995,2026-03,2026,1
2789,292,2026-03-18 23:48:58.280948,Санкт-Петербург,cancelled,6,25327.48,7598.244,2026-03,2026,1
3102,906,2026-03-18 23:48:58.280948,Санкт-Петербург,completed,3,7313.93,2194.179,2026-03,2026,1
2954,412,2026-03-18 23:48:58.280948,Ростов-на-Дону,cancelled,3,16063.330000000002,4818.999000000001,2026-03,2026,1
3294,310,2026-03-18 23:48:58.280948,Москва,completed,8,19015.1,5704.53,2026-03,2026,1
3150,125,2026-03-18 23:48:58.280948,Красноярск,processing,6,24184.0,7255.2,2026-03,2026,1
3504,467,2026-03-18 23:48:58.282485,Москва,completed,4,28116.55,8434.965,2026-03,2026,1
3806,820,2026-03-18 23:48:58.282485,Казань,cancelled,2,12187.29,3656.1870000000004,2026-03,2026,1
4087,270,2026-03-18 23:48:58.283920,Екатеринбург,completed,6,16629.05,4988.714999999999,2026-03,2026,1
4082,940,2026-03-18 23:48:58.283920,Новосибирск,completed,9,45712.34,13713.702,2026-03,2026,1
4064,913,2026-03-18 23:48:58.283920,Екатеринбург,completed,6,18298.87,5489.660999999999,2026-03,2026,1
4057,827,2026-03-18 23:48:58.283920,Новосибирск,cancelled,3,8810.53,2643.159,2026-03,2026,1
4555,190,2026-03-18 23:48:58.284934,Екатеринбург,cancelled,7,24592.79,7377.8369999999995,2026-03,2026,1
4416,478,2026-03-18 23:48:58.284934,Красноярск,completed,10,22929.77,6878.931,2026-03,2026,1
4272,432,2026-03-18 23:48:58.284934,Новосибирск,completed,1,10342.26,3102.678,2026-03,2026,1
4663,819,2026-03-18 23:48:58.285929,Санкт-Петербург,completed,9,33069.25,9920.775,2026-03,2026,1
517,112,2026-03-19 23:48:58.274623,Новосибирск,completed,2,14142.93,4242.879,2026-03,2026,1
632,657,2026-03-19 23:48:58.274623,Екатеринбург,completed,5,7200.05,2160.015,2026-03,2026,1
503,475,2026-03-19 23:48:58.274623,Красноярск,processing,4,13913.77,4174.131,2026-03,2026,1
590,780,2026-03-19 23:48:58.274623,Нижний Новгород,completed,9,35510.79,10653.237,2026-03,2026,1
1103,722,2026-03-19 23:48:58.275959,Красноярск,processing,12,14407.150000000001,4322.145,2026-03,2026,1
1078,369,2026-03-19 23:48:58.275959,Москва,completed,9,43671.68,13101.503999999999,2026-03,2026,1
1528,360,2026-03-19 23:48:58.276965,Ростов-на-Дону,processing,5,12868.34,3860.502,2026-03,2026,1
1276,306,2026-03-19 23:48:58.276965,Санкт-Петербург,cancelled,12,36993.99,11098.196999999998,2026-03,2026,1
1954,579,2026-03-19 23:48:58.277983,Москва,completed,7,52738.94,15821.682,2026-03,2026,1
2140,392,2026-03-19 23:48:58.279317,Новосибирск,completed,3,2001.75,600.525,2026-03,2026,1
2152,346,2026-03-19 23:48:58.279317,Уфа,cancelled,2,3774.96,1132.488,2026-03,2026,1
2283,766,2026-03-19 23:48:58.279317,Уфа,completed,3,10373.25,3111.975,2026-03,2026,1
2222,963,2026-03-19 23:48:58.279317,Самара,processing,3,3356.75,1007.025,2026-03,2026,1
2557,511,2026-03-19 23:48:58.280322,Екатеринбург,completed,3,11799.09,3539.727,2026-03,2026,1
2733,745,2026-03-19 23:48:58.280322,Самара,completed,8,37684.85,11305.455,2026-03,2026,1
2539,675,2026-03-19 23:48:58.280322,Санкт-Петербург,completed,4,12905.54,3871.6620000000003,2026-03,2026,1
2535,962,2026-03-19 23:48:58.280322,Красноярск,completed,9,57293.77,17188.130999999998,2026-03,2026,1
2559,620,2026-03-19 23:48:58.280322,Москва,completed,8,28980.949999999997,8694.284999999998,2026-03,2026,1
2880,627,2026-03-19 23:48:58.280948,Казань,completed,6,25403.02,7620.906,2026-03,2026,1
2997,379,2026-03-19 23:48:58.280948,Санкт-Петербург,processing,3,8510.52,2553.156,2026-03,2026,1
3239,852,2026-03-19 23:48:58.280948,Красноярск,completed,7,26549.11,7964.733,2026-03,2026,1
3142,869,2026-03-19 23:48:58.280948,Санкт-Петербург,completed,7,17028.03,5108.409,2026-03,2026,1
3629,433,2026-03-19 23:48:58.282485,Самара,completed,7,29585.399999999998,8875.619999999999,2026-03,2026,1
3734,354,2026-03-19 23:48:58.282485,Казань,processing,4,12787.83,3836.3489999999997,2026-03,2026,1
3427,398,2026-03-19 23:48:58.282485,Уфа,cancelled,11,25867.07,7760.120999999999,2026-03,2026,1
3501,724,2026-03-19 23:48:58.282485,Уфа,completed,7,25343.84,7603.152,2026-03,2026,1
3772,936,2026-03-19 23:48:58.282485,Нижний Новгород,completed,3,2336.39,700.9169999999999,2026-03,2026,1
3959,186,2026-03-19 23:48:58.283920,Самара,completed,3,20867.02,6260.106,2026-03,2026,1
4440,447,2026-03-19 23:48:58.284934,Новосибирск,completed,4,14076.17,4222.851,2026-03,2026,1
4435,832,2026-03-19 23:48:58.284934,Уфа,cancelled,6,26392.409999999996,7917.722999999998,2026-03,2026,1
4531,512,2026-03-19 23:48:58.284934,Красноярск,completed,2,6188.6,1856.58,2026-03,2026,1
4691,17,2026-03-19 23:48:58.285929,Ростов-на-Дону,completed,8,35032.31,10509.693,2026-03,2026,1
4656,955,2026-03-19 23:48:58.285929,Новосибирск,completed,6,19975.75,5992.724999999999,2026-03,2026,1
4933,738,2026-03-19 23:48:58.285929,Москва,completed,2,1800.86,540.2579999999999,2026-03,2026,1
172,340,2026-03-20 23:48:58.273612,Красноярск,completed,5,17706.87,5312.061,2026-03,2026,1
243,582,2026-03-20 23:48:58.273612,Самара,completed,9,20746.7,6224.01,2026-03,2026,1
311,613,2026-03-20 23:48:58.274623,Санкт-Петербург,cancelled,7,32311.690000000002,9693.507,2026-03,2026,1
1532,333,2026-03-20 23:48:58.276965,Казань,processing,1,5640.03,1692.0089999999998,2026-03,2026,1
1174,354,2026-03-20 23:48:58.276965,Казань,completed,4,19907.89,5972.366999999999,2026-03,2026,1
1193,631,2026-03-20 23:48:58.276965,Красноярск,cancelled,5,17596.41,5278.923,2026-03,2026,1
1181,428,2026-03-20 23:48:58.276965,Новосибирск,cancelled,6,24999.62,7499.8859999999995,2026-03,2026,1
1906,166,2026-03-20 23:48:58.277983,Уфа,completed,5,21420.52,6426.156,2026-03,2026,1
1947,945,2026-03-20 23:48:58.277983,Уфа,completed,9,51460.38,15438.113999999998,2026-03,2026,1
2336,969,2026-03-20 23:48:58.279317,Красноярск,completed,4,18689.199999999997,5606.759999999999,2026-03,2026,1
2355,820,2026-03-20 23:48:58.279317,Казань,cancelled,9,47528.55,14258.565,2026-03,2026,1
2149,473,2026-03-20 23:48:58.279317,Санкт-Петербург,cancelled,7,19761.79,5928.537,2026-03,2026,1
2150,248,2026-03-20 23:48:58.279317,Уфа,processing,2,13919.16,4175.748,2026-03,2026,1
2154,11,2026-03-20 23:48:58.279317,Уфа,completed,6,35211.45,10563.435,2026-03,2026,1
2537,504,2026-03-20 23:48:58.280322,Красноярск,completed,6,20166.07,6049.821,2026-03,2026,1
2605,708,2026-03-20 23:48:58.280322,Нижний Новгород,completed,11,30349.69,9104.907,2026-03,2026,1
2576,583,2026-03-20 23:48:58.280322,Самара,completed,7,20714.96,6214.487999999999,2026-03,2026,1
2855,708,2026-03-20 23:48:58.280948,Нижний Новгород,cancelled,1,6104.72,1831.416,2026-03,2026,1
3188,961,2026-03-20 23:48:58.280948,Нижний Новгород,completed,9,46101.13,13830.338999999998,2026-03,2026,1
2897,854,2026-03-20 23:48:58.280948,Ростов-на-Дону,cancelled,10,33547.42,10064.225999999999,2026-03,2026,1
3540,497,2026-03-20 23:48:58.282485,Ростов-на-Дону,completed,2,9851.42,2955.426,2026-03,2026,1
3575,309,2026-03-20 23:48:58.282485,Уфа,processing,6,36607.479999999996,10982.243999999999,2026-03,2026,1
4133,812,2026-03-20 23:48:58.283920,Уфа,completed,9,37852.91,11355.873000000001,2026-03,2026,1
4475,229,2026-03-20 23:48:58.284934,Казань,cancelled,3,954.88,286.464,2026-03,2026,1
4804,526,2026-03-20 23:48:58.285929,Екатеринбург,completed,2,13170.08,3951.024,2026-03,2026,1
247,411,2026-03-21 23:48:58.273612,Самара,completed,1,12190.29,3657.087,2026-03,2026,1
533,269,2026-03-21 23:48:58.274623,Екатеринбург,completed,4,9468.0,2840.4,2026-03,2026,1
991,929,2026-03-21 23:48:58.275959,Санкт-Петербург,completed,7,41274.22,12382.266,2026-03,2026,1
1295,132,2026-03-21 23:48:58.276965,Самара,cancelled,4,20982.02,6294.606,2026-03,2026,1
1232,118,2026-03-21 23:48:58.276965,Москва,completed,7,23412.64,7023.7919999999995,2026-03,2026,1
1291,298,2026-03-21 23:48:58.276965,Красноярск,completed,2,3486.02,1045.806,2026-03,2026,1
1248,216,2026-03-21 23:48:58.276965,Санкт-Петербург,cancelled,7,20722.100000000002,6216.63,2026-03,2026,1
1444,362,2026-03-21 23:48:58.276965,Москва,completed,5,18637.17,5591.150999999999,2026-03,2026,1
2039,679,2026-03-21 23:48:58.277983,Санкт-Петербург,completed,11,38933.549999999996,11680.064999999999,2026-03,2026,1
2074,296,2026-03-21 23:48:58.277983,Москва,completed,8,29196.5,8758.949999999999,2026-03,2026,1
1757,116,2026-03-21 23:48:58.277983,Новосибирск,completed,6,16151.97,4845.590999999999,2026-03,2026,1
2010,731,2026-03-21 23:48:58.277983,Екатеринбург,processing,2,1568.85,470.655,2026-03,2026,1
1841,761,2026-03-21 23:48:58.277983,Красноярск,completed,5,24776.379999999997,7432.913999999999,2026-03,2026,1
2680,708,2026-03-21 23:48:58.280322,Нижний Новгород,completed,1,5089.69,1526.907,2026-03,2026,1
2626,465,2026-03-21 23:48:58.280322,Казань,processing,7,16815.03,5044.508999999999,2026-03,2026,1
2749,962,2026-03-21 23:48:58.280948,Красноярск,processing,1,12043.54,3613.0620000000004,2026-03,2026,1
3116,914,2026-03-21 23:48:58.280948,Ростов-на-Дону,completed,5,19492.16,5847.648,2026-03,2026,1
2842,466,2026-03-21 23:48:58.280948,Самара,completed,1,4093.78,1228.134,2026-03,2026,1
3662,657,2026-03-21 23:48:58.282485,Екатеринбург,processing,11,35275.07,10582.520999999999,2026-03,2026,1
3586,488,2026-03-21 23:48:58.282485,Красноярск,completed,7,38894.92,11668.475999999999,2026-03,2026,1
3656,815,2026-03-21 23:48:58.282485,Казань,cancelled,6,28902.44,8670.732,2026-03,2026,1
3848,100,2026-03-21 23:48:58.283920,Уфа,completed,13,48454.08,14536.224,2026-03,2026,1
4550,645,2026-03-21 23:48:58.284934,Санкт-Петербург,completed,1,7943.92,2383.176,2026-03,2026,1
4463,413,2026-03-21 23:48:58.284934,Красноярск,completed,11,35413.92,10624.176,2026-03,2026,1
4990,790,2026-03-21 23:48:58.285929,Нижний Новгород,completed,9,34171.57,10251.471,2026-03,2026,1
4798,286,2026-03-21 23:48:58.285929,Новосибирск,completed,7,56303.83,16891.149,2026-03,2026,1
382,654,2026-03-22 23:48:58.274623,Новосибирск,processing,11,31573.47,9472.041,2026-03,2026,1
828,229,2026-03-22 23:48:58.275959,Казань,processing,6,37761.49,11328.446999999998,2026-03,2026,1
1180,966,2026-03-22 23:48:58.276965,Уфа,cancelled,8,26689.190000000002,8006.7570000000005,2026-03,2026,1
2385,710,2026-03-22 23:48:58.279317,Новосибирск,completed,3,5115.0,1534.5,2026-03,2026,1
2373,608,2026-03-22 23:48:58.279317,Санкт-Петербург,cancelled,1,3286.8,986.04,2026-03,2026,1
2172,709,2026-03-22 23:48:58.279317,Самара,completed,10,29383.1,8814.929999999998,2026-03,2026,1
2607,831,2026-03-22 23:48:58.280322,Красноярск,completed,8,28628.32,8588.496,2026-03,2026,1
3346,443,2026-03-22 23:48:58.280948,Уфа,completed,3,4205.08,1261.524,2026-03,2026,1
2938,645,2026-03-22 23:48:58.280948,Санкт-Петербург,completed,3,10252.38,3075.7139999999995,2026-03,2026,1
3502,715,2026-03-22 23:48:58.282485,Новосибирск,cancelled,2,6489.51,1946.853,2026-03,2026,1
3452,56,2026-03-22 23:48:58.282485,Самара,completed,6,31458.39,9437.517,2026-03,2026,1
3614,765,2026-03-22 23:48:58.282485,Санкт-Петербург,cancelled,6,37936.45,11380.935,2026-03,2026,1
3802,165,2026-03-22 23:48:58.282485,Самара,completed,11,44284.06,13285.217999999999,2026-03,2026,1
3367,299,2026-03-22 23:48:58.282485,Санкт-Петербург,completed,10,24822.35,7446.704999999999,2026-03,2026,1
3430,872,2026-03-22 23:48:58.282485,Казань,completed,7,24541.979999999996,7362.593999999998,2026-03,2026,1
3960,154,2026-03-22 23:48:58.283920,Екатеринбург,cancelled,3,4551.86,1365.5579999999998,2026-03,2026,1
4128,80,2026-03-22 23:48:58.283920,Казань,processing,12,41033.44,12310.032000000001,2026-03,2026,1
4418,572,2026-03-22 23:48:58.284934,Уфа,completed,2,12822.95,3846.885,2026-03,2026,1
4496,297,2026-03-22 23:48:58.284934,Новосибирск,completed,7,32772.130000000005,9831.639000000001,2026-03,2026,1
4498,377,2026-03-22 23:48:58.284934,Новосибирск,completed,3,1765.38,529.614,2026-03,2026,1
4530,99,2026-03-22 23:48:58.284934,Санкт-Петербург,completed,9,31010.33,9303.099,2026-03,2026,1
4736,599,2026-03-22 23:48:58.285929,Самара,completed,3,8884.6,2665.38,2026-03,2026,1
736,446,2026-03-23 23:48:58.274623,Екатеринбург,completed,5,28466.08,8539.824,2026-03,2026,1
307,829,2026-03-23 23:48:58.274623,Нижний Новгород,completed,1,707.99,212.397,2026-03,2026,1
874,844,2026-03-23 23:48:58.275959,Уфа,cancelled,5,13945.220000000001,4183.566,2026-03,2026,1
972,524,2026-03-23 23:48:58.275959,Красноярск,completed,2,4494.68,1348.404,2026-03,2026,1
880,501,2026-03-23 23:48:58.275959,Екатеринбург,completed,4,13527.43,4058.229,2026-03,2026,1
1110,355,2026-03-23 23:48:58.275959,Казань,cancelled,3,25128.36,7538.508,2026-03,2026,1
1483,979,2026-03-23 23:48:58.276965,Самара,completed,10,25383.719999999998,7615.115999999999,2026-03,2026,1
1370,20,2026-03-23 23:48:58.276965,Нижний Новгород,completed,1,1102.18,330.654,2026-03,2026,1
1219,864,2026-03-23 23:48:58.276965,Ростов-на-Дону,completed,11,30813.15,9243.945,2026-03,2026,1
1271,405,2026-03-23 23:48:58.276965,Самара,completed,11,34287.45,10286.234999999999,2026-03,2026,1
1907,626,2026-03-23 23:48:58.277983,Казань,cancelled,3,10084.62,3025.386,2026-03,2026,1
1785,398,2026-03-23 23:48:58.277983,Уфа,completed,6,20500.04,6150.012,2026-03,2026,1
1779,597,2026-03-23 23:48:58.277983,Уфа,processing,10,43211.08,12963.324,2026-03,2026,1
1561,36,2026-03-23 23:48:58.277983,Ростов-на-Дону,completed,12,52819.130000000005,15845.739000000001,2026-03,2026,1
2070,217,2026-03-23 23:48:58.277983,Казань,completed,4,28135.940000000002,8440.782000000001,2026-03,2026,1
2098,760,2026-03-23 23:48:58.279317,Нижний Новгород,cancelled,12,42634.34,12790.301999999998,2026-03,2026,1
2128,244,2026-03-23 23:48:58.279317,Новосибирск,completed,5,36761.229999999996,11028.368999999999,2026-03,2026,1
2679,36,2026-03-23 23:48:58.280322,Ростов-на-Дону,completed,7,24021.28,7206.383999999999,2026-03,2026,1
2564,301,2026-03-23 23:48:58.280322,Красноярск,completed,9,14282.109999999999,4284.633,2026-03,2026,1
2952,647,2026-03-23 23:48:58.280948,Нижний Новгород,processing,3,25499.32,7649.795999999999,2026-03,2026,1
2783,913,2026-03-23 23:48:58.280948,Екатеринбург,processing,10,40023.33,12006.999,2026-03,2026,1
2837,117,2026-03-23 23:48:58.280948,Санкт-Петербург,completed,2,3544.78,1063.434,2026-03,2026,1
3259,810,2026-03-23 23:48:58.280948,Казань,processing,5,19731.21,5919.362999999999,2026-03,2026,1
3506,593,2026-03-23 23:48:58.282485,Самара,completed,7,22386.91,6716.072999999999,2026-03,2026,1
3578,494,2026-03-23 23:48:58.282485,Новосибирск,processing,8,16401.29,4920.387,2026-03,2026,1
3763,757,2026-03-23 23:48:58.282485,Санкт-Петербург,processing,5,36588.72,10976.616,2026-03,2026,1
4000,109,2026-03-23 23:48:58.283920,Нижний Новгород,processing,8,36969.64,11090.892,2026-03,2026,1
4393,794,2026-03-23 23:48:58.284934,Санкт-Петербург,processing,4,14680.970000000001,4404.291,2026-03,2026,1
4582,338,2026-03-23 23:48:58.284934,Москва,completed,7,36595.29,10978.587,2026-03,2026,1
4389,264,2026-03-23 23:48:58.284934,Новосибирск,completed,6,18002.03,5400.6089999999995,2026-03,2026,1
4835,254,2026-03-23 23:48:58.285929,Красноярск,completed,5,18612.870000000003,5583.861000000001,2026-03,2026,1
4646,54,2026-03-23 23:48:58.285929,Нижний Новгород,completed,5,23312.93,6993.879,2026-03,2026,1
413,578,2026-03-24 23:48:58.274623,Уфа,completed,1,13446.76,4034.028,2026-03,2026,1
680,683,2026-03-24 23:48:58.274623,Нижний Новгород,cancelled,3,941.99,282.597,2026-03,2026,1
724,2,2026-03-24 23:48:58.274623,Екатеринбург,completed,9,37472.380000000005,11241.714000000002,2026-03,2026,1
649,869,2026-03-24 23:48:58.274623,Санкт-Петербург,completed,6,24939.870000000003,7481.961,2026-03,2026,1
1136,485,2026-03-24 23:48:58.275959,Самара,completed,8,16406.48,4921.9439999999995,2026-03,2026,1
993,861,2026-03-24 23:48:58.275959,Новосибирск,processing,3,13739.24,4121.772,2026-03,2026,1
796,254,2026-03-24 23:48:58.275959,Красноярск,completed,2,5318.21,1595.463,2026-03,2026,1
1138,100,2026-03-24 23:48:58.275959,Уфа,completed,3,15570.45,4671.135,2026-03,2026,1
1160,397,2026-03-24 23:48:58.276965,Москва,processing,7,26098.87,7829.660999999999,2026-03,2026,1
1436,207,2026-03-24 23:48:58.276965,Москва,processing,8,27584.38,8275.314,2026-03,2026,1
1388,494,2026-03-24 23:48:58.276965,Новосибирск,completed,4,12508.470000000001,3752.541,2026-03,2026,1
1152,469,2026-03-24 23:48:58.276965,Самара,processing,5,18085.49,5425.647,2026-03,2026,1
1376,639,2026-03-24 23:48:58.276965,Нижний Новгород,processing,8,17959.28,5387.784,2026-03,2026,1
1659,65,2026-03-24 23:48:58.277983,Самара,processing,2,14721.109999999999,4416.333,2026-03,2026,1
1786,679,2026-03-24 23:48:58.277983,Санкт-Петербург,completed,5,24227.72,7268.316,2026-03,2026,1
1881,580,2026-03-24 23:48:58.277983,Екатеринбург,completed,10,29012.22,8703.666,2026-03,2026,1
2120,155,2026-03-24 23:48:58.279317,Самара,completed,12,32700.43,9810.128999999999,2026-03,2026,1
2166,385,2026-03-24 23:48:58.279317,Казань,cancelled,3,21577.89,6473.366999999999,2026-03,2026,1
2111,53,2026-03-24 23:48:58.279317,Новосибирск,completed,8,28839.59,8651.877,2026-03,2026,1
2598,472,2026-03-24 23:48:58.280322,Самара,completed,5,24673.71,7402.112999999999,2026-03,2026,1
2658,688,2026-03-24 23:48:58.280322,Москва,completed,11,31505.61,9451.682999999999,2026-03,2026,1
2497,34,2026-03-24 23:48:58.280322,Екатеринбург,processing,4,37480.45,11244.134999999998,2026-03,2026,1
3337,299,2026-03-24 23:48:58.280948,Санкт-Петербург,processing,5,5290.8,1587.24,2026-03,2026,1
2768,570,2026-03-24 23:48:58.280948,Самара,cancelled,9,47686.0,14305.8,2026-03,2026,1
3316,830,2026-03-24 23:48:58.280948,Санкт-Петербург,completed,5,13384.189999999999,4015.2569999999996,2026-03,2026,1
2795,609,2026-03-24 23:48:58.280948,Уфа,completed,11,42221.03,12666.309,2026-03,2026,1
3206,601,2026-03-24 23:48:58.280948,Москва,cancelled,8,39691.759999999995,11907.527999999998,2026-03,2026,1
2793,472,2026-03-24 23:48:58.280948,Самара,completed,1,13311.04,3993.312,2026-03,2026,1
3362,394,2026-03-24 23:48:58.282485,Красноярск,completed,3,5993.72,1798.116,2026-03,2026,1
3397,679,2026-03-24 23:48:58.282485,Санкт-Петербург,completed,5,13010.59,3903.1769999999997,2026-03,2026,1
3419,68,2026-03-24 23:48:58.282485,Казань,completed,3,6523.41,1957.023,2026-03,2026,1
3383,562,2026-03-24 23:48:58.282485,Уфа,completed,10,47368.97,14210.691,2026-03,2026,1
3795,450,2026-03-24 23:48:58.282485,Уфа,completed,1,9729.24,2918.772,2026-03,2026,1
3559,703,2026-03-24 23:48:58.282485,Красноярск,completed,7,26743.920000000002,8023.176,2026-03,2026,1
3688,434,2026-03-24 23:48:58.282485,Самара,completed,3,12272.97,3681.8909999999996,2026-03,2026,1
3580,175,2026-03-24 23:48:58.282485,Красноярск,cancelled,3,10403.26,3120.978,2026-03,2026,1
4155,292,2026-03-24 23:48:58.283920,Санкт-Петербург,cancelled,1,10496.79,3149.0370000000003,2026-03,2026,1
4174,901,2026-03-24 23:48:58.283920,Красноярск,completed,5,28969.44,8690.831999999999,2026-03,2026,1
4518,804,2026-03-24 23:48:58.284934,Казань,completed,5,13011.69,3903.507,2026-03,2026,1
4492,146,2026-03-24 23:48:58.284934,Уфа,completed,4,22050.12,6615.035999999999,2026-03,2026,1
4506,915,2026-03-24 23:48:58.284934,Нижний Новгород,processing,4,11097.92,3329.3759999999997,2026-03,2026,1
4489,450,2026-03-24 23:48:58.284934,Уфа,processing,3,6538.5,1961.55,2026-03,2026,1
4617,491,2026-03-24 23:48:58.285929,Новосибирск,completed,10,28846.07,8653.821,2026-03,2026,1
223,417,2026-03-25 23:48:58.273612,Самара,completed,5,21134.4,6340.320000000001,2026-03,2026,1
176,272,2026-03-25 23:48:58.273612,Ростов-на-Дону,processing,6,9765.29,2929.587,2026-03,2026,1
368,564,2026-03-25 23:48:58.274623,Санкт-Петербург,cancelled,12,49523.66,14857.098,2026-03,2026,1
703,823,2026-03-25 23:48:58.274623,Самара,completed,10,35258.61,10577.583,2026-03,2026,1
587,284,2026-03-25 23:48:58.274623,Нижний Новгород,completed,11,29453.19,8835.956999999999,2026-03,2026,1
556,518,2026-03-25 23:48:58.274623,Самара,completed,14,52562.2,15768.659999999998,2026-03,2026,1
615,96,2026-03-25 23:48:58.274623,Красноярск,completed,3,17001.04,5100.312,2026-03,2026,1
571,850,2026-03-25 23:48:58.274623,Москва,completed,3,4549.08,1364.724,2026-03,2026,1
620,440,2026-03-25 23:48:58.274623,Самара,completed,10,36185.44,10855.632,2026-03,2026,1
920,393,2026-03-25 23:48:58.275959,Екатеринбург,completed,6,21303.04,6390.912,2026-03,2026,1
1131,212,2026-03-25 23:48:58.275959,Екатеринбург,cancelled,12,27353.81,8206.143,2026-03,2026,1
862,966,2026-03-25 23:48:58.275959,Уфа,completed,6,16592.42,4977.726,2026-03,2026,1
978,268,2026-03-25 23:48:58.275959,Санкт-Петербург,cancelled,11,45400.38,13620.114,2026-03,2026,1
1125,510,2026-03-25 23:48:58.275959,Москва,completed,3,2707.01,812.1030000000001,2026-03,2026,1
1346,602,2026-03-25 23:48:58.276965,Казань,completed,8,37968.26,11390.478000000001,2026-03,2026,1
1321,484,2026-03-25 23:48:58.276965,Уфа,completed,9,32038.48,9611.544,2026-03,2026,1
1556,87,2026-03-25 23:48:58.276965,Новосибирск,completed,6,33181.66,9954.498000000001,2026-03,2026,1
1760,609,2026-03-25 23:48:58.277983,Уфа,completed,9,21509.86,6452.958,2026-03,2026,1
1731,766,2026-03-25 23:48:58.277983,Уфа,processing,2,2496.76,749.028,2026-03,2026,1
2445,128,2026-03-25 23:48:58.279317,Ростов-на-Дону,cancelled,3,11504.58,3451.374,2026-03,2026,1
3301,484,2026-03-25 23:48:58.280948,Уфа,processing,2,7972.23,2391.669,2026-03,2026,1
3089,297,2026-03-25 23:48:58.280948,Новосибирск,completed,3,14177.9,4253.37,2026-03,2026,1
3240,389,2026-03-25 23:48:58.280948,Ростов-на-Дону,completed,5,9243.650000000001,2773.0950000000003,2026-03,2026,1
3300,776,2026-03-25 23:48:58.280948,Самара,completed,8,34165.89,10249.767,2026-03,2026,1
3683,212,2026-03-25 23:48:58.282485,Екатеринбург,completed,6,38032.520000000004,11409.756000000001,2026-03,2026,1
3907,969,2026-03-25 23:48:58.283920,Красноярск,completed,4,15413.66,4624.098,2026-03,2026,1
3977,142,2026-03-25 23:48:58.283920,Самара,completed,2,19863.04,5958.912,2026-03,2026,1
4515,361,2026-03-25 23:48:58.284934,Самара,cancelled,11,47169.3,14150.79,2026-03,2026,1
4514,179,2026-03-25 23:48:58.284934,Екатеринбург,completed,6,33175.15,9952.545,2026-03,2026,1
4861,65,2026-03-25 23:48:58.285929,Самара,completed,9,33726.93,10118.079,2026-03,2026,1
4624,890,2026-03-25 23:48:58.285929,Екатеринбург,completed,6,32637.24,9791.172,2026-03,2026,1
115,272,2026-03-26 23:48:58.273612,Ростов-на-Дону,completed,6,16630.44,4989.132,2026-03,2026,1
224,489,2026-03-26 23:48:58.273612,Москва,completed,2,26839.239999999998,8051.771999999999,2026-03,2026,1
400,879,2026-03-26 23:48:58.274623,Красноярск,completed,3,20920.29,6276.087,2026-03,2026,1
617,681,2026-03-26 23:48:58.274623,Екатеринбург,completed,4,15263.23,4578.969,2026-03,2026,1
673,650,2026-03-26 23:48:58.274623,Ростов-на-Дону,cancelled,3,10799.81,3239.9429999999998,2026-03,2026,1
1043,729,2026-03-26 23:48:58.275959,Екатеринбург,completed,7,45997.0,13799.1,2026-03,2026,1
979,976,2026-03-26 23:48:58.275959,Самара,completed,2,11001.2,3300.36,2026-03,2026,1
1231,844,2026-03-26 23:48:58.276965,Уфа,completed,11,33362.04,10008.612,2026-03,2026,1
1340,41,2026-03-26 23:48:58.276965,Екатеринбург,completed,2,21974.64,6592.392,2026-03,2026,1
1530,666,2026-03-26 23:48:58.276965,Новосибирск,processing,3,8306.8,2492.0399999999995,2026-03,2026,1
1243,920,2026-03-26 23:48:58.276965,Ростов-на-Дону,completed,6,15764.63,4729.388999999999,2026-03,2026,1
1175,728,2026-03-26 23:48:58.276965,Красноярск,completed,11,54561.12,16368.336,2026-03,2026,1
1788,300,2026-03-26 23:48:58.277983,Ростов-на-Дону,completed,4,9512.070000000002,2853.6210000000005,2026-03,2026,1
1835,730,2026-03-26 23:48:58.277983,Казань,completed,5,11276.26,3382.878,2026-03,2026,1
1871,709,2026-03-26 23:48:58.277983,Самара,cancelled,1,12316.52,3694.956,2026-03,2026,1
2028,570,2026-03-26 23:48:58.277983,Самара,completed,4,17031.260000000002,5109.378000000001,2026-03,2026,1
1751,405,2026-03-26 23:48:58.277983,Самара,processing,2,15960.37,4788.111,2026-03,2026,1
2145,941,2026-03-26 23:48:58.279317,Казань,completed,7,34723.8,10417.140000000001,2026-03,2026,1
2344,117,2026-03-26 23:48:58.279317,Санкт-Петербург,completed,8,42769.75,12830.925,2026-03,2026,1
2706,731,2026-03-26 23:48:58.280322,Екатеринбург,completed,2,9274.39,2782.3169999999996,2026-03,2026,1
3147,690,2026-03-26 23:48:58.280948,Красноярск,completed,4,46796.9,14039.07,2026-03,2026,1
3114,84,2026-03-26 23:48:58.280948,Санкт-Петербург,cancelled,1,9011.68,2703.504,2026-03,2026,1
2963,909,2026-03-26 23:48:58.280948,Самара,completed,7,35271.729999999996,10581.518999999998,2026-03,2026,1
2979,775,2026-03-26 23:48:58.280948,Казань,completed,6,36411.56,10923.467999999999,2026-03,2026,1
2862,149,2026-03-26 23:48:58.280948,Ростов-на-Дону,completed,12,61139.369999999995,18341.810999999998,2026-03,2026,1
3497,60,2026-03-26 23:48:58.282485,Екатеринбург,completed,8,28475.08,8542.524,2026-03,2026,1
3649,528,2026-03-26 23:48:58.282485,Казань,completed,7,21665.989999999998,6499.797,2026-03,2026,1
3676,552,2026-03-26 23:48:58.282485,Самара,completed,10,33783.41,10135.023000000001,2026-03,2026,1
3642,201,2026-03-26 23:48:58.282485,Уфа,completed,1,940.08,282.024,2026-03,2026,1
4147,512,2026-03-26 23:48:58.283920,Красноярск,completed,1,12389.59,3716.877,2026-03,2026,1
4592,231,2026-03-26 23:48:58.284934,Казань,completed,10,31729.190000000002,9518.757,2026-03,2026,1
4765,691,2026-03-26 23:48:58.285929,Санкт-Петербург,completed,6,35871.06,10761.318,2026-03,2026,1
4918,983,2026-03-26 23:48:58.285929,Новосибирск,completed,6,19229.199999999997,5768.759999999999,2026-03,2026,1
4713,781,2026-03-26 23:48:58.285929,Казань,completed,1,2727.68,818.304,2026-03,2026,1
226,293,2026-03-27 23:48:58.273612,Новосибирск,completed,6,13329.22,3998.7659999999996,2026-03,2026,1
60,798,2026-03-27 23:48:58.273612,Новосибирск,completed,5,14182.76,4254.8279999999995,2026-03,2026,1
292,747,2026-03-27 23:48:58.273612,Москва,completed,2,15386.06,4615.817999999999,2026-03,2026,1
645,284,2026-03-27 23:48:58.274623,Нижний Новгород,completed,6,19574.03,5872.209,2026-03,2026,1
495,577,2026-03-27 23:48:58.274623,Ростов-на-Дону,cancelled,7,22975.18,6892.554,2026-03,2026,1
764,961,2026-03-27 23:48:58.274623,Нижний Новгород,completed,9,39206.14,11761.841999999999,2026-03,2026,1
338,339,2026-03-27 23:48:58.274623,Ростов-на-Дону,completed,1,10137.29,3041.1870000000004,2026-03,2026,1
973,575,2026-03-27 23:48:58.275959,Казань,processing,4,16633.66,4990.098,2026-03,2026,1
1284,423,2026-03-27 23:48:58.276965,Нижний Новгород,processing,7,29211.35,8763.404999999999,2026-03,2026,1
1204,727,2026-03-27 23:48:58.276965,Казань,completed,3,14579.96,4373.987999999999,2026-03,2026,1
1585,733,2026-03-27 23:48:58.277983,Москва,completed,5,16158.34,4847.5019999999995,2026-03,2026,1
1640,572,2026-03-27 23:48:58.277983,Уфа,completed,12,33836.2,10150.859999999999,2026-03,2026,1
1863,475,2026-03-27 23:48:58.277983,Красноярск,completed,6,29910.86,8973.258,2026-03,2026,1
2367,756,2026-03-27 23:48:58.279317,Красноярск,completed,4,14226.62,4267.986,2026-03,2026,1
2320,245,2026-03-27 23:48:58.279317,Нижний Новгород,completed,4,9293.089999999998,2787.926999999999,2026-03,2026,1
2648,433,2026-03-27 23:48:58.280322,Самара,completed,10,31034.49,9310.347,2026-03,2026,1
2678,22,2026-03-27 23:48:58.280322,Санкт-Петербург,processing,7,35964.95,10789.484999999999,2026-03,2026,1
3038,285,2026-03-27 23:48:58.280948,Самара,completed,6,15468.48,4640.544,2026-03,2026,1
3285,272,2026-03-27 23:48:58.280948,Ростов-на-Дону,completed,5,21551.559999999998,6465.467999999999,2026-03,2026,1
3261,398,2026-03-27 23:48:58.280948,Уфа,processing,9,28640.41,8592.123,2026-03,2026,1
2884,275,2026-03-27 23:48:58.280948,Ростов-на-Дону,completed,3,12756.41,3826.923,2026-03,2026,1
2807,292,2026-03-27 23:48:58.280948,Санкт-Петербург,cancelled,1,3898.99,1169.697,2026-03,2026,1
3108,137,2026-03-27 23:48:58.280948,Санкт-Петербург,completed,2,5575.73,1672.7189999999998,2026-03,2026,1
3925,931,2026-03-27 23:48:58.283920,Нижний Новгород,completed,7,47704.49,14311.347,2026-03,2026,1
4170,930,2026-03-27 23:48:58.283920,Уфа,cancelled,7,36915.270000000004,11074.581,2026-03,2026,1
3919,185,2026-03-27 23:48:58.283920,Санкт-Петербург,completed,8,31244.350000000002,9373.305,2026-03,2026,1
4505,35,2026-03-27 23:48:58.284934,Новосибирск,cancelled,3,12700.33,3810.0989999999997,2026-03,2026,1
4520,939,2026-03-27 23:48:58.284934,Самара,completed,3,12002.63,3600.7889999999998,2026-03,2026,1
4256,619,2026-03-27 23:48:58.284934,Екатеринбург,processing,1,14186.82,4256.045999999999,2026-03,2026,1
4964,602,2026-03-27 23:48:58.285929,Казань,completed,11,31916.34,9574.902,2026-03,2026,1
23,347,2026-03-28 23:48:58.273612,Уфа,completed,5,16396.64,4918.991999999999,2026-03,2026,1
119,297,2026-03-28 23:48:58.273612,Новосибирск,completed,3,16944.07,5083.221,2026-03,2026,1
114,47,2026-03-28 23:48:58.273612,Уфа,processing,5,21610.17,6483.0509999999995,2026-03,2026,1
327,965,2026-03-28 23:48:58.274623,Ростов-на-Дону,cancelled,10,34612.35,10383.705,2026-03,2026,1
370,990,2026-03-28 23:48:58.274623,Самара,cancelled,6,29503.61,8851.083,2026-03,2026,1
783,205,2026-03-28 23:48:58.275959,Екатеринбург,processing,5,17240.74,5172.222000000001,2026-03,2026,1
881,94,2026-03-28 23:48:58.275959,Екатеринбург,processing,7,32531.67,9759.500999999998,2026-03,2026,1
966,991,2026-03-28 23:48:58.275959,Казань,completed,8,22722.66,6816.798,2026-03,2026,1
1120,564,2026-03-28 23:48:58.275959,Санкт-Петербург,completed,3,13663.34,4099.0019999999995,2026-03,2026,1
1305,758,2026-03-28 23:48:58.276965,Екатеринбург,completed,8,41660.71,12498.213,2026-03,2026,1
1664,420,2026-03-28 23:48:58.277983,Москва,completed,5,20049.43,6014.829,2026-03,2026,1
1726,610,2026-03-28 23:48:58.277983,Нижний Новгород,completed,11,32888.19,9866.457,2026-03,2026,1
2079,141,2026-03-28 23:48:58.277983,Казань,completed,11,42475.82,12742.746,2026-03,2026,1
2182,629,2026-03-28 23:48:58.279317,Красноярск,completed,9,39895.26,11968.578,2026-03,2026,1
2701,455,2026-03-28 23:48:58.280322,Уфа,completed,6,25507.059999999998,7652.117999999999,2026-03,2026,1
2548,280,2026-03-28 23:48:58.280322,Москва,completed,10,36950.89,11085.267,2026-03,2026,1
2950,677,2026-03-28 23:48:58.280948,Ростов-на-Дону,completed,10,38286.55,11485.965,2026-03,2026,1
3288,560,2026-03-28 23:48:58.280948,Новосибирск,completed,2,8208.24,2462.4719999999998,2026-03,2026,1
3778,952,2026-03-28 23:48:58.282485,Казань,processing,10,37449.8,11234.94,2026-03,2026,1
3836,438,2026-03-28 23:48:58.282485,Новосибирск,completed,2,9052.04,2715.612,2026-03,2026,1
4013,903,2026-03-28 23:48:58.283920,Москва,completed,14,62068.0,18620.399999999998,2026-03,2026,1
4028,669,2026-03-28 23:48:58.283920,Екатеринбург,completed,6,28521.96,8556.588,2026-03,2026,1
4088,636,2026-03-28 23:48:58.283920,Самара,completed,3,11005.22,3301.566,2026-03,2026,1
3930,782,2026-03-28 23:48:58.283920,Москва,completed,8,19795.1,5938.53,2026-03,2026,1
4096,480,2026-03-28 23:48:58.283920,Санкт-Петербург,processing,8,40926.48,12277.944000000001,2026-03,2026,1
4183,632,2026-03-28 23:48:58.283920,Новосибирск,completed,3,22861.32,6858.396,2026-03,2026,1
4556,981,2026-03-28 23:48:58.284934,Москва,processing,6,21656.91,6497.072999999999,2026-03,2026,1
4902,112,2026-03-28 23:48:58.285929,Новосибирск,completed,9,25190.54,7557.162,2026-03,2026,1
54,688,2026-03-29 23:48:58.273612,Москва,completed,11,28355.0,8506.5,2026-03,2026,1
117,633,2026-03-29 23:48:58.273612,Екатеринбург,completed,1,8331.11,2499.333,2026-03,2026,1
655,512,2026-03-29 23:48:58.274623,Красноярск,processing,9,37542.16,11262.648000000001,2026-03,2026,1
403,58,2026-03-29 23:48:58.274623,Новосибирск,completed,1,9534.34,2860.302,2026-03,2026,1
534,541,2026-03-29 23:48:58.274623,Уфа,completed,4,18478.34,5543.5019999999995,2026-03,2026,1
667,85,2026-03-29 23:48:58.274623,Екатеринбург,processing,4,16049.24,4814.772,2026-03,2026,1
841,687,2026-03-29 23:48:58.275959,Новосибирск,cancelled,3,17763.77,5329.131,2026-03,2026,1
877,175,2026-03-29 23:48:58.275959,Красноярск,completed,1,13851.24,4155.371999999999,2026-03,2026,1
990,548,2026-03-29 23:48:58.275959,Ростов-на-Дону,completed,2,6272.56,1881.768,2026-03,2026,1
1044,385,2026-03-29 23:48:58.275959,Казань,completed,11,20429.559999999998,6128.8679999999995,2026-03,2026,1
1938,12,2026-03-29 23:48:58.277983,Уфа,completed,7,44475.8,13342.74,2026-03,2026,1
1825,454,2026-03-29 23:48:58.277983,Красноярск,cancelled,6,24993.879999999997,7498.163999999999,2026-03,2026,1
1569,537,2026-03-29 23:48:58.277983,Санкт-Петербург,cancelled,3,11946.79,3584.0370000000003,2026-03,2026,1
1937,826,2026-03-29 23:48:58.277983,Ростов-на-Дону,completed,6,31134.67,9340.401,2026-03,2026,1
1594,114,2026-03-29 23:48:58.277983,Красноярск,completed,8,17560.83,5268.249000000001,2026-03,2026,1
1678,821,2026-03-29 23:48:58.277983,Красноярск,completed,6,19797.08,5939.124000000001,2026-03,2026,1
1655,1,2026-03-29 23:48:58.277983,Санкт-Петербург,processing,5,15375.32,4612.596,2026-03,2026,1
2129,744,2026-03-29 23:48:58.279317,Красноярск,completed,11,22563.620000000003,6769.086,2026-03,2026,1
2255,147,2026-03-29 23:48:58.279317,Санкт-Петербург,completed,9,30221.64,9066.492,2026-03,2026,1
2188,669,2026-03-29 23:48:58.279317,Екатеринбург,completed,4,14725.98,4417.794,2026-03,2026,1
2301,161,2026-03-29 23:48:58.279317,Красноярск,processing,2,6450.2,1935.06,2026-03,2026,1
2464,543,2026-03-29 23:48:58.279317,Нижний Новгород,completed,10,37682.9,11304.87,2026-03,2026,1
2631,960,2026-03-29 23:48:58.280322,Самара,processing,7,29814.75,8944.425,2026-03,2026,1
2682,317,2026-03-29 23:48:58.280322,Уфа,cancelled,3,10989.84,3296.9519999999998,2026-03,2026,1
3194,130,2026-03-29 23:48:58.280948,Ростов-на-Дону,processing,4,17851.05,5355.315,2026-03,2026,1
3741,941,2026-03-29 23:48:58.282485,Казань,completed,5,13031.54,3909.462,2026-03,2026,1
3720,338,2026-03-29 23:48:58.282485,Москва,completed,13,40102.42,12030.725999999999,2026-03,2026,1
4106,150,2026-03-29 23:48:58.283920,Самара,completed,9,27130.65,8139.195,2026-03,2026,1
4208,24,2026-03-29 23:48:58.284934,Екатеринбург,processing,5,20896.59,6268.977,2026-03,2026,1
105,202,2026-03-30 23:48:58.273612,Екатеринбург,processing,5,16997.260000000002,5099.178000000001,2026-03,2026,1
15,45,2026-03-30 23:48:58.273612,Самара,completed,6,27223.43,8167.0289999999995,2026-03,2026,1
722,355,2026-03-30 23:48:58.274623,Казань,cancelled,10,37054.479999999996,11116.344,2026-03,2026,1
594,78,2026-03-30 23:48:58.274623,Нижний Новгород,completed,13,49311.3,14793.39,2026-03,2026,1
436,803,2026-03-30 23:48:58.274623,Екатеринбург,completed,7,30504.62,9151.385999999999,2026-03,2026,1
1004,55,2026-03-30 23:48:58.275959,Самара,processing,9,38324.89,11497.466999999999,2026-03,2026,1
948,407,2026-03-30 23:48:58.275959,Казань,completed,12,35079.880000000005,10523.964000000002,2026-03,2026,1
1140,850,2026-03-30 23:48:58.275959,Москва,completed,2,13192.92,3957.8759999999997,2026-03,2026,1
1203,934,2026-03-30 23:48:58.276965,Ростов-на-Дону,cancelled,5,48380.35,14514.105,2026-03,2026,1
1150,949,2026-03-30 23:48:58.276965,Казань,cancelled,5,5776.09,1732.827,2026-03,2026,1
1275,984,2026-03-30 23:48:58.276965,Санкт-Петербург,completed,5,13209.26,3962.778,2026-03,2026,1
1425,399,2026-03-30 23:48:58.276965,Нижний Новгород,completed,11,39516.91,11855.073,2026-03,2026,1
1701,783,2026-03-30 23:48:58.277983,Уфа,completed,5,22308.19,6692.456999999999,2026-03,2026,1
2050,925,2026-03-30 23:48:58.277983,Казань,completed,1,12036.5,3610.95,2026-03,2026,1
2444,855,2026-03-30 23:48:58.279317,Санкт-Петербург,completed,8,14206.08,4261.824,2026-03,2026,1
2462,430,2026-03-30 23:48:58.279317,Ростов-на-Дону,completed,6,34894.63,10468.389,2026-03,2026,1
2610,509,2026-03-30 23:48:58.280322,Казань,completed,3,7760.570000000001,2328.1710000000003,2026-03,2026,1
3083,86,2026-03-30 23:48:58.280948,Уфа,processing,8,44314.15,13294.245,2026-03,2026,1
2971,776,2026-03-30 23:48:58.280948,Самара,completed,3,3887.4300000000003,1166.229,2026-03,2026,1
3535,890,2026-03-30 23:48:58.282485,Екатеринбург,completed,7,22464.51,6739.352999999999,2026-03,2026,1
3826,645,2026-03-30 23:48:58.282485,Санкт-Петербург,completed,7,37399.67,11219.901,2026-03,2026,1
3710,276,2026-03-30 23:48:58.282485,Ростов-на-Дону,cancelled,8,29846.120000000003,8953.836000000001,2026-03,2026,1
3833,717,2026-03-30 23:48:58.282485,Новосибирск,completed,8,37423.72,11227.116,2026-03,2026,1
3976,617,2026-03-30 23:48:58.283920,Санкт-Петербург,completed,3,11321.23,3396.3689999999997,2026-03,2026,1
4163,103,2026-03-30 23:48:58.283920,Казань,completed,8,21664.43,6499.329,2026-03,2026,1
4983,969,2026-03-30 23:48:58.285929,Красноярск,completed,5,19137.29,5741.187,2026-03,2026,1
4817,204,2026-03-30 23:48:58.285929,Нижний Новгород,completed,7,35715.03,10714.509,2026-03,2026,1
4810,972,2026-03-30 23:48:58.285929,Уфа,cancelled,4,10471.88,3141.564,2026-03,2026,1
378,141,2026-03-31 23:48:58.274623,Казань,completed,3,16965.28,5089.584,2026-03,2026,1
784,256,2026-03-31 23:48:58.275959,Нижний Новгород,processing,9,25968.76,7790.627999999999,2026-03,2026,1
1523,860,2026-03-31 23:48:58.276965,Ростов-на-Дону,completed,6,44258.27,13277.480999999998,2026-03,2026,1
1516,915,2026-03-31 23:48:58.276965,Нижний Новгород,processing,3,20125.12,6037.535999999999,2026-03,2026,1
1364,138,2026-03-31 23:48:58.276965,Новосибирск,processing,3,5414.9,1624.4699999999998,2026-03,2026,1
1535,475,2026-03-31 23:48:58.276965,Красноярск,completed,9,33743.44,10123.032000000001,2026-03,2026,1
1929,747,2026-03-31 23:48:58.277983,Москва,completed,5,19866.71,5960.013,2026-03,2026,1
1567,468,2026-03-31 23:48:58.277983,Екатеринбург,cancelled,10,48272.36,14481.708,2026-03,2026,1
1921,586,2026-03-31 23:48:58.277983,Уфа,processing,4,15461.77,4638.531,2026-03,2026,1
1733,797,2026-03-31 23:48:58.277983,Екатеринбург,completed,7,17108.21,5132.463,2026-03,2026,1
2201,57,2026-03-31 23:48:58.279317,Екатеринбург,cancelled,1,5741.66,1722.4979999999998,2026-03,2026,1
2293,199,2026-03-31 23:48:58.279317,Екатеринбург,completed,3,27184.53,8155.3589999999995,2026-03,2026,1
2109,63,2026-03-31 23:48:58.279317,Нижний Новгород,completed,2,11561.49,3468.4469999999997,2026-03,2026,1
2925,172,2026-03-31 23:48:58.280948,Санкт-Петербург,completed,2,25618.23,7685.468999999999,2026-03,2026,1
3093,360,2026-03-31 23:48:58.280948,Ростов-на-Дону,completed,9,31902.67,9570.801,2026-03,2026,1
3230,200,2026-03-31 23:48:58.280948,Санкт-Петербург,processing,7,25075.21,7522.562999999999,2026-03,2026,1
2823,540,2026-03-31 23:48:58.280948,Ростов-на-Дону,cancelled,10,53734.59,16120.376999999999,2026-03,2026,1
3776,3,2026-03-31 23:48:58.282485,Новосибирск,processing,3,3638.6,1091.58,2026-03,2026,1
3426,333,2026-03-31 23:48:58.282485,Казань,cancelled,3,11479.61,3443.8830000000003,2026-03,2026,1
3709,73,2026-03-31 23:48:58.282485,Екатеринбург,cancelled,7,21034.35,6310.304999999999,2026-03,2026,1
3912,596,2026-03-31 23:48:58.283920,Москва,completed,5,11058.43,3317.529,2026-03,2026,1
3868,460,2026-03-31 23:48:58.283920,Москва,cancelled,10,34415.67,10324.701,2026-03,2026,1
4190,122,2026-03-31 23:48:58.283920,Екатеринбург,processing,7,29912.35,8973.705,2026-03,2026,1
3896,356,2026-03-31 23:48:58.283920,Уфа,processing,11,48364.7,14509.409999999998,2026-03,2026,1
4252,920,2026-03-31 23:48:58.284934,Ростов-на-Дону,completed,6,24196.72,7259.0160000000005,2026-03,2026,1
4223,581,2026-03-31 23:48:58.284934,Красноярск,processing,12,48945.78,14683.733999999999,2026-03,2026,1
4201,650,2026-03-31 23:48:58.284934,Ростов-на-Дону,completed,9,27198.379999999997,8159.513999999999,2026-03,2026,1
4830,816,2026-03-31 23:48:58.285929,Екатеринбург,completed,2,6642.69,1992.8069999999998,2026-03,2026,1
4683,233,2026-03-31 23:48:58.285929,Нижний Новгород,completed,6,21541.17,6462.351,2026-03,2026,1
4741,507,2026-03-31 23:48:58.285929,Новосибирск,completed,9,24657.02,7397.106,2026-03,2026,1
4803,465,2026-03-31 23:48:58.285929,Казань,cancelled,14,54530.95,16359.284999999998,2026-03,2026,1
19,673,2026-04-01 23:48:58.273612,Нижний Новгород,completed,3,15949.74,4784.922,2026-04,2026,2
118,510,2026-04-01 23:48:58.273612,Москва,processing,2,13962.75,4188.825,2026-04,2026,2
609,102,2026-04-01 23:48:58.274623,Самара,completed,2,18653.879999999997,5596.163999999999,2026-04,2026,2
906,843,2026-04-01 23:48:58.275959,Казань,completed,5,9055.369999999999,2716.6109999999994,2026-04,2026,2
1026,5,2026-04-01 23:48:58.275959,Уфа,cancelled,8,10472.369999999999,3141.711,2026-04,2026,2
1247,8,2026-04-01 23:48:58.276965,Санкт-Петербург,completed,6,23207.96,6962.388,2026-04,2026,2
1314,270,2026-04-01 23:48:58.276965,Екатеринбург,completed,8,20656.510000000002,6196.953,2026-04,2026,2
1218,53,2026-04-01 23:48:58.276965,Новосибирск,processing,2,10918.63,3275.5889999999995,2026-04,2026,2
1950,160,2026-04-01 23:48:58.277983,Новосибирск,completed,2,9488.73,2846.6189999999997,2026-04,2026,2
1960,385,2026-04-01 23:48:58.277983,Казань,processing,7,23633.11,7089.933,2026-04,2026,2
1808,628,2026-04-01 23:48:58.277983,Красноярск,cancelled,2,12833.87,3850.161,2026-04,2026,2
1898,635,2026-04-01 23:48:58.277983,Москва,processing,8,18779.850000000002,5633.955000000001,2026-04,2026,2
1799,364,2026-04-01 23:48:58.277983,Новосибирск,completed,6,23686.949999999997,7106.084999999999,2026-04,2026,2
1635,954,2026-04-01 23:48:58.277983,Ростов-на-Дону,completed,10,44496.44,13348.932,2026-04,2026,2
1933,477,2026-04-01 23:48:58.277983,Казань,completed,5,15139.59,4541.8769999999995,2026-04,2026,2
2363,975,2026-04-01 23:48:58.279317,Казань,completed,2,9312.84,2793.852,2026-04,2026,2
2717,627,2026-04-01 23:48:58.280322,Казань,completed,8,38613.85,11584.154999999999,2026-04,2026,2
2588,784,2026-04-01 23:48:58.280322,Нижний Новгород,completed,5,16238.05,4871.415,2026-04,2026,2
2984,916,2026-04-01 23:48:58.280948,Красноярск,cancelled,7,35196.28,10558.884,2026-04,2026,2
2863,447,2026-04-01 23:48:58.280948,Новосибирск,processing,10,40146.23,12043.869,2026-04,2026,2
2977,266,2026-04-01 23:48:58.280948,Нижний Новгород,processing,2,5363.16,1608.9479999999999,2026-04,2026,2
3164,607,2026-04-01 23:48:58.280948,Ростов-на-Дону,completed,1,14513.89,4354.1669999999995,2026-04,2026,2
2794,465,2026-04-01 23:48:58.280948,Казань,completed,4,20451.620000000003,6135.486000000001,2026-04,2026,2
3411,576,2026-04-01 23:48:58.282485,Екатеринбург,completed,8,39144.19,11743.257,2026-04,2026,2
3366,904,2026-04-01 23:48:58.282485,Санкт-Петербург,processing,2,10342.93,3102.879,2026-04,2026,2
4067,581,2026-04-01 23:48:58.283920,Красноярск,completed,1,1070.65,321.195,2026-04,2026,2
3908,891,2026-04-01 23:48:58.283920,Самара,cancelled,4,16765.29,5029.587,2026-04,2026,2
4446,950,2026-04-01 23:48:58.284934,Казань,completed,5,19202.559999999998,5760.767999999999,2026-04,2026,2
4562,438,2026-04-01 23:48:58.284934,Новосибирск,completed,7,33928.340000000004,10178.502,2026-04,2026,2
4217,983,2026-04-01 23:48:58.284934,Новосибирск,completed,3,12450.09,3735.027,2026-04,2026,2
4404,899,2026-04-01 23:48:58.284934,Красноярск,cancelled,10,22705.09,6811.527,2026-04,2026,2
4854,212,2026-04-01 23:48:58.285929,Екатеринбург,completed,5,14828.48,4448.544,2026-04,2026,2
4809,677,2026-04-01 23:48:58.285929,Ростов-на-Дону,completed,4,10624.22,3187.2659999999996,2026-04,2026,2
4953,354,2026-04-01 23:48:58.285929,Казань,completed,8,41840.97,12552.291,2026-04,2026,2
4928,175,2026-04-01 23:48:58.285929,Красноярск,processing,5,15079.16,4523.748,2026-04,2026,2
154,287,2026-04-02 23:48:58.273612,Самара,cancelled,5,18564.41,5569.322999999999,2026-04,2026,2
2,655,2026-04-02 23:48:58.273612,Нижний Новгород,completed,2,14959.86,4487.958,2026-04,2026,2
716,758,2026-04-02 23:48:58.274623,Екатеринбург,completed,4,10797.14,3239.142,2026-04,2026,2
970,534,2026-04-02 23:48:58.275959,Самара,completed,5,10224.79,3067.4370000000004,2026-04,2026,2
1234,629,2026-04-02 23:48:58.276965,Красноярск,completed,10,21670.079999999998,6501.023999999999,2026-04,2026,2
1993,16,2026-04-02 23:48:58.277983,Казань,processing,9,21504.78,6451.433999999999,2026-04,2026,2
1888,4,2026-04-02 23:48:58.277983,Санкт-Петербург,completed,3,9233.6,2770.08,2026-04,2026,2
1596,718,2026-04-02 23:48:58.277983,Красноярск,completed,5,19706.4,5911.92,2026-04,2026,2
1776,495,2026-04-02 23:48:58.277983,Уфа,cancelled,1,6788.67,2036.6009999999999,2026-04,2026,2
2112,829,2026-04-02 23:48:58.279317,Нижний Новгород,completed,11,32892.85,9867.855,2026-04,2026,2
2625,258,2026-04-02 23:48:58.280322,Санкт-Петербург,processing,11,30286.72,9086.016,2026-04,2026,2
3033,820,2026-04-02 23:48:58.280948,Казань,cancelled,9,22188.06,6656.418000000001,2026-04,2026,2
3222,478,2026-04-02 23:48:58.280948,Красноярск,completed,6,31352.68,9405.804,2026-04,2026,2
2886,507,2026-04-02 23:48:58.280948,Новосибирск,cancelled,5,20238.39,6071.517,2026-04,2026,2
3702,132,2026-04-02 23:48:58.282485,Самара,completed,2,8916.92,2675.076,2026-04,2026,2
3534,642,2026-04-02 23:48:58.282485,Екатеринбург,completed,6,24306.07,7291.821,2026-04,2026,2
3420,666,2026-04-02 23:48:58.282485,Новосибирск,completed,3,16692.46,5007.737999999999,2026-04,2026,2
3961,309,2026-04-02 23:48:58.283920,Уфа,completed,5,18969.53,5690.8589999999995,2026-04,2026,2
4084,866,2026-04-02 23:48:58.283920,Нижний Новгород,completed,6,29003.34,8701.002,2026-04,2026,2
4162,509,2026-04-02 23:48:58.283920,Казань,processing,9,52577.59,15773.276999999998,2026-04,2026,2
4652,744,2026-04-02 23:48:58.285929,Красноярск,completed,4,3936.8900000000003,1181.067,2026-04,2026,2
4629,974,2026-04-02 23:48:58.285929,Екатеринбург,completed,3,25002.629999999997,7500.788999999999,2026-04,2026,2
180,739,2026-04-03 23:48:58.273612,Ростов-на-Дону,completed,3,7616.74,2285.022,2026-04,2026,2
463,862,2026-04-03 23:48:58.274623,Красноярск,completed,1,11300.76,3390.228,2026-04,2026,2
432,791,2026-04-03 23:48:58.274623,Красноярск,completed,8,37418.700000000004,11225.61,2026-04,2026,2
1135,574,2026-04-03 23:48:58.275959,Красноярск,processing,1,9995.53,2998.659,2026-04,2026,2
1129,987,2026-04-03 23:48:58.275959,Нижний Новгород,cancelled,3,3564.57,1069.371,2026-04,2026,2
900,694,2026-04-03 23:48:58.275959,Ростов-на-Дону,completed,3,13069.72,3920.9159999999997,2026-04,2026,2
1005,595,2026-04-03 23:48:58.275959,Казань,completed,2,11203.52,3361.056,2026-04,2026,2
1059,737,2026-04-03 23:48:58.275959,Казань,completed,8,22790.98,6837.294,2026-04,2026,2
1264,657,2026-04-03 23:48:58.276965,Екатеринбург,completed,6,34945.29,10483.587,2026-04,2026,2
1486,381,2026-04-03 23:48:58.276965,Екатеринбург,completed,10,35206.56,10561.967999999999,2026-04,2026,2
1555,269,2026-04-03 23:48:58.276965,Екатеринбург,completed,3,39939.479999999996,11981.844,2026-04,2026,2
1634,703,2026-04-03 23:48:58.277983,Красноярск,completed,9,31492.62,9447.786,2026-04,2026,2
1768,972,2026-04-03 23:48:58.277983,Уфа,completed,4,6859.17,2057.7509999999997,2026-04,2026,2
2334,83,2026-04-03 23:48:58.279317,Казань,completed,3,11153.64,3346.0919999999996,2026-04,2026,2
2227,929,2026-04-03 23:48:58.279317,Санкт-Петербург,completed,5,26485.79,7945.737,2026-04,2026,2
2354,463,2026-04-03 23:48:58.279317,Москва,completed,10,58925.04,17677.512,2026-04,2026,2
2721,411,2026-04-03 23:48:58.280322,Самара,completed,2,6318.39,1895.517,2026-04,2026,2
3196,493,2026-04-03 23:48:58.280948,Санкт-Петербург,completed,3,17138.2,5141.46,2026-04,2026,2
3044,979,2026-04-03 23:48:58.280948,Самара,processing,7,31961.899999999998,9588.57,2026-04,2026,2
2961,808,2026-04-03 23:48:58.280948,Красноярск,cancelled,5,30470.52,9141.155999999999,2026-04,2026,2
3186,902,2026-04-03 23:48:58.280948,Уфа,processing,4,12769.0,3830.7,2026-04,2026,2
3780,914,2026-04-03 23:48:58.282485,Ростов-на-Дону,completed,6,15152.58,4545.773999999999,2026-04,2026,2
4197,29,2026-04-03 23:48:58.284934,Екатеринбург,cancelled,3,6269.49,1880.8469999999998,2026-04,2026,2
4527,599,2026-04-03 23:48:58.284934,Самара,completed,1,9753.71,2926.113,2026-04,2026,2
4460,131,2026-04-03 23:48:58.284934,Ростов-на-Дону,processing,4,18632.690000000002,5589.807000000001,2026-04,2026,2
4295,961,2026-04-03 23:48:58.284934,Нижний Новгород,completed,9,40503.119999999995,12150.935999999998,2026-04,2026,2
4684,151,2026-04-03 23:48:58.285929,Ростов-на-Дону,cancelled,7,29243.35,8773.005,2026-04,2026,2
107,311,2026-04-04 23:48:58.273612,Новосибирск,processing,5,22245.79,6673.737,2026-04,2026,2
668,551,2026-04-04 23:48:58.274623,Самара,completed,2,13987.69,4196.307,2026-04,2026,2
525,30,2026-04-04 23:48:58.274623,Красноярск,completed,8,10018.61,3005.583,2026-04,2026,2
425,620,2026-04-04 23:48:58.274623,Москва,processing,3,2961.01,888.303,2026-04,2026,2
827,911,2026-04-04 23:48:58.275959,Красноярск,completed,6,25328.54,7598.562,2026-04,2026,2
860,609,2026-04-04 23:48:58.275959,Уфа,completed,4,16355.509999999998,4906.652999999999,2026-04,2026,2
777,36,2026-04-04 23:48:58.275959,Ростов-на-Дону,processing,3,5843.88,1753.164,2026-04,2026,2
1534,391,2026-04-04 23:48:58.276965,Красноярск,completed,4,32933.47,9880.041,2026-04,2026,2
1286,227,2026-04-04 23:48:58.276965,Уфа,completed,1,11680.91,3504.2729999999997,2026-04,2026,2
1328,245,2026-04-04 23:48:58.276965,Нижний Новгород,cancelled,5,2369.98,710.994,2026-04,2026,2
1299,337,2026-04-04 23:48:58.276965,Самара,cancelled,11,31228.76,9368.627999999999,2026-04,2026,2
1385,488,2026-04-04 23:48:58.276965,Красноярск,processing,2,1986.96,596.088,2026-04,2026,2
2017,882,2026-04-04 23:48:58.277983,Красноярск,completed,5,2627.8199999999997,788.3459999999999,2026-04,2026,2
2008,457,2026-04-04 23:48:58.277983,Новосибирск,completed,11,23774.45,7132.335,2026-04,2026,2
1762,359,2026-04-04 23:48:58.277983,Москва,completed,4,25891.88,7767.564,2026-04,2026,2
2116,136,2026-04-04 23:48:58.279317,Нижний Новгород,completed,1,4308.01,1292.403,2026-04,2026,2
2275,343,2026-04-04 23:48:58.279317,Самара,completed,9,28291.3,8487.39,2026-04,2026,2
2632,829,2026-04-04 23:48:58.280322,Нижний Новгород,completed,10,39648.2,11894.46,2026-04,2026,2
2608,171,2026-04-04 23:48:58.280322,Новосибирск,completed,7,44428.2,13328.46,2026-04,2026,2
3126,93,2026-04-04 23:48:58.280948,Санкт-Петербург,cancelled,8,23191.9,6957.570000000001,2026-04,2026,2
3144,546,2026-04-04 23:48:58.280948,Москва,completed,6,24459.7,7337.91,2026-04,2026,2
2854,833,2026-04-04 23:48:58.280948,Екатеринбург,completed,5,17525.4,5257.62,2026-04,2026,2
3830,19,2026-04-04 23:48:58.282485,Новосибирск,completed,11,54109.5,16232.849999999999,2026-04,2026,2
3954,79,2026-04-04 23:48:58.283920,Екатеринбург,completed,3,13445.03,4033.509,2026-04,2026,2
4226,496,2026-04-04 23:48:58.284934,Казань,processing,7,24190.64,7257.192,2026-04,2026,2
4755,624,2026-04-04 23:48:58.285929,Новосибирск,completed,9,23958.949999999997,7187.684999999999,2026-04,2026,2
4777,901,2026-04-04 23:48:58.285929,Красноярск,completed,3,27518.16,8255.448,2026-04,2026,2
4967,893,2026-04-04 23:48:58.285929,Екатеринбург,cancelled,6,9653.46,2896.0379999999996,2026-04,2026,2
4908,413,2026-04-04 23:48:58.285929,Красноярск,completed,6,23263.94,6979.182,2026-04,2026,2
4855,971,2026-04-04 23:48:58.285929,Самара,processing,8,38299.08,11489.724,2026-04,2026,2
4938,210,2026-04-04 23:48:58.285929,Нижний Новгород,cancelled,11,26070.57,7821.170999999999,2026-04,2026,2
4604,919,2026-04-04 23:48:58.285929,Уфа,completed,5,15802.220000000001,4740.666,2026-04,2026,2
165,336,2026-04-05 23:48:58.273612,Нижний Новгород,completed,7,39273.0,11781.9,2026-04,2026,2
89,133,2026-04-05 23:48:58.273612,Москва,completed,13,44634.14,13390.242,2026-04,2026,2
244,180,2026-04-05 23:48:58.273612,Нижний Новгород,cancelled,11,28793.44,8638.032,2026-04,2026,2
187,794,2026-04-05 23:48:58.273612,Санкт-Петербург,completed,6,13568.21,4070.4629999999997,2026-04,2026,2
576,360,2026-04-05 23:48:58.274623,Ростов-на-Дону,cancelled,2,829.66,248.89799999999997,2026-04,2026,2
494,663,2026-04-05 23:48:58.274623,Казань,completed,7,34986.1,10495.83,2026-04,2026,2
634,9,2026-04-05 23:48:58.274623,Новосибирск,cancelled,1,9295.4,2788.62,2026-04,2026,2
1145,261,2026-04-05 23:48:58.275959,Ростов-на-Дону,completed,2,14637.02,4391.106,2026-04,2026,2
835,944,2026-04-05 23:48:58.275959,Уфа,completed,8,35896.14,10768.841999999999,2026-04,2026,2
1538,647,2026-04-05 23:48:58.276965,Нижний Новгород,processing,6,33780.22,10134.066,2026-04,2026,2
1500,371,2026-04-05 23:48:58.276965,Нижний Новгород,completed,9,45820.98,13746.294,2026-04,2026,2
1503,982,2026-04-05 23:48:58.276965,Уфа,completed,3,12163.67,3649.101,2026-04,2026,2
1828,27,2026-04-05 23:48:58.277983,Санкт-Петербург,processing,2,11071.1,3321.33,2026-04,2026,2
1861,302,2026-04-05 23:48:58.277983,Ростов-на-Дону,completed,7,23897.01,7169.102999999999,2026-04,2026,2
1589,783,2026-04-05 23:48:58.277983,Уфа,cancelled,2,3319.54,995.862,2026-04,2026,2
2096,536,2026-04-05 23:48:58.279317,Нижний Новгород,completed,6,15997.33,4799.199,2026-04,2026,2
2290,222,2026-04-05 23:48:58.279317,Екатеринбург,completed,7,20098.65,6029.595,2026-04,2026,2
2332,715,2026-04-05 23:48:58.279317,Новосибирск,processing,3,20961.41,6288.423,2026-04,2026,2
3177,309,2026-04-05 23:48:58.280948,Уфа,cancelled,5,24020.71,7206.213,2026-04,2026,2
2922,801,2026-04-05 23:48:58.280948,Уфа,processing,7,12307.88,3692.3639999999996,2026-04,2026,2
3900,920,2026-04-05 23:48:58.283920,Ростов-на-Дону,completed,11,41689.26,12506.778,2026-04,2026,2
4587,758,2026-04-05 23:48:58.284934,Екатеринбург,completed,6,25959.98,7787.994,2026-04,2026,2
4291,506,2026-04-05 23:48:58.284934,Санкт-Петербург,completed,3,6032.69,1809.8069999999998,2026-04,2026,2
4488,267,2026-04-05 23:48:58.284934,Нижний Новгород,cancelled,6,28542.89,8562.867,2026-04,2026,2
4411,352,2026-04-05 23:48:58.284934,Ростов-на-Дону,completed,9,26062.77,7818.831,2026-04,2026,2
4679,919,2026-04-05 23:48:58.285929,Уфа,processing,5,8629.05,2588.7149999999997,2026-04,2026,2
4821,572,2026-04-05 23:48:58.285929,Уфа,completed,5,25200.059999999998,7560.017999999999,2026-04,2026,2
125,349,2026-04-06 23:48:58.273612,Самара,completed,2,14213.11,4263.933,2026-04,2026,2
57,147,2026-04-06 23:48:58.273612,Санкт-Петербург,cancelled,8,38666.93,11600.079,2026-04,2026,2
647,615,2026-04-06 23:48:58.274623,Санкт-Петербург,completed,10,43885.57,13165.671,2026-04,2026,2
921,586,2026-04-06 23:48:58.275959,Уфа,completed,7,12760.31,3828.093,2026-04,2026,2
1451,232,2026-04-06 23:48:58.276965,Москва,completed,13,45359.88,13607.963999999998,2026-04,2026,2
1372,460,2026-04-06 23:48:58.276965,Москва,completed,3,9022.64,2706.792,2026-04,2026,2
1311,662,2026-04-06 23:48:58.276965,Красноярск,completed,5,17752.25,5325.675,2026-04,2026,2
1829,274,2026-04-06 23:48:58.277983,Казань,processing,3,16498.67,4949.601,2026-04,2026,2
2409,57,2026-04-06 23:48:58.279317,Екатеринбург,cancelled,9,31359.63,9407.889,2026-04,2026,2
3130,724,2026-04-06 23:48:58.280948,Уфа,completed,2,19504.489999999998,5851.346999999999,2026-04,2026,2
3028,855,2026-04-06 23:48:58.280948,Санкт-Петербург,completed,10,51263.85,15379.154999999999,2026-04,2026,2
3844,931,2026-04-06 23:48:58.282485,Нижний Новгород,completed,4,11348.400000000001,3404.5200000000004,2026-04,2026,2
3481,576,2026-04-06 23:48:58.282485,Екатеринбург,completed,3,14618.1,4385.43,2026-04,2026,2
3731,278,2026-04-06 23:48:58.282485,Красноярск,completed,10,31522.399999999998,9456.72,2026-04,2026,2
3764,701,2026-04-06 23:48:58.282485,Нижний Новгород,completed,3,15113.8,4534.139999999999,2026-04,2026,2
3922,704,2026-04-06 23:48:58.283920,Казань,completed,8,22790.06,6837.018,2026-04,2026,2
4059,529,2026-04-06 23:48:58.283920,Уфа,cancelled,1,665.83,199.749,2026-04,2026,2
4270,285,2026-04-06 23:48:58.284934,Самара,cancelled,5,41078.81,12323.642999999998,2026-04,2026,2
4353,543,2026-04-06 23:48:58.284934,Нижний Новгород,completed,7,13607.060000000001,4082.1180000000004,2026-04,2026,2
4229,198,2026-04-06 23:48:58.284934,Санкт-Петербург,completed,4,25126.32,7537.896,2026-04,2026,2
4669,830,2026-04-06 23:48:58.285929,Санкт-Петербург,completed,9,56544.85,16963.454999999998,2026-04,2026,2
4616,133,2026-04-06 23:48:58.285929,Москва,completed,4,17352.079999999998,5205.623999999999,2026-04,2026,2
4885,199,2026-04-06 23:48:58.285929,Екатеринбург,completed,7,46036.6,13810.98,2026-04,2026,2
62,34,2026-04-07 23:48:58.273612,Екатеринбург,completed,7,34907.23,10472.169,2026-04,2026,2
111,640,2026-04-07 23:48:58.273612,Екатеринбург,completed,11,64295.240000000005,19288.572,2026-04,2026,2
159,204,2026-04-07 23:48:58.273612,Нижний Новгород,processing,10,51750.85,15525.255,2026-04,2026,2
343,620,2026-04-07 23:48:58.274623,Москва,completed,8,35247.49,10574.247,2026-04,2026,2
351,713,2026-04-07 23:48:58.274623,Нижний Новгород,cancelled,5,31765.4,9529.62,2026-04,2026,2
834,187,2026-04-07 23:48:58.275959,Красноярск,completed,8,42200.770000000004,12660.231000000002,2026-04,2026,2
810,239,2026-04-07 23:48:58.275959,Новосибирск,completed,3,2460.88,738.264,2026-04,2026,2
1206,757,2026-04-07 23:48:58.276965,Санкт-Петербург,completed,5,29155.489999999998,8746.646999999999,2026-04,2026,2
1167,423,2026-04-07 23:48:58.276965,Нижний Новгород,cancelled,3,7923.79,2377.1369999999997,2026-04,2026,2
1389,924,2026-04-07 23:48:58.276965,Красноярск,processing,2,12229.97,3668.9909999999995,2026-04,2026,2
1923,706,2026-04-07 23:48:58.277983,Красноярск,cancelled,9,44490.82,13347.246,2026-04,2026,2
1834,515,2026-04-07 23:48:58.277983,Екатеринбург,completed,7,13586.91,4076.073,2026-04,2026,2
1903,592,2026-04-07 23:48:58.277983,Нижний Новгород,completed,9,28778.5,8633.55,2026-04,2026,2
2165,877,2026-04-07 23:48:58.279317,Санкт-Петербург,completed,5,25367.34,7610.201999999999,2026-04,2026,2
2416,326,2026-04-07 23:48:58.279317,Самара,processing,2,3468.06,1040.418,2026-04,2026,2
2502,943,2026-04-07 23:48:58.280322,Санкт-Петербург,completed,8,37699.43,11309.829,2026-04,2026,2
2852,989,2026-04-07 23:48:58.280948,Москва,cancelled,10,45321.04,13596.312,2026-04,2026,2
3136,699,2026-04-07 23:48:58.280948,Уфа,processing,1,1290.46,387.138,2026-04,2026,2
3324,645,2026-04-07 23:48:58.280948,Санкт-Петербург,processing,1,8678.41,2603.5229999999997,2026-04,2026,2
2893,944,2026-04-07 23:48:58.280948,Уфа,cancelled,9,28061.46,8418.438,2026-04,2026,2
3347,163,2026-04-07 23:48:58.280948,Нижний Новгород,processing,10,28014.3,8404.289999999999,2026-04,2026,2
2802,975,2026-04-07 23:48:58.280948,Казань,completed,8,28558.36,8567.508,2026-04,2026,2
3545,385,2026-04-07 23:48:58.282485,Казань,processing,4,14162.47,4248.741,2026-04,2026,2
3716,27,2026-04-07 23:48:58.282485,Санкт-Петербург,completed,11,37223.39,11167.017,2026-04,2026,2
3607,680,2026-04-07 23:48:58.282485,Ростов-на-Дону,processing,8,35061.85,10518.554999999998,2026-04,2026,2
3857,645,2026-04-07 23:48:58.283920,Санкт-Петербург,completed,5,16635.050000000003,4990.515,2026-04,2026,2
4033,372,2026-04-07 23:48:58.283920,Санкт-Петербург,completed,12,40442.94,12132.882,2026-04,2026,2
4481,157,2026-04-07 23:48:58.284934,Уфа,completed,9,24827.41,7448.223,2026-04,2026,2
318,592,2026-04-08 23:48:58.274623,Нижний Новгород,cancelled,9,52267.3,15680.19,2026-04,2026,2
446,612,2026-04-08 23:48:58.274623,Москва,completed,8,22427.260000000002,6728.178000000001,2026-04,2026,2
486,460,2026-04-08 23:48:58.274623,Москва,completed,7,17889.77,5366.931,2026-04,2026,2
963,178,2026-04-08 23:48:58.275959,Уфа,completed,8,24149.38,7244.814,2026-04,2026,2
982,825,2026-04-08 23:48:58.275959,Красноярск,completed,3,7541.16,2262.348,2026-04,2026,2
1427,483,2026-04-08 23:48:58.276965,Красноярск,completed,5,15548.869999999999,4664.660999999999,2026-04,2026,2
1438,803,2026-04-08 23:48:58.276965,Екатеринбург,processing,5,12871.79,3861.5370000000003,2026-04,2026,2
2664,244,2026-04-08 23:48:58.280322,Новосибирск,completed,4,15557.16,4667.148,2026-04,2026,2
3091,280,2026-04-08 23:48:58.280948,Москва,completed,3,8040.31,2412.093,2026-04,2026,2
3214,479,2026-04-08 23:48:58.280948,Санкт-Петербург,cancelled,6,39628.24,11888.472,2026-04,2026,2
3183,886,2026-04-08 23:48:58.280948,Екатеринбург,cancelled,7,32909.65,9872.895,2026-04,2026,2
3170,795,2026-04-08 23:48:58.280948,Уфа,processing,10,37019.37,11105.811,2026-04,2026,2
3615,36,2026-04-08 23:48:58.282485,Ростов-на-Дону,completed,8,28567.96,8570.387999999999,2026-04,2026,2
3679,883,2026-04-08 23:48:58.282485,Нижний Новгород,cancelled,8,15430.800000000001,4629.24,2026-04,2026,2
3591,785,2026-04-08 23:48:58.282485,Санкт-Петербург,completed,8,7755.92,2326.776,2026-04,2026,2
4179,840,2026-04-08 23:48:58.283920,Нижний Новгород,completed,5,13922.640000000001,4176.792,2026-04,2026,2
3872,171,2026-04-08 23:48:58.283920,Новосибирск,completed,8,14502.880000000001,4350.8640000000005,2026-04,2026,2
4787,29,2026-04-08 23:48:58.285929,Екатеринбург,completed,2,7120.5,2136.15,2026-04,2026,2
268,697,2026-04-09 23:48:58.273612,Самара,completed,5,25230.37,7569.110999999999,2026-04,2026,2
144,507,2026-04-09 23:48:58.273612,Новосибирск,cancelled,5,4983.99,1495.197,2026-04,2026,2
175,28,2026-04-09 23:48:58.273612,Санкт-Петербург,completed,7,16653.81,4996.143,2026-04,2026,2
545,429,2026-04-09 23:48:58.274623,Новосибирск,completed,8,32042.309999999998,9612.693,2026-04,2026,2
466,998,2026-04-09 23:48:58.274623,Ростов-на-Дону,completed,1,5449.68,1634.904,2026-04,2026,2
1046,50,2026-04-09 23:48:58.275959,Москва,completed,1,8334.39,2500.3169999999996,2026-04,2026,2
907,855,2026-04-09 23:48:58.275959,Санкт-Петербург,completed,8,23872.32,7161.696,2026-04,2026,2
1433,729,2026-04-09 23:48:58.276965,Екатеринбург,completed,9,27560.69,8268.206999999999,2026-04,2026,2
1280,587,2026-04-09 23:48:58.276965,Самара,completed,3,4805.55,1441.665,2026-04,2026,2
1631,705,2026-04-09 23:48:58.277983,Санкт-Петербург,completed,2,13095.81,3928.7429999999995,2026-04,2026,2
1908,717,2026-04-09 23:48:58.277983,Новосибирск,processing,6,20826.39,6247.9169999999995,2026-04,2026,2
1740,771,2026-04-09 23:48:58.277983,Ростов-на-Дону,processing,3,13577.22,4073.1659999999997,2026-04,2026,2
1982,704,2026-04-09 23:48:58.277983,Казань,completed,10,46259.59,13877.876999999999,2026-04,2026,2
2046,834,2026-04-09 23:48:58.277983,Новосибирск,completed,3,15583.31,4674.9929999999995,2026-04,2026,2
1791,497,2026-04-09 23:48:58.277983,Ростов-на-Дону,processing,3,7049.11,2114.7329999999997,2026-04,2026,2
2107,946,2026-04-09 23:48:58.279317,Нижний Новгород,cancelled,9,39938.83,11981.649,2026-04,2026,2
2234,510,2026-04-09 23:48:58.279317,Москва,processing,13,51717.17,15515.150999999998,2026-04,2026,2
2544,206,2026-04-09 23:48:58.280322,Самара,completed,3,16956.809999999998,5087.042999999999,2026-04,2026,2
2707,868,2026-04-09 23:48:58.280322,Уфа,cancelled,8,17160.59,5148.177,2026-04,2026,2
3070,771,2026-04-09 23:48:58.280948,Ростов-на-Дону,processing,9,46483.06,13944.918,2026-04,2026,2
2985,547,2026-04-09 23:48:58.280948,Уфа,completed,10,27612.16,8283.648,2026-04,2026,2
2876,593,2026-04-09 23:48:58.280948,Самара,cancelled,6,10232.830000000002,3069.8490000000006,2026-04,2026,2
2744,434,2026-04-09 23:48:58.280948,Самара,completed,9,39371.68,11811.503999999999,2026-04,2026,2
3654,705,2026-04-09 23:48:58.282485,Санкт-Петербург,completed,6,35235.65,10570.695,2026-04,2026,2
3814,1000,2026-04-09 23:48:58.282485,Екатеринбург,cancelled,9,23130.95,6939.285,2026-04,2026,2
3735,565,2026-04-09 23:48:58.282485,Санкт-Петербург,completed,9,43288.58,12986.574,2026-04,2026,2
4153,567,2026-04-09 23:48:58.283920,Казань,completed,6,21647.15,6494.145,2026-04,2026,2
4127,575,2026-04-09 23:48:58.283920,Казань,completed,11,34522.89,10356.867,2026-04,2026,2
4210,471,2026-04-09 23:48:58.284934,Москва,completed,2,10541.51,3162.453,2026-04,2026,2
4352,181,2026-04-09 23:48:58.284934,Екатеринбург,completed,2,7346.23,2203.8689999999997,2026-04,2026,2
109,173,2026-04-10 23:48:58.273612,Новосибирск,processing,5,18528.7,5558.61,2026-04,2026,2
623,136,2026-04-10 23:48:58.274623,Нижний Новгород,completed,9,22142.66,6642.798,2026-04,2026,2
323,571,2026-04-10 23:48:58.274623,Новосибирск,cancelled,2,4006.58,1201.974,2026-04,2026,2
526,461,2026-04-10 23:48:58.274623,Уфа,completed,7,41383.81,12415.142999999998,2026-04,2026,2
1093,427,2026-04-10 23:48:58.275959,Москва,completed,7,16301.67,4890.501,2026-04,2026,2
801,243,2026-04-10 23:48:58.275959,Москва,completed,9,54152.840000000004,16245.852,2026-04,2026,2
803,936,2026-04-10 23:48:58.275959,Нижний Новгород,completed,2,7010.29,2103.087,2026-04,2026,2
1363,588,2026-04-10 23:48:58.276965,Новосибирск,completed,2,6353.45,1906.0349999999999,2026-04,2026,2
1360,216,2026-04-10 23:48:58.276965,Санкт-Петербург,completed,8,25370.15,7611.045,2026-04,2026,2
1318,415,2026-04-10 23:48:58.276965,Санкт-Петербург,completed,5,16654.93,4996.479,2026-04,2026,2
1379,611,2026-04-10 23:48:58.276965,Самара,completed,7,28646.940000000002,8594.082,2026-04,2026,2
1673,719,2026-04-10 23:48:58.277983,Москва,completed,9,19281.02,5784.306,2026-04,2026,2
2041,118,2026-04-10 23:48:58.277983,Москва,processing,9,30765.56,9229.668,2026-04,2026,2
1566,182,2026-04-10 23:48:58.277983,Казань,processing,5,14753.77,4426.131,2026-04,2026,2
2006,611,2026-04-10 23:48:58.277983,Самара,cancelled,3,4045.88,1213.764,2026-04,2026,2
2281,456,2026-04-10 23:48:58.279317,Екатеринбург,processing,7,34367.82,10310.346,2026-04,2026,2
2119,179,2026-04-10 23:48:58.279317,Екатеринбург,cancelled,3,8999.16,2699.748,2026-04,2026,2
2213,738,2026-04-10 23:48:58.279317,Москва,completed,10,38781.7,11634.509999999998,2026-04,2026,2
2252,668,2026-04-10 23:48:58.279317,Уфа,completed,4,9277.36,2783.208,2026-04,2026,2
2310,228,2026-04-10 23:48:58.279317,Красноярск,completed,12,31252.75,9375.824999999999,2026-04,2026,2
2879,526,2026-04-10 23:48:58.280948,Екатеринбург,cancelled,3,23527.81,7058.343,2026-04,2026,2
3603,64,2026-04-10 23:48:58.282485,Казань,processing,4,30285.11,9085.533,2026-04,2026,2
3598,349,2026-04-10 23:48:58.282485,Самара,completed,6,44223.98,13267.194000000001,2026-04,2026,2
3736,489,2026-04-10 23:48:58.282485,Москва,completed,3,11142.97,3342.8909999999996,2026-04,2026,2
3666,97,2026-04-10 23:48:58.282485,Санкт-Петербург,completed,7,40882.51,12264.753,2026-04,2026,2
4422,290,2026-04-10 23:48:58.284934,Уфа,completed,11,32696.129999999997,9808.838999999998,2026-04,2026,2
4196,789,2026-04-10 23:48:58.284934,Красноярск,completed,3,2631.28,789.384,2026-04,2026,2
4278,335,2026-04-10 23:48:58.284934,Ростов-на-Дону,completed,10,41756.24,12526.872,2026-04,2026,2
4325,214,2026-04-10 23:48:58.284934,Ростов-на-Дону,processing,1,8209.69,2462.907,2026-04,2026,2
4650,830,2026-04-10 23:48:58.285929,Санкт-Петербург,completed,8,23470.840000000004,7041.252000000001,2026-04,2026,2
4764,608,2026-04-10 23:48:58.285929,Санкт-Петербург,completed,9,28264.45,8479.335,2026-04,2026,2
97,656,2026-04-11 23:48:58.273612,Новосибирск,completed,9,31613.27,9483.981,2026-04,2026,2
215,631,2026-04-11 23:48:58.273612,Красноярск,completed,8,25122.899999999998,7536.869999999999,2026-04,2026,2
661,18,2026-04-11 23:48:58.274623,Екатеринбург,completed,9,47174.45,14152.335,2026-04,2026,2
575,215,2026-04-11 23:48:58.274623,Москва,cancelled,12,55169.58,16550.874,2026-04,2026,2
765,597,2026-04-11 23:48:58.274623,Уфа,completed,1,3379.06,1013.718,2026-04,2026,2
536,402,2026-04-11 23:48:58.274623,Ростов-на-Дону,completed,11,38335.51,11500.653,2026-04,2026,2
345,824,2026-04-11 23:48:58.274623,Ростов-на-Дону,cancelled,2,901.15,270.34499999999997,2026-04,2026,2
1041,23,2026-04-11 23:48:58.275959,Нижний Новгород,processing,7,24854.77,7456.431,2026-04,2026,2
891,995,2026-04-11 23:48:58.275959,Екатеринбург,completed,6,17597.75,5279.325,2026-04,2026,2
820,406,2026-04-11 23:48:58.275959,Казань,completed,9,30657.570000000003,9197.271,2026-04,2026,2
1030,516,2026-04-11 23:48:58.275959,Ростов-на-Дону,completed,10,17699.03,5309.709,2026-04,2026,2
1205,774,2026-04-11 23:48:58.276965,Екатеринбург,processing,8,13821.28,4146.384,2026-04,2026,2
1463,472,2026-04-11 23:48:58.276965,Самара,completed,3,9238.09,2771.427,2026-04,2026,2
1323,913,2026-04-11 23:48:58.276965,Екатеринбург,cancelled,6,13341.69,4002.507,2026-04,2026,2
1445,416,2026-04-11 23:48:58.276965,Самара,completed,11,36265.6,10879.679999999998,2026-04,2026,2
1395,359,2026-04-11 23:48:58.276965,Москва,cancelled,10,33042.49,9912.747,2026-04,2026,2
1545,766,2026-04-11 23:48:58.276965,Уфа,processing,8,44818.47,13445.541,2026-04,2026,2
1893,223,2026-04-11 23:48:58.277983,Москва,cancelled,2,15700.18,4710.054,2026-04,2026,2
2428,856,2026-04-11 23:48:58.279317,Москва,processing,7,17105.34,5131.602,2026-04,2026,2
2601,481,2026-04-11 23:48:58.280322,Ростов-на-Дону,completed,5,13206.150000000001,3961.8450000000003,2026-04,2026,2
2671,884,2026-04-11 23:48:58.280322,Самара,completed,6,9060.01,2718.003,2026-04,2026,2
3019,803,2026-04-11 23:48:58.280948,Екатеринбург,completed,8,27314.79,8194.437,2026-04,2026,2
2998,413,2026-04-11 23:48:58.280948,Красноярск,processing,2,2539.16,761.7479999999999,2026-04,2026,2
2841,322,2026-04-11 23:48:58.280948,Новосибирск,cancelled,1,902.64,270.792,2026-04,2026,2
3509,724,2026-04-11 23:48:58.282485,Уфа,completed,8,32715.010000000002,9814.503,2026-04,2026,2
3858,43,2026-04-11 23:48:58.283920,Казань,cancelled,7,14119.67,4235.901,2026-04,2026,2
3852,798,2026-04-11 23:48:58.283920,Новосибирск,processing,3,23950.739999999998,7185.221999999999,2026-04,2026,2
4497,983,2026-04-11 23:48:58.284934,Новосибирск,completed,8,27327.24,8198.172,2026-04,2026,2
4762,785,2026-04-11 23:48:58.285929,Санкт-Петербург,processing,9,31064.75,9319.425,2026-04,2026,2
4884,754,2026-04-11 23:48:58.285929,Самара,completed,5,30601.69,9180.507,2026-04,2026,2
178,53,2026-04-12 23:48:58.273612,Новосибирск,completed,11,39331.04,11799.312,2026-04,2026,2
252,310,2026-04-12 23:48:58.273612,Москва,cancelled,3,2511.37,753.411,2026-04,2026,2
142,221,2026-04-12 23:48:58.273612,Казань,completed,4,15612.6,4683.78,2026-04,2026,2
173,427,2026-04-12 23:48:58.273612,Москва,completed,4,12310.96,3693.2879999999996,2026-04,2026,2
277,735,2026-04-12 23:48:58.273612,Новосибирск,completed,5,13688.45,4106.535,2026-04,2026,2
742,799,2026-04-12 23:48:58.274623,Ростов-на-Дону,completed,4,16600.62,4980.186,2026-04,2026,2
363,567,2026-04-12 23:48:58.274623,Казань,processing,5,28324.66,8497.398,2026-04,2026,2
794,367,2026-04-12 23:48:58.275959,Ростов-на-Дону,completed,9,30476.99,9143.097,2026-04,2026,2
1002,267,2026-04-12 23:48:58.275959,Нижний Новгород,completed,9,11139.46,3341.8379999999997,2026-04,2026,2
1375,147,2026-04-12 23:48:58.276965,Санкт-Петербург,completed,2,11896.35,3568.905,2026-04,2026,2
1179,492,2026-04-12 23:48:58.276965,Новосибирск,processing,2,10935.58,3280.674,2026-04,2026,2
1265,775,2026-04-12 23:48:58.276965,Казань,completed,2,12946.05,3883.8149999999996,2026-04,2026,2
1865,185,2026-04-12 23:48:58.277983,Санкт-Петербург,cancelled,3,11575.95,3472.7850000000003,2026-04,2026,2
1719,911,2026-04-12 23:48:58.277983,Красноярск,completed,5,16140.15,4842.045,2026-04,2026,2
2148,671,2026-04-12 23:48:58.279317,Самара,completed,5,16350.16,4905.048,2026-04,2026,2
2410,200,2026-04-12 23:48:58.279317,Санкт-Петербург,processing,2,12151.16,3645.348,2026-04,2026,2
2288,483,2026-04-12 23:48:58.279317,Красноярск,completed,8,38732.520000000004,11619.756000000001,2026-04,2026,2
2587,829,2026-04-12 23:48:58.280322,Нижний Новгород,completed,6,40342.229999999996,12102.668999999998,2026-04,2026,2
2666,853,2026-04-12 23:48:58.280322,Красноярск,cancelled,5,20940.26,6282.0779999999995,2026-04,2026,2
2784,218,2026-04-12 23:48:58.280948,Москва,completed,3,14048.28,4214.484,2026-04,2026,2
2738,379,2026-04-12 23:48:58.280948,Санкт-Петербург,cancelled,9,40568.67,12170.600999999999,2026-04,2026,2
3278,236,2026-04-12 23:48:58.280948,Казань,completed,7,31636.699999999997,9491.009999999998,2026-04,2026,2
3268,654,2026-04-12 23:48:58.280948,Новосибирск,cancelled,13,38736.92,11621.076,2026-04,2026,2
3432,624,2026-04-12 23:48:58.282485,Новосибирск,completed,3,12421.0,3726.2999999999997,2026-04,2026,2
3905,674,2026-04-12 23:48:58.283920,Санкт-Петербург,completed,3,2188.2,656.4599999999999,2026-04,2026,2
4471,759,2026-04-12 23:48:58.284934,Красноярск,cancelled,9,23412.559999999998,7023.767999999999,2026-04,2026,2
4310,772,2026-04-12 23:48:58.284934,Санкт-Петербург,completed,3,21525.48,6457.643999999999,2026-04,2026,2
4549,89,2026-04-12 23:48:58.284934,Казань,completed,1,10826.07,3247.821,2026-04,2026,2
4244,106,2026-04-12 23:48:58.284934,Уфа,processing,2,4692.87,1407.8609999999999,2026-04,2026,2
4711,388,2026-04-12 23:48:58.285929,Красноярск,completed,7,14709.15,4412.745,2026-04,2026,2
20,791,2026-04-13 23:48:58.273612,Красноярск,cancelled,8,54019.3,16205.79,2026-04,2026,2
286,224,2026-04-13 23:48:58.273612,Новосибирск,completed,9,33079.45,9923.835,2026-04,2026,2
1317,32,2026-04-13 23:48:58.276965,Санкт-Петербург,processing,7,19401.66,5820.498,2026-04,2026,2
1158,709,2026-04-13 23:48:58.276965,Самара,completed,1,12210.02,3663.006,2026-04,2026,2
1293,744,2026-04-13 23:48:58.276965,Красноярск,completed,5,16775.59,5032.677,2026-04,2026,2
1343,270,2026-04-13 23:48:58.276965,Екатеринбург,processing,7,40649.990000000005,12194.997000000001,2026-04,2026,2
1814,142,2026-04-13 23:48:58.277983,Самара,processing,12,31912.36,9573.708,2026-04,2026,2
2345,756,2026-04-13 23:48:58.279317,Красноярск,cancelled,1,8850.85,2655.255,2026-04,2026,2
2223,153,2026-04-13 23:48:58.279317,Москва,completed,6,29749.13,8924.739,2026-04,2026,2
2100,553,2026-04-13 23:48:58.279317,Москва,completed,11,37035.24,11110.571999999998,2026-04,2026,2
2246,948,2026-04-13 23:48:58.279317,Красноярск,completed,9,38353.95,11506.185,2026-04,2026,2
2616,865,2026-04-13 23:48:58.280322,Нижний Новгород,completed,2,20779.230000000003,6233.769000000001,2026-04,2026,2
2662,681,2026-04-13 23:48:58.280322,Екатеринбург,processing,4,13660.5,4098.15,2026-04,2026,2
2511,840,2026-04-13 23:48:58.280322,Нижний Новгород,completed,9,44258.0,13277.4,2026-04,2026,2
2547,784,2026-04-13 23:48:58.280322,Нижний Новгород,processing,7,33163.07,9948.921,2026-04,2026,2
3267,275,2026-04-13 23:48:58.280948,Ростов-на-Дону,completed,5,18869.809999999998,5660.942999999999,2026-04,2026,2
3172,458,2026-04-13 23:48:58.280948,Новосибирск,completed,8,47423.52,14227.055999999999,2026-04,2026,2
3215,340,2026-04-13 23:48:58.280948,Красноярск,processing,4,7691.07,2307.321,2026-04,2026,2
3636,771,2026-04-13 23:48:58.282485,Ростов-на-Дону,completed,8,35292.03,10587.608999999999,2026-04,2026,2
4137,993,2026-04-13 23:48:58.283920,Красноярск,completed,2,12131.41,3639.423,2026-04,2026,2
4164,516,2026-04-13 23:48:58.283920,Ростов-на-Дону,completed,10,22326.52,6697.956,2026-04,2026,2
3982,86,2026-04-13 23:48:58.283920,Уфа,cancelled,3,26536.170000000002,7960.851000000001,2026-04,2026,2
4504,12,2026-04-13 23:48:58.284934,Уфа,completed,5,17985.78,5395.7339999999995,2026-04,2026,2
4441,824,2026-04-13 23:48:58.284934,Ростов-на-Дону,completed,7,44134.29,13240.287,2026-04,2026,2
4526,979,2026-04-13 23:48:58.284934,Самара,completed,10,38754.130000000005,11626.239000000001,2026-04,2026,2
501,705,2026-04-14 23:48:58.274623,Санкт-Петербург,completed,1,11741.91,3522.573,2026-04,2026,2
691,730,2026-04-14 23:48:58.274623,Казань,cancelled,9,29388.550000000003,8816.565,2026-04,2026,2
317,836,2026-04-14 23:48:58.274623,Москва,completed,3,21173.98,6352.1939999999995,2026-04,2026,2
472,503,2026-04-14 23:48:58.274623,Новосибирск,completed,6,42259.83,12677.949,2026-04,2026,2
1104,786,2026-04-14 23:48:58.275959,Нижний Новгород,cancelled,12,42781.09,12834.327,2026-04,2026,2
1258,73,2026-04-14 23:48:58.276965,Екатеринбург,completed,3,5220.68,1566.204,2026-04,2026,2
1529,204,2026-04-14 23:48:58.276965,Нижний Новгород,processing,6,15823.58,4747.074,2026-04,2026,2
1490,769,2026-04-14 23:48:58.276965,Ростов-на-Дону,completed,1,14962.04,4488.612,2026-04,2026,2
1487,505,2026-04-14 23:48:58.276965,Новосибирск,completed,4,17816.93,5345.079,2026-04,2026,2
1509,135,2026-04-14 23:48:58.276965,Ростов-на-Дону,cancelled,9,42966.37,12889.911,2026-04,2026,2
1416,315,2026-04-14 23:48:58.276965,Красноярск,completed,4,25130.42,7539.125999999999,2026-04,2026,2
1956,214,2026-04-14 23:48:58.277983,Ростов-на-Дону,cancelled,4,12739.02,3821.706,2026-04,2026,2
1926,539,2026-04-14 23:48:58.277983,Самара,processing,1,2736.8,821.0400000000001,2026-04,2026,2
1727,39,2026-04-14 23:48:58.277983,Нижний Новгород,completed,8,28750.629999999997,8625.188999999998,2026-04,2026,2
1725,720,2026-04-14 23:48:58.277983,Нижний Новгород,completed,6,23080.43,6924.129,2026-04,2026,2
1756,702,2026-04-14 23:48:58.277983,Уфа,completed,6,19223.46,5767.038,2026-04,2026,2
2456,525,2026-04-14 23:48:58.279317,Москва,completed,11,36784.96,11035.488,2026-04,2026,2
2086,8,2026-04-14 23:48:58.279317,Санкт-Петербург,completed,9,42286.88,12686.063999999998,2026-04,2026,2
2130,216,2026-04-14 23:48:58.279317,Санкт-Петербург,cancelled,8,17141.53,5142.459,2026-04,2026,2
2951,925,2026-04-14 23:48:58.280948,Казань,completed,7,24113.78,7234.133999999999,2026-04,2026,2
3692,144,2026-04-14 23:48:58.282485,Уфа,completed,3,13950.35,4185.105,2026-04,2026,2
3752,170,2026-04-14 23:48:58.282485,Санкт-Петербург,completed,11,40959.97,12287.991,2026-04,2026,2
3643,371,2026-04-14 23:48:58.282485,Нижний Новгород,completed,2,7911.78,2373.5339999999997,2026-04,2026,2
3970,116,2026-04-14 23:48:58.283920,Новосибирск,completed,3,9947.57,2984.2709999999997,2026-04,2026,2
4281,803,2026-04-14 23:48:58.284934,Екатеринбург,completed,6,9265.46,2779.6379999999995,2026-04,2026,2
4313,247,2026-04-14 23:48:58.284934,Екатеринбург,completed,5,31795.690000000002,9538.707,2026-04,2026,2
4335,315,2026-04-14 23:48:58.284934,Красноярск,cancelled,7,35390.35,10617.105,2026-04,2026,2
4279,243,2026-04-14 23:48:58.284934,Москва,completed,4,28902.21,8670.662999999999,2026-04,2026,2
4899,230,2026-04-14 23:48:58.285929,Казань,completed,10,43128.85,12938.654999999999,2026-04,2026,2
4722,857,2026-04-14 23:48:58.285929,Казань,completed,6,32947.05,9884.115,2026-04,2026,2
4965,339,2026-04-14 23:48:58.285929,Ростов-на-Дону,processing,3,10233.04,3069.9120000000003,2026-04,2026,2
116,786,2026-04-15 23:48:58.273612,Нижний Новгород,completed,5,12360.87,3708.261,2026-04,2026,2
182,33,2026-04-15 23:48:58.273612,Новосибирск,cancelled,6,20363.96,6109.187999999999,2026-04,2026,2
273,208,2026-04-15 23:48:58.273612,Ростов-на-Дону,processing,7,50219.12,15065.736,2026-04,2026,2
205,125,2026-04-15 23:48:58.273612,Красноярск,cancelled,10,46682.020000000004,14004.606000000002,2026-04,2026,2
583,297,2026-04-15 23:48:58.274623,Новосибирск,completed,2,3470.91,1041.273,2026-04,2026,2
771,173,2026-04-15 23:48:58.274623,Новосибирск,completed,14,36981.39,11094.417,2026-04,2026,2
988,726,2026-04-15 23:48:58.275959,Новосибирск,completed,5,21035.21,6310.562999999999,2026-04,2026,2
870,403,2026-04-15 23:48:58.275959,Самара,processing,8,38885.97,11665.791,2026-04,2026,2
1070,856,2026-04-15 23:48:58.275959,Москва,cancelled,1,10204.54,3061.362,2026-04,2026,2
1365,41,2026-04-15 23:48:58.276965,Екатеринбург,completed,4,21575.89,6472.767,2026-04,2026,2
1475,916,2026-04-15 23:48:58.276965,Красноярск,completed,11,33343.01,10002.903,2026-04,2026,2
1220,503,2026-04-15 23:48:58.276965,Новосибирск,processing,12,50911.009999999995,15273.302999999998,2026-04,2026,2
1849,962,2026-04-15 23:48:58.277983,Красноярск,processing,8,31522.51,9456.752999999999,2026-04,2026,2
1715,570,2026-04-15 23:48:58.277983,Самара,processing,2,2978.27,893.481,2026-04,2026,2
2040,758,2026-04-15 23:48:58.277983,Екатеринбург,completed,1,12180.7,3654.21,2026-04,2026,2
1721,95,2026-04-15 23:48:58.277983,Москва,completed,11,38692.27,11607.680999999999,2026-04,2026,2
2323,471,2026-04-15 23:48:58.279317,Москва,cancelled,6,33792.0,10137.6,2026-04,2026,2
2311,936,2026-04-15 23:48:58.279317,Нижний Новгород,completed,11,39117.51,11735.253,2026-04,2026,2
2578,553,2026-04-15 23:48:58.280322,Москва,completed,3,5473.82,1642.146,2026-04,2026,2
2613,305,2026-04-15 23:48:58.280322,Москва,completed,9,26724.57,8017.370999999999,2026-04,2026,2
2660,115,2026-04-15 23:48:58.280322,Новосибирск,cancelled,8,24757.879999999997,7427.363999999999,2026-04,2026,2
3157,84,2026-04-15 23:48:58.280948,Санкт-Петербург,completed,2,6098.53,1829.559,2026-04,2026,2
2987,683,2026-04-15 23:48:58.280948,Нижний Новгород,cancelled,3,16460.33,4938.099,2026-04,2026,2
3025,493,2026-04-15 23:48:58.280948,Санкт-Петербург,completed,2,11496.54,3448.962,2026-04,2026,2
3040,26,2026-04-15 23:48:58.280948,Самара,cancelled,5,10717.09,3215.127,2026-04,2026,2
2785,539,2026-04-15 23:48:58.280948,Самара,completed,6,14597.970000000001,4379.3910000000005,2026-04,2026,2
3664,587,2026-04-15 23:48:58.282485,Самара,completed,2,10062.25,3018.6749999999997,2026-04,2026,2
3517,652,2026-04-15 23:48:58.282485,Москва,completed,6,16083.09,4824.927,2026-04,2026,2
4543,653,2026-04-15 23:48:58.284934,Самара,processing,2,7207.87,2162.361,2026-04,2026,2
4271,77,2026-04-15 23:48:58.284934,Екатеринбург,cancelled,12,14647.57,4394.271,2026-04,2026,2
4658,435,2026-04-15 23:48:58.285929,Москва,cancelled,9,43562.979999999996,13068.893999999998,2026-04,2026,2
150,53,2026-04-16 23:48:58.273612,Новосибирск,processing,3,18767.27,5630.181,2026-04,2026,2
735,607,2026-04-16 23:48:58.274623,Ростов-на-Дону,completed,7,28275.67,8482.701,2026-04,2026,2
658,397,2026-04-16 23:48:58.274623,Москва,completed,1,2212.15,663.645,2026-04,2026,2
694,512,2026-04-16 23:48:58.274623,Красноярск,completed,10,30431.440000000002,9129.432,2026-04,2026,2
418,247,2026-04-16 23:48:58.274623,Екатеринбург,completed,7,33093.740000000005,9928.122000000001,2026-04,2026,2
1094,822,2026-04-16 23:48:58.275959,Санкт-Петербург,cancelled,3,8102.07,2430.6209999999996,2026-04,2026,2
915,152,2026-04-16 23:48:58.275959,Казань,processing,7,46030.009999999995,13809.002999999999,2026-04,2026,2
833,401,2026-04-16 23:48:58.275959,Нижний Новгород,completed,6,30923.03,9276.909,2026-04,2026,2
805,971,2026-04-16 23:48:58.275959,Самара,processing,10,50342.17,15102.650999999998,2026-04,2026,2
1519,880,2026-04-16 23:48:58.276965,Красноярск,completed,2,8962.92,2688.8759999999997,2026-04,2026,2
1288,688,2026-04-16 23:48:58.276965,Москва,completed,3,14060.53,4218.159,2026-04,2026,2
1944,406,2026-04-16 23:48:58.277983,Казань,processing,3,24451.45,7335.435,2026-04,2026,2
2056,307,2026-04-16 23:48:58.277983,Ростов-на-Дону,cancelled,3,14487.66,4346.298,2026-04,2026,2
2296,709,2026-04-16 23:48:58.279317,Самара,completed,2,9181.32,2754.3959999999997,2026-04,2026,2
2436,728,2026-04-16 23:48:58.279317,Красноярск,completed,9,25807.949999999997,7742.384999999998,2026-04,2026,2
2198,125,2026-04-16 23:48:58.279317,Красноярск,processing,2,10293.48,3088.044,2026-04,2026,2
2618,69,2026-04-16 23:48:58.280322,Ростов-на-Дону,processing,6,29914.09,8974.226999999999,2026-04,2026,2
2724,970,2026-04-16 23:48:58.280322,Екатеринбург,completed,3,7701.24,2310.372,2026-04,2026,2
3321,24,2026-04-16 23:48:58.280948,Екатеринбург,completed,8,20775.78,6232.7339999999995,2026-04,2026,2
3139,266,2026-04-16 23:48:58.280948,Нижний Новгород,completed,11,25596.739999999998,7679.021999999999,2026-04,2026,2
2798,971,2026-04-16 23:48:58.280948,Самара,completed,5,24499.04,7349.712,2026-04,2026,2
2834,677,2026-04-16 23:48:58.280948,Ростов-на-Дону,completed,9,13383.06,4014.9179999999997,2026-04,2026,2
3354,337,2026-04-16 23:48:58.280948,Самара,completed,9,37446.11,11233.833,2026-04,2026,2
3424,550,2026-04-16 23:48:58.282485,Нижний Новгород,completed,11,36438.79,10931.637,2026-04,2026,2
3363,716,2026-04-16 23:48:58.282485,Самара,completed,5,21837.53,6551.258999999999,2026-04,2026,2
4005,13,2026-04-16 23:48:58.283920,Новосибирск,completed,3,13537.81,4061.343,2026-04,2026,2
4107,328,2026-04-16 23:48:58.283920,Екатеринбург,completed,3,11708.86,3512.658,2026-04,2026,2
4079,996,2026-04-16 23:48:58.283920,Казань,completed,3,7975.08,2392.524,2026-04,2026,2
4265,477,2026-04-16 23:48:58.284934,Казань,completed,5,20405.440000000002,6121.6320000000005,2026-04,2026,2
4733,236,2026-04-16 23:48:58.285929,Казань,completed,10,27314.84,8194.452,2026-04,2026,2
4909,536,2026-04-16 23:48:58.285929,Нижний Новгород,completed,7,24006.91,7202.072999999999,2026-04,2026,2
112,863,2026-04-17 23:48:58.273612,Уфа,completed,6,35020.64,10506.192,2026-04,2026,2
271,940,2026-04-17 23:48:58.273612,Новосибирск,completed,8,20106.14,6031.842,2026-04,2026,2
281,468,2026-04-17 23:48:58.273612,Екатеринбург,completed,11,41040.130000000005,12312.039,2026-04,2026,2
606,134,2026-04-17 23:48:58.274623,Санкт-Петербург,completed,11,40537.13,12161.139,2026-04,2026,2
715,299,2026-04-17 23:48:58.274623,Санкт-Петербург,completed,5,27051.269999999997,8115.3809999999985,2026-04,2026,2
475,117,2026-04-17 23:48:58.274623,Санкт-Петербург,completed,1,3997.77,1199.331,2026-04,2026,2
788,935,2026-04-17 23:48:58.275959,Нижний Новгород,processing,10,16736.07,5020.821,2026-04,2026,2
806,146,2026-04-17 23:48:58.275959,Уфа,completed,1,7209.15,2162.745,2026-04,2026,2
836,655,2026-04-17 23:48:58.275959,Нижний Новгород,completed,8,53239.03,15971.708999999999,2026-04,2026,2
1369,993,2026-04-17 23:48:58.276965,Красноярск,cancelled,6,28506.02,8551.806,2026-04,2026,2
1301,157,2026-04-17 23:48:58.276965,Уфа,processing,3,8312.27,2493.681,2026-04,2026,2
1331,580,2026-04-17 23:48:58.276965,Екатеринбург,cancelled,10,34711.42,10413.426,2026-04,2026,2
1819,956,2026-04-17 23:48:58.277983,Красноярск,completed,2,21088.760000000002,6326.628000000001,2026-04,2026,2
1568,652,2026-04-17 23:48:58.277983,Москва,completed,7,25880.95,7764.285,2026-04,2026,2
1703,247,2026-04-17 23:48:58.277983,Екатеринбург,processing,11,28050.15,8415.045,2026-04,2026,2
2108,312,2026-04-17 23:48:58.279317,Самара,completed,10,28756.58,8626.974,2026-04,2026,2
2452,493,2026-04-17 23:48:58.279317,Санкт-Петербург,completed,3,10547.43,3164.229,2026-04,2026,2
2633,958,2026-04-17 23:48:58.280322,Уфа,cancelled,7,30707.47,9212.241,2026-04,2026,2
2815,275,2026-04-17 23:48:58.280948,Ростов-на-Дону,processing,3,10031.15,3009.345,2026-04,2026,2
2983,596,2026-04-17 23:48:58.280948,Москва,cancelled,10,39539.39,11861.817,2026-04,2026,2
3135,676,2026-04-17 23:48:58.280948,Новосибирск,cancelled,8,23164.8,6949.44,2026-04,2026,2
3096,547,2026-04-17 23:48:58.280948,Уфа,completed,7,27069.33,8120.799,2026-04,2026,2
3492,395,2026-04-17 23:48:58.282485,Санкт-Петербург,completed,7,23139.77,6941.931,2026-04,2026,2
3712,382,2026-04-17 23:48:58.282485,Нижний Новгород,cancelled,9,46672.44,14001.732,2026-04,2026,2
3937,492,2026-04-17 23:48:58.283920,Новосибирск,completed,2,8431.61,2529.483,2026-04,2026,2
3874,47,2026-04-17 23:48:58.283920,Уфа,completed,2,8539.08,2561.7239999999997,2026-04,2026,2
4461,922,2026-04-17 23:48:58.284934,Красноярск,completed,6,36911.85,11073.554999999998,2026-04,2026,2
4584,825,2026-04-17 23:48:58.284934,Красноярск,processing,7,25719.36,7715.808,2026-04,2026,2
4503,124,2026-04-17 23:48:58.284934,Уфа,completed,5,23320.2,6996.06,2026-04,2026,2
213,956,2026-04-18 23:48:58.273612,Красноярск,cancelled,5,19381.38,5814.414,2026-04,2026,2
346,688,2026-04-18 23:48:58.274623,Москва,completed,8,37218.31,11165.492999999999,2026-04,2026,2
520,339,2026-04-18 23:48:58.274623,Ростов-на-Дону,completed,6,23051.2,6915.36,2026-04,2026,2
450,923,2026-04-18 23:48:58.274623,Нижний Новгород,completed,8,21043.39,6313.017,2026-04,2026,2
826,992,2026-04-18 23:48:58.275959,Самара,cancelled,10,11944.240000000002,3583.2720000000004,2026-04,2026,2
996,265,2026-04-18 23:48:58.275959,Ростов-на-Дону,completed,2,5217.82,1565.3459999999998,2026-04,2026,2
1449,850,2026-04-18 23:48:58.276965,Москва,processing,10,33672.619999999995,10101.785999999998,2026-04,2026,2
1195,663,2026-04-18 23:48:58.276965,Казань,completed,5,21074.73,6322.419,2026-04,2026,2
1752,201,2026-04-18 23:48:58.277983,Уфа,processing,4,18888.17,5666.450999999999,2026-04,2026,2
1909,807,2026-04-18 23:48:58.277983,Казань,completed,3,5569.9,1670.9699999999998,2026-04,2026,2
1583,422,2026-04-18 23:48:58.277983,Самара,completed,13,54592.729999999996,16377.818999999998,2026-04,2026,2
2478,815,2026-04-18 23:48:58.279317,Казань,processing,9,51945.17,15583.551,2026-04,2026,2
2579,488,2026-04-18 23:48:58.280322,Красноярск,completed,11,51927.09,15578.126999999999,2026-04,2026,2
2647,498,2026-04-18 23:48:58.280322,Красноярск,completed,3,6593.39,1978.017,2026-04,2026,2
2754,992,2026-04-18 23:48:58.280948,Самара,completed,4,18956.35,5686.905,2026-04,2026,2
3208,520,2026-04-18 23:48:58.280948,Москва,completed,2,3905.59,1171.677,2026-04,2026,2
3010,161,2026-04-18 23:48:58.280948,Красноярск,completed,3,16516.57,4954.971,2026-04,2026,2
3145,698,2026-04-18 23:48:58.280948,Санкт-Петербург,completed,6,27125.239999999998,8137.571999999999,2026-04,2026,2
3684,90,2026-04-18 23:48:58.282485,Уфа,completed,3,4389.36,1316.8079999999998,2026-04,2026,2
3594,658,2026-04-18 23:48:58.282485,Казань,completed,8,19555.45,5866.635,2026-04,2026,2
4090,841,2026-04-18 23:48:58.283920,Москва,completed,3,15048.2,4514.46,2026-04,2026,2
4025,189,2026-04-18 23:48:58.283920,Новосибирск,processing,9,45246.83,13574.049,2026-04,2026,2
4428,682,2026-04-18 23:48:58.284934,Санкт-Петербург,completed,6,9594.71,2878.4129999999996,2026-04,2026,2
4560,922,2026-04-18 23:48:58.284934,Красноярск,completed,9,40814.2,12244.259999999998,2026-04,2026,2
4455,29,2026-04-18 23:48:58.284934,Екатеринбург,completed,7,15425.779999999999,4627.7339999999995,2026-04,2026,2
4916,774,2026-04-18 23:48:58.285929,Екатеринбург,completed,5,34327.68,10298.304,2026-04,2026,2
4992,632,2026-04-18 23:48:58.285929,Новосибирск,completed,3,14276.97,4283.090999999999,2026-04,2026,2
4952,652,2026-04-18 23:48:58.285929,Москва,completed,2,2307.23,692.169,2026-04,2026,2
4977,247,2026-04-18 23:48:58.285929,Екатеринбург,completed,10,20391.6,6117.48,2026-04,2026,2
500,532,2026-04-19 23:48:58.274623,Ростов-на-Дону,processing,8,31485.510000000002,9445.653,2026-04,2026,2
1112,860,2026-04-19 23:48:58.275959,Ростов-на-Дону,processing,9,48212.17,14463.651,2026-04,2026,2
1127,37,2026-04-19 23:48:58.275959,Самара,processing,4,14353.390000000001,4306.017,2026-04,2026,2
909,398,2026-04-19 23:48:58.275959,Уфа,completed,6,31960.829999999998,9588.249,2026-04,2026,2
1212,286,2026-04-19 23:48:58.276965,Новосибирск,completed,5,15561.97,4668.590999999999,2026-04,2026,2
1278,567,2026-04-19 23:48:58.276965,Казань,completed,11,52090.18,15627.054,2026-04,2026,2
1413,566,2026-04-19 23:48:58.276965,Санкт-Петербург,completed,6,16714.190000000002,5014.2570000000005,2026-04,2026,2
1679,370,2026-04-19 23:48:58.277983,Уфа,cancelled,6,41338.6,12401.58,2026-04,2026,2
1803,967,2026-04-19 23:48:58.277983,Казань,completed,4,14588.34,4376.5019999999995,2026-04,2026,2
1690,768,2026-04-19 23:48:58.277983,Самара,completed,3,14524.06,4357.218,2026-04,2026,2
2317,86,2026-04-19 23:48:58.279317,Уфа,completed,4,19666.6,5899.98,2026-04,2026,2
2435,180,2026-04-19 23:48:58.279317,Нижний Новгород,completed,8,38749.06,11624.717999999999,2026-04,2026,2
2716,946,2026-04-19 23:48:58.280322,Нижний Новгород,cancelled,5,34510.67,10353.201,2026-04,2026,2
3099,743,2026-04-19 23:48:58.280948,Нижний Новгород,completed,3,11015.81,3304.743,2026-04,2026,2
3228,31,2026-04-19 23:48:58.280948,Красноярск,completed,12,37105.09,11131.526999999998,2026-04,2026,2
3312,874,2026-04-19 23:48:58.280948,Екатеринбург,completed,8,43368.61,13010.583,2026-04,2026,2
3080,782,2026-04-19 23:48:58.280948,Москва,cancelled,2,2540.69,762.207,2026-04,2026,2
2916,789,2026-04-19 23:48:58.280948,Красноярск,completed,9,29849.64,8954.892,2026-04,2026,2
3673,404,2026-04-19 23:48:58.282485,Ростов-на-Дону,processing,8,51529.130000000005,15458.739000000001,2026-04,2026,2
4290,82,2026-04-19 23:48:58.284934,Екатеринбург,completed,2,11817.58,3545.274,2026-04,2026,2
4752,714,2026-04-19 23:48:58.285929,Ростов-на-Дону,completed,9,19671.43,5901.429,2026-04,2026,2
4987,124,2026-04-19 23:48:58.285929,Уфа,completed,4,15796.14,4738.842,2026-04,2026,2
4676,654,2026-04-19 23:48:58.285929,Новосибирск,completed,5,7490.799999999999,2247.24,2026-04,2026,2
87,370,2026-04-20 23:48:58.273612,Уфа,processing,2,2187.89,656.367,2026-04,2026,2
385,545,2026-04-20 23:48:58.274623,Ростов-на-Дону,completed,4,15005.810000000001,4501.743,2026-04,2026,2
713,89,2026-04-20 23:48:58.274623,Казань,completed,7,48046.65,14413.995,2026-04,2026,2
445,363,2026-04-20 23:48:58.274623,Ростов-на-Дону,completed,5,23847.96,7154.388,2026-04,2026,2
646,255,2026-04-20 23:48:58.274623,Нижний Новгород,processing,2,3925.94,1177.782,2026-04,2026,2
402,387,2026-04-20 23:48:58.274623,Москва,completed,11,51827.06,15548.117999999999,2026-04,2026,2
519,179,2026-04-20 23:48:58.274623,Екатеринбург,completed,3,6301.2,1890.36,2026-04,2026,2
952,601,2026-04-20 23:48:58.275959,Москва,completed,1,2384.87,715.4609999999999,2026-04,2026,2
866,714,2026-04-20 23:48:58.275959,Ростов-на-Дону,cancelled,8,39410.229999999996,11823.068999999998,2026-04,2026,2
1200,990,2026-04-20 23:48:58.276965,Самара,completed,11,43207.01,12962.103000000001,2026-04,2026,2
1171,755,2026-04-20 23:48:58.276965,Санкт-Петербург,cancelled,3,15400.93,4620.2789999999995,2026-04,2026,2
1662,785,2026-04-20 23:48:58.277983,Санкт-Петербург,completed,8,60119.17,18035.751,2026-04,2026,2
1714,942,2026-04-20 23:48:58.277983,Екатеринбург,processing,3,6175.66,1852.6979999999999,2026-04,2026,2
1651,937,2026-04-20 23:48:58.277983,Казань,completed,3,13953.72,4186.116,2026-04,2026,2
2083,435,2026-04-20 23:48:58.279317,Москва,completed,6,15400.98,4620.294,2026-04,2026,2
2405,695,2026-04-20 23:48:58.279317,Казань,completed,4,16545.94,4963.781999999999,2026-04,2026,2
2480,730,2026-04-20 23:48:58.279317,Казань,cancelled,11,32907.88,9872.364,2026-04,2026,2
2303,994,2026-04-20 23:48:58.279317,Санкт-Петербург,completed,4,17019.52,5105.856,2026-04,2026,2
2438,297,2026-04-20 23:48:58.279317,Новосибирск,completed,11,28450.63,8535.189,2026-04,2026,2
2681,260,2026-04-20 23:48:58.280322,Екатеринбург,completed,9,33691.28,10107.384,2026-04,2026,2
2577,676,2026-04-20 23:48:58.280322,Новосибирск,cancelled,11,34189.72,10256.916,2026-04,2026,2
3306,805,2026-04-20 23:48:58.280948,Екатеринбург,completed,8,26909.4,8072.82,2026-04,2026,2
2883,324,2026-04-20 23:48:58.280948,Уфа,completed,4,23135.989999999998,6940.797,2026-04,2026,2
3134,175,2026-04-20 23:48:58.280948,Красноярск,completed,10,33824.78,10147.434,2026-04,2026,2
3078,276,2026-04-20 23:48:58.280948,Ростов-на-Дону,processing,9,36405.78,10921.733999999999,2026-04,2026,2
3369,422,2026-04-20 23:48:58.282485,Самара,completed,6,43268.53,12980.559,2026-04,2026,2
3700,617,2026-04-20 23:48:58.282485,Санкт-Петербург,completed,2,9663.28,2898.984,2026-04,2026,2
3849,700,2026-04-20 23:48:58.283920,Ростов-на-Дону,completed,8,24454.86,7336.458,2026-04,2026,2
3909,619,2026-04-20 23:48:58.283920,Екатеринбург,completed,11,27075.190000000002,8122.557000000001,2026-04,2026,2
4588,909,2026-04-20 23:48:58.284934,Самара,completed,5,19691.72,5907.5160000000005,2026-04,2026,2
4238,726,2026-04-20 23:48:58.284934,Новосибирск,cancelled,1,11110.18,3333.054,2026-04,2026,2
4623,799,2026-04-20 23:48:58.285929,Ростов-на-Дону,completed,4,11176.36,3352.908,2026-04,2026,2
272,64,2026-04-21 23:48:58.273612,Казань,processing,4,21553.88,6466.164,2026-04,2026,2
265,719,2026-04-21 23:48:58.273612,Москва,completed,3,3392.34,1017.702,2026-04,2026,2
222,988,2026-04-21 23:48:58.273612,Казань,completed,7,25996.36,7798.907999999999,2026-04,2026,2
477,699,2026-04-21 23:48:58.274623,Уфа,completed,7,28365.86,8509.758,2026-04,2026,2
758,570,2026-04-21 23:48:58.274623,Самара,completed,6,27706.18,8311.854,2026-04,2026,2
605,346,2026-04-21 23:48:58.274623,Уфа,processing,11,51903.13,15570.938999999998,2026-04,2026,2
780,904,2026-04-21 23:48:58.275959,Санкт-Петербург,completed,3,2500.56,750.168,2026-04,2026,2
1281,551,2026-04-21 23:48:58.276965,Самара,completed,2,12338.91,3701.673,2026-04,2026,2
1501,192,2026-04-21 23:48:58.276965,Новосибирск,completed,11,34204.21,10261.262999999999,2026-04,2026,2
1290,661,2026-04-21 23:48:58.276965,Самара,completed,8,40878.26,12263.478000000001,2026-04,2026,2
1289,872,2026-04-21 23:48:58.276965,Казань,completed,11,57752.63,17325.788999999997,2026-04,2026,2
1620,960,2026-04-21 23:48:58.277983,Самара,processing,1,4264.97,1279.491,2026-04,2026,2
2032,250,2026-04-21 23:48:58.277983,Москва,completed,7,34729.66,10418.898000000001,2026-04,2026,2
2062,379,2026-04-21 23:48:58.277983,Санкт-Петербург,completed,7,35181.14,10554.341999999999,2026-04,2026,2
1897,904,2026-04-21 23:48:58.277983,Санкт-Петербург,completed,9,37634.03,11290.208999999999,2026-04,2026,2
2374,543,2026-04-21 23:48:58.279317,Нижний Новгород,completed,7,38370.94,11511.282000000001,2026-04,2026,2
2697,747,2026-04-21 23:48:58.280322,Москва,cancelled,6,16213.23,4863.969,2026-04,2026,2
3634,877,2026-04-21 23:48:58.282485,Санкт-Петербург,completed,15,42397.649999999994,12719.294999999998,2026-04,2026,2
3462,607,2026-04-21 23:48:58.282485,Ростов-на-Дону,completed,7,37728.0,11318.4,2026-04,2026,2
3703,77,2026-04-21 23:48:58.282485,Екатеринбург,completed,4,9964.21,2989.2629999999995,2026-04,2026,2
3805,501,2026-04-21 23:48:58.282485,Екатеринбург,completed,7,43101.35,12930.404999999999,2026-04,2026,2
4581,210,2026-04-21 23:48:58.284934,Нижний Новгород,cancelled,5,19435.72,5830.716,2026-04,2026,2
4343,950,2026-04-21 23:48:58.284934,Казань,completed,1,3112.27,933.6809999999999,2026-04,2026,2
4602,438,2026-04-21 23:48:58.285929,Новосибирск,completed,3,542.39,162.71699999999998,2026-04,2026,2
4716,646,2026-04-21 23:48:58.285929,Ростов-на-Дону,cancelled,9,17964.53,5389.3589999999995,2026-04,2026,2
4930,896,2026-04-21 23:48:58.285929,Ростов-на-Дону,completed,5,27632.82,8289.846,2026-04,2026,2
31,408,2026-04-22 23:48:58.273612,Уфа,completed,8,24881.72,7464.516,2026-04,2026,2
476,607,2026-04-22 23:48:58.274623,Ростов-на-Дону,completed,7,38263.520000000004,11479.056,2026-04,2026,2
569,452,2026-04-22 23:48:58.274623,Новосибирск,completed,9,51580.93,15474.278999999999,2026-04,2026,2
719,751,2026-04-22 23:48:58.274623,Самара,completed,9,10459.8,3137.9399999999996,2026-04,2026,2
659,375,2026-04-22 23:48:58.274623,Новосибирск,cancelled,7,29895.77,8968.731,2026-04,2026,2
373,144,2026-04-22 23:48:58.274623,Уфа,completed,4,24317.58,7295.274,2026-04,2026,2
302,737,2026-04-22 23:48:58.274623,Казань,completed,5,21563.739999999998,6469.121999999999,2026-04,2026,2
1320,267,2026-04-22 23:48:58.276965,Нижний Новгород,processing,4,10502.289999999999,3150.6869999999994,2026-04,2026,2
1274,401,2026-04-22 23:48:58.276965,Нижний Новгород,completed,2,3793.48,1138.0439999999999,2026-04,2026,2
1225,426,2026-04-22 23:48:58.276965,Екатеринбург,processing,7,47109.65,14132.895,2026-04,2026,2
1400,613,2026-04-22 23:48:58.276965,Санкт-Петербург,completed,4,9364.970000000001,2809.4910000000004,2026-04,2026,2
1774,209,2026-04-22 23:48:58.277983,Москва,processing,4,9503.2,2850.96,2026-04,2026,2
1609,74,2026-04-22 23:48:58.277983,Москва,completed,3,9599.11,2879.733,2026-04,2026,2
2089,949,2026-04-22 23:48:58.279317,Казань,processing,3,19580.1,5874.03,2026-04,2026,2
3296,142,2026-04-22 23:48:58.280948,Самара,completed,2,8156.37,2446.911,2026-04,2026,2
2960,211,2026-04-22 23:48:58.280948,Казань,processing,8,13193.9,3958.1699999999996,2026-04,2026,2
3687,373,2026-04-22 23:48:58.282485,Москва,completed,8,25962.92,7788.875999999999,2026-04,2026,2
3861,77,2026-04-22 23:48:58.283920,Екатеринбург,processing,10,33573.91,10072.173,2026-04,2026,2
4494,717,2026-04-22 23:48:58.284934,Новосибирск,completed,11,39999.83,11999.949,2026-04,2026,2
4619,257,2026-04-22 23:48:58.285929,Красноярск,completed,8,23706.0,7111.8,2026-04,2026,2
374,189,2026-04-23 23:48:58.274623,Новосибирск,cancelled,4,5117.45,1535.235,2026-04,2026,2
419,694,2026-04-23 23:48:58.274623,Ростов-на-Дону,completed,3,4308.5199999999995,1292.5559999999998,2026-04,2026,2
296,896,2026-04-23 23:48:58.274623,Ростов-на-Дону,completed,7,16396.18,4918.854,2026-04,2026,2
890,353,2026-04-23 23:48:58.275959,Ростов-на-Дону,completed,3,4734.54,1420.3619999999999,2026-04,2026,2
867,948,2026-04-23 23:48:58.275959,Красноярск,completed,3,13181.759999999998,3954.5279999999993,2026-04,2026,2
1238,263,2026-04-23 23:48:58.276965,Уфа,cancelled,1,10159.76,3047.928,2026-04,2026,2
1492,490,2026-04-23 23:48:58.276965,Санкт-Петербург,completed,10,31644.13,9493.239,2026-04,2026,2
1191,772,2026-04-23 23:48:58.276965,Санкт-Петербург,completed,6,19795.510000000002,5938.653,2026-04,2026,2
1176,516,2026-04-23 23:48:58.276965,Ростов-на-Дону,cancelled,5,26642.3,7992.69,2026-04,2026,2
1563,479,2026-04-23 23:48:58.277983,Санкт-Петербург,completed,7,13858.619999999999,4157.585999999999,2026-04,2026,2
1571,494,2026-04-23 23:48:58.277983,Новосибирск,completed,2,1837.91,551.373,2026-04,2026,2
2215,812,2026-04-23 23:48:58.279317,Уфа,cancelled,7,13737.97,4121.391,2026-04,2026,2
2265,371,2026-04-23 23:48:58.279317,Нижний Новгород,processing,5,13054.93,3916.479,2026-04,2026,2
2623,680,2026-04-23 23:48:58.280322,Ростов-на-Дону,completed,9,20781.32,6234.396,2026-04,2026,2
3202,598,2026-04-23 23:48:58.280948,Нижний Новгород,completed,12,26651.1,7995.329999999999,2026-04,2026,2
3773,852,2026-04-23 23:48:58.282485,Красноярск,completed,4,33575.5,10072.65,2026-04,2026,2
4149,361,2026-04-23 23:48:58.283920,Самара,completed,11,50437.93,15131.378999999999,2026-04,2026,2
4035,167,2026-04-23 23:48:58.283920,Москва,completed,6,9792.42,2937.726,2026-04,2026,2
4567,616,2026-04-23 23:48:58.284934,Санкт-Петербург,completed,9,37408.96,11222.688,2026-04,2026,2
4958,575,2026-04-23 23:48:58.285929,Казань,cancelled,13,53780.41,16134.123,2026-04,2026,2
4647,33,2026-04-23 23:48:58.285929,Новосибирск,completed,4,18029.07,5408.721,2026-04,2026,2
4882,761,2026-04-23 23:48:58.285929,Красноярск,processing,5,13053.54,3916.062,2026-04,2026,2
4788,983,2026-04-23 23:48:58.285929,Новосибирск,processing,7,24270.85,7281.254999999999,2026-04,2026,2
4626,715,2026-04-23 23:48:58.285929,Новосибирск,processing,4,8457.77,2537.331,2026-04,2026,2
4,612,2026-04-24 23:48:58.273612,Москва,completed,2,13512.779999999999,4053.8339999999994,2026-04,2026,2
212,207,2026-04-24 23:48:58.273612,Москва,completed,9,54117.55,16235.265,2026-04,2026,2
266,776,2026-04-24 23:48:58.273612,Самара,cancelled,2,5165.5599999999995,1549.668,2026-04,2026,2
490,719,2026-04-24 23:48:58.274623,Москва,processing,2,16839.600000000002,5051.88,2026-04,2026,2
298,183,2026-04-24 23:48:58.274623,Екатеринбург,completed,5,24813.26,7443.977999999999,2026-04,2026,2
581,612,2026-04-24 23:48:58.274623,Москва,completed,6,20973.879999999997,6292.163999999999,2026-04,2026,2
340,95,2026-04-24 23:48:58.274623,Москва,cancelled,4,3093.92,928.1759999999999,2026-04,2026,2
331,189,2026-04-24 23:48:58.274623,Новосибирск,completed,11,24924.03,7477.208999999999,2026-04,2026,2
918,889,2026-04-24 23:48:58.275959,Уфа,completed,9,38683.380000000005,11605.014000000001,2026-04,2026,2
894,989,2026-04-24 23:48:58.275959,Москва,cancelled,5,34934.14,10480.242,2026-04,2026,2
1246,995,2026-04-24 23:48:58.276965,Екатеринбург,processing,9,26712.12,8013.6359999999995,2026-04,2026,2
1458,898,2026-04-24 23:48:58.276965,Москва,processing,10,37771.11,11331.333,2026-04,2026,2
1409,876,2026-04-24 23:48:58.276965,Казань,completed,7,41448.83,12434.649,2026-04,2026,2
1313,913,2026-04-24 23:48:58.276965,Екатеринбург,completed,4,15143.18,4542.954,2026-04,2026,2
1951,914,2026-04-24 23:48:58.277983,Ростов-на-Дону,completed,6,16896.32,5068.896,2026-04,2026,2
1773,758,2026-04-24 23:48:58.277983,Екатеринбург,completed,3,7899.07,2369.721,2026-04,2026,2
1955,569,2026-04-24 23:48:58.277983,Екатеринбург,completed,2,14225.83,4267.749,2026-04,2026,2
1854,532,2026-04-24 23:48:58.277983,Ростов-на-Дону,completed,6,27930.239999999998,8379.071999999998,2026-04,2026,2
2277,54,2026-04-24 23:48:58.279317,Нижний Новгород,completed,9,24725.54,7417.662,2026-04,2026,2
2611,861,2026-04-24 23:48:58.280322,Новосибирск,completed,4,15278.4,4583.5199999999995,2026-04,2026,2
2514,924,2026-04-24 23:48:58.280322,Красноярск,completed,2,2554.06,766.218,2026-04,2026,2
3342,133,2026-04-24 23:48:58.280948,Москва,completed,8,31523.269999999997,9456.980999999998,2026-04,2026,2
3115,80,2026-04-24 23:48:58.280948,Казань,completed,7,21982.59,6594.777,2026-04,2026,2
3477,610,2026-04-24 23:48:58.282485,Нижний Новгород,completed,9,23580.57,7074.170999999999,2026-04,2026,2
3708,147,2026-04-24 23:48:58.282485,Санкт-Петербург,completed,2,3475.16,1042.548,2026-04,2026,2
3609,10,2026-04-24 23:48:58.282485,Красноярск,completed,2,14459.31,4337.793,2026-04,2026,2
3671,931,2026-04-24 23:48:58.282485,Нижний Новгород,completed,3,2810.17,843.051,2026-04,2026,2
3979,510,2026-04-24 23:48:58.283920,Москва,processing,5,23500.440000000002,7050.1320000000005,2026-04,2026,2
4204,199,2026-04-24 23:48:58.284934,Екатеринбург,completed,10,63305.69,18991.707,2026-04,2026,2
4717,429,2026-04-24 23:48:58.285929,Новосибирск,cancelled,7,30671.92,9201.576,2026-04,2026,2
4864,859,2026-04-24 23:48:58.285929,Нижний Новгород,completed,10,15215.61,4564.683,2026-04,2026,2
4734,948,2026-04-24 23:48:58.285929,Красноярск,completed,6,31412.649999999998,9423.794999999998,2026-04,2026,2
4948,97,2026-04-24 23:48:58.285929,Санкт-Петербург,completed,6,14856.490000000002,4456.947,2026-04,2026,2
4609,766,2026-04-24 23:48:58.285929,Уфа,processing,3,4307.04,1292.1119999999999,2026-04,2026,2
193,935,2026-04-25 23:48:58.273612,Нижний Новгород,completed,4,19070.85,5721.254999999999,2026-04,2026,2
580,360,2026-04-25 23:48:58.274623,Ростов-на-Дону,completed,12,19872.75,5961.825,2026-04,2026,2
1045,790,2026-04-25 23:48:58.275959,Нижний Новгород,processing,5,26881.96,8064.588,2026-04,2026,2
797,273,2026-04-25 23:48:58.275959,Екатеринбург,cancelled,4,20554.55,6166.365,2026-04,2026,2
1263,122,2026-04-25 23:48:58.276965,Екатеринбург,completed,3,15315.57,4594.670999999999,2026-04,2026,2
1386,40,2026-04-25 23:48:58.276965,Новосибирск,processing,9,12476.890000000001,3743.067,2026-04,2026,2
1182,916,2026-04-25 23:48:58.276965,Красноярск,completed,2,4078.34,1223.502,2026-04,2026,2
1989,284,2026-04-25 23:48:58.277983,Нижний Новгород,completed,1,7868.29,2360.487,2026-04,2026,2
1591,665,2026-04-25 23:48:58.277983,Ростов-на-Дону,completed,2,10292.03,3087.609,2026-04,2026,2
1686,237,2026-04-25 23:48:58.277983,Санкт-Петербург,completed,4,21927.68,6578.304,2026-04,2026,2
2352,482,2026-04-25 23:48:58.279317,Красноярск,cancelled,11,37643.299999999996,11292.989999999998,2026-04,2026,2
2143,940,2026-04-25 23:48:58.279317,Новосибирск,cancelled,6,13568.36,4070.508,2026-04,2026,2
2135,488,2026-04-25 23:48:58.279317,Красноярск,completed,9,32094.440000000002,9628.332,2026-04,2026,2
2353,846,2026-04-25 23:48:58.279317,Уфа,completed,8,34759.7,10427.909999999998,2026-04,2026,2
2672,503,2026-04-25 23:48:58.280322,Новосибирск,completed,10,35663.22,10698.966,2026-04,2026,2
3248,197,2026-04-25 23:48:58.280948,Уфа,completed,8,31043.71,9313.113,2026-04,2026,2
3048,675,2026-04-25 23:48:58.280948,Санкт-Петербург,completed,8,25563.83,7669.149,2026-04,2026,2
3758,694,2026-04-25 23:48:58.282485,Ростов-на-Дону,cancelled,2,3054.08,916.2239999999999,2026-04,2026,2
3388,128,2026-04-25 23:48:58.282485,Ростов-на-Дону,cancelled,10,44844.81,13453.443,2026-04,2026,2
3513,991,2026-04-25 23:48:58.282485,Казань,cancelled,2,6333.17,1899.951,2026-04,2026,2
3691,675,2026-04-25 23:48:58.282485,Санкт-Петербург,completed,6,26349.9,7904.97,2026-04,2026,2
3890,47,2026-04-25 23:48:58.283920,Уфа,completed,3,4827.44,1448.2319999999997,2026-04,2026,2
3980,505,2026-04-25 23:48:58.283920,Новосибирск,processing,4,29172.18,8751.654,2026-04,2026,2
3877,702,2026-04-25 23:48:58.283920,Уфа,processing,9,33418.479999999996,10025.543999999998,2026-04,2026,2
4572,77,2026-04-25 23:48:58.284934,Екатеринбург,processing,7,33538.38,10061.514,2026-04,2026,2
4284,918,2026-04-25 23:48:58.284934,Нижний Новгород,processing,2,15156.560000000001,4546.968,2026-04,2026,2
4359,68,2026-04-25 23:48:58.284934,Казань,completed,4,19062.46,5718.737999999999,2026-04,2026,2
4657,880,2026-04-25 23:48:58.285929,Красноярск,completed,5,35946.25,10783.875,2026-04,2026,2
217,927,2026-04-26 23:48:58.273612,Ростов-на-Дону,completed,4,13106.48,3931.9439999999995,2026-04,2026,2
726,211,2026-04-26 23:48:58.274623,Казань,completed,7,34454.49,10336.347,2026-04,2026,2
656,73,2026-04-26 23:48:58.274623,Екатеринбург,completed,9,36777.17,11033.151,2026-04,2026,2
633,71,2026-04-26 23:48:58.274623,Ростов-на-Дону,processing,6,14651.09,4395.327,2026-04,2026,2
1393,715,2026-04-26 23:48:58.276965,Новосибирск,completed,2,10568.75,3170.625,2026-04,2026,2
1682,273,2026-04-26 23:48:58.277983,Екатеринбург,completed,8,31409.71,9422.912999999999,2026-04,2026,2
1652,71,2026-04-26 23:48:58.277983,Ростов-на-Дону,completed,10,23175.940000000002,6952.782,2026-04,2026,2
1795,254,2026-04-26 23:48:58.277983,Красноярск,completed,9,43244.63,12973.389,2026-04,2026,2
2330,341,2026-04-26 23:48:58.279317,Москва,completed,8,12606.2,3781.86,2026-04,2026,2
2314,436,2026-04-26 23:48:58.279317,Екатеринбург,completed,4,31021.46,9306.438,2026-04,2026,2
2138,149,2026-04-26 23:48:58.279317,Ростов-на-Дону,completed,2,1638.13,491.439,2026-04,2026,2
2141,985,2026-04-26 23:48:58.279317,Новосибирск,cancelled,1,10612.41,3183.723,2026-04,2026,2
3057,25,2026-04-26 23:48:58.280948,Москва,completed,8,40515.14,12154.542,2026-04,2026,2
2939,156,2026-04-26 23:48:58.280948,Ростов-на-Дону,completed,2,16294.970000000001,4888.491,2026-04,2026,2
3007,884,2026-04-26 23:48:58.280948,Самара,completed,5,18556.57,5566.971,2026-04,2026,2
2759,728,2026-04-26 23:48:58.280948,Красноярск,completed,9,35543.59,10663.077,2026-04,2026,2
3674,803,2026-04-26 23:48:58.282485,Екатеринбург,completed,3,8855.38,2656.6139999999996,2026-04,2026,2
3631,74,2026-04-26 23:48:58.282485,Москва,cancelled,7,46049.95,13814.984999999999,2026-04,2026,2
4341,678,2026-04-26 23:48:58.284934,Уфа,completed,1,5005.36,1501.608,2026-04,2026,2
4548,834,2026-04-26 23:48:58.284934,Новосибирск,completed,3,20040.86,6012.258,2026-04,2026,2
4718,125,2026-04-26 23:48:58.285929,Красноярск,completed,9,45775.57,13732.671,2026-04,2026,2
191,490,2026-04-27 23:48:58.273612,Санкт-Петербург,completed,1,567.58,170.274,2026-04,2026,2
12,977,2026-04-27 23:48:58.273612,Казань,processing,1,4962.84,1488.852,2026-04,2026,2
179,175,2026-04-27 23:48:58.273612,Красноярск,cancelled,5,14400.41,4320.123,2026-04,2026,2
236,557,2026-04-27 23:48:58.273612,Самара,completed,10,45401.61,13620.483,2026-04,2026,2
393,635,2026-04-27 23:48:58.274623,Москва,completed,4,24688.7,7406.61,2026-04,2026,2
328,391,2026-04-27 23:48:58.274623,Красноярск,completed,4,36768.04,11030.412,2026-04,2026,2
811,21,2026-04-27 23:48:58.275959,Санкт-Петербург,completed,9,24405.690000000002,7321.707,2026-04,2026,2
941,139,2026-04-27 23:48:58.275959,Уфа,processing,2,2558.92,767.676,2026-04,2026,2
1222,326,2026-04-27 23:48:58.276965,Самара,completed,1,9127.82,2738.346,2026-04,2026,2
1491,56,2026-04-27 23:48:58.276965,Самара,completed,6,34785.92,10435.776,2026-04,2026,2
1672,502,2026-04-27 23:48:58.277983,Самара,processing,3,27061.809999999998,8118.542999999999,2026-04,2026,2
1850,550,2026-04-27 23:48:58.277983,Нижний Новгород,cancelled,2,11832.33,3549.699,2026-04,2026,2
1817,921,2026-04-27 23:48:58.277983,Екатеринбург,completed,5,8239.14,2471.7419999999997,2026-04,2026,2
1975,751,2026-04-27 23:48:58.277983,Самара,completed,4,21526.16,6457.848,2026-04,2026,2
1968,222,2026-04-27 23:48:58.277983,Екатеринбург,completed,9,31635.510000000002,9490.653,2026-04,2026,2
1753,754,2026-04-27 23:48:58.277983,Самара,completed,7,38715.41,11614.623000000001,2026-04,2026,2
2351,514,2026-04-27 23:48:58.279317,Самара,completed,10,39513.27,11853.980999999998,2026-04,2026,2
2094,146,2026-04-27 23:48:58.279317,Уфа,completed,7,35991.72,10797.516,2026-04,2026,2
2479,707,2026-04-27 23:48:58.279317,Екатеринбург,processing,9,37374.619999999995,11212.385999999999,2026-04,2026,2
2725,15,2026-04-27 23:48:58.280322,Москва,completed,12,36210.65,10863.195,2026-04,2026,2
3244,176,2026-04-27 23:48:58.280948,Ростов-на-Дону,processing,4,17226.010000000002,5167.803000000001,2026-04,2026,2
3766,691,2026-04-27 23:48:58.282485,Санкт-Петербург,completed,10,28194.6,8458.38,2026-04,2026,2
3726,180,2026-04-27 23:48:58.282485,Нижний Новгород,cancelled,5,31477.87,9443.360999999999,2026-04,2026,2
3832,418,2026-04-27 23:48:58.282485,Красноярск,completed,10,29498.85,8849.654999999999,2026-04,2026,2
3886,738,2026-04-27 23:48:58.283920,Москва,completed,3,16672.71,5001.812999999999,2026-04,2026,2
3983,432,2026-04-27 23:48:58.283920,Новосибирск,processing,2,3308.34,992.502,2026-04,2026,2
3926,103,2026-04-27 23:48:58.283920,Казань,completed,2,6379.75,1913.925,2026-04,2026,2
4449,142,2026-04-27 23:48:58.284934,Самара,completed,1,1243.68,373.104,2026-04,2026,2
4771,531,2026-04-27 23:48:58.285929,Казань,processing,8,33915.22,10174.566,2026-04,2026,2
275,875,2026-04-28 23:48:58.273612,Казань,completed,3,13270.56,3981.1679999999997,2026-04,2026,2
451,586,2026-04-28 23:48:58.274623,Уфа,completed,3,9242.14,2772.642,2026-04,2026,2
893,839,2026-04-28 23:48:58.275959,Екатеринбург,completed,10,31545.35,9463.605,2026-04,2026,2
913,602,2026-04-28 23:48:58.275959,Казань,completed,4,7230.69,2169.207,2026-04,2026,2
1141,561,2026-04-28 23:48:58.275959,Казань,completed,6,31491.22,9447.366,2026-04,2026,2
1033,746,2026-04-28 23:48:58.275959,Новосибирск,processing,7,25489.69,7646.906999999999,2026-04,2026,2
1382,208,2026-04-28 23:48:58.276965,Ростов-на-Дону,processing,6,22501.53,6750.459,2026-04,2026,2
1432,672,2026-04-28 23:48:58.276965,Екатеринбург,completed,5,10515.36,3154.608,2026-04,2026,2
1984,106,2026-04-28 23:48:58.277983,Уфа,cancelled,1,12060.74,3618.2219999999998,2026-04,2026,2
1980,397,2026-04-28 23:48:58.277983,Москва,completed,6,50237.78,15071.333999999999,2026-04,2026,2
1953,58,2026-04-28 23:48:58.277983,Новосибирск,completed,4,12015.63,3604.689,2026-04,2026,2
1807,392,2026-04-28 23:48:58.277983,Новосибирск,cancelled,5,27314.83,8194.449,2026-04,2026,2
2221,684,2026-04-28 23:48:58.279317,Екатеринбург,completed,11,34177.880000000005,10253.364000000001,2026-04,2026,2
2562,677,2026-04-28 23:48:58.280322,Ростов-на-Дону,completed,10,37393.369999999995,11218.010999999999,2026-04,2026,2
3140,903,2026-04-28 23:48:58.280948,Москва,cancelled,5,16300.43,4890.129,2026-04,2026,2
2970,320,2026-04-28 23:48:58.280948,Самара,completed,4,20553.89,6166.1669999999995,2026-04,2026,2
3572,147,2026-04-28 23:48:58.282485,Санкт-Петербург,processing,3,5319.65,1595.8949999999998,2026-04,2026,2
3544,217,2026-04-28 23:48:58.282485,Казань,completed,5,20644.83,6193.4490000000005,2026-04,2026,2
3396,831,2026-04-28 23:48:58.282485,Красноярск,cancelled,7,28178.25,8453.475,2026-04,2026,2
4134,270,2026-04-28 23:48:58.283920,Екатеринбург,cancelled,3,13096.87,3929.061,2026-04,2026,2
4410,594,2026-04-28 23:48:58.284934,Ростов-на-Дону,cancelled,3,18283.74,5485.122,2026-04,2026,2
4312,126,2026-04-28 23:48:58.284934,Самара,processing,9,35010.649999999994,10503.194999999998,2026-04,2026,2
4924,166,2026-04-28 23:48:58.285929,Уфа,cancelled,8,33288.479999999996,9986.543999999998,2026-04,2026,2
4720,538,2026-04-28 23:48:58.285929,Нижний Новгород,completed,5,31355.07,9406.520999999999,2026-04,2026,2
4980,859,2026-04-28 23:48:58.285929,Нижний Новгород,completed,11,41307.24,12392.171999999999,2026-04,2026,2
4937,298,2026-04-28 23:48:58.285929,Красноярск,cancelled,12,34849.46,10454.838,2026-04,2026,2
189,142,2026-04-29 23:48:58.273612,Самара,completed,1,14739.15,4421.745,2026-04,2026,2
41,947,2026-04-29 23:48:58.273612,Красноярск,completed,12,24691.53,7407.458999999999,2026-04,2026,2
103,971,2026-04-29 23:48:58.273612,Самара,completed,6,14152.810000000001,4245.843,2026-04,2026,2
709,229,2026-04-29 23:48:58.274623,Казань,completed,7,24775.13,7432.539,2026-04,2026,2
650,211,2026-04-29 23:48:58.274623,Казань,processing,10,22443.67,6733.101,2026-04,2026,2
899,585,2026-04-29 23:48:58.275959,Нижний Новгород,processing,6,28527.28,8558.184,2026-04,2026,2
1856,397,2026-04-29 23:48:58.277983,Москва,cancelled,2,9819.16,2945.748,2026-04,2026,2
1862,707,2026-04-29 23:48:58.277983,Екатеринбург,completed,11,33890.66,10167.198,2026-04,2026,2
2095,477,2026-04-29 23:48:58.279317,Казань,completed,3,15369.669999999998,4610.900999999999,2026-04,2026,2
2628,721,2026-04-29 23:48:58.280322,Казань,completed,7,24363.83,7309.149,2026-04,2026,2
3189,465,2026-04-29 23:48:58.280948,Казань,completed,6,15875.579999999998,4762.673999999999,2026-04,2026,2
3305,240,2026-04-29 23:48:58.280948,Самара,processing,3,13451.17,4035.3509999999997,2026-04,2026,2
3277,456,2026-04-29 23:48:58.280948,Екатеринбург,completed,9,29060.39,8718.117,2026-04,2026,2
2990,336,2026-04-29 23:48:58.280948,Нижний Новгород,processing,4,3502.73,1050.819,2026-04,2026,2
2943,975,2026-04-29 23:48:58.280948,Казань,cancelled,1,1747.57,524.271,2026-04,2026,2
3339,378,2026-04-29 23:48:58.280948,Самара,completed,8,37839.35,11351.804999999998,2026-04,2026,2
2946,826,2026-04-29 23:48:58.280948,Ростов-на-Дону,completed,6,29183.09,8754.927,2026-04,2026,2
3675,66,2026-04-29 23:48:58.282485,Москва,processing,3,17724.68,5317.4039999999995,2026-04,2026,2
3690,969,2026-04-29 23:48:58.282485,Красноярск,completed,8,34747.05,10424.115,2026-04,2026,2
4573,248,2026-04-29 23:48:58.284934,Уфа,processing,2,21193.86,6358.158,2026-04,2026,2
4464,474,2026-04-29 23:48:58.284934,Самара,completed,2,9330.01,2799.003,2026-04,2026,2
4395,703,2026-04-29 23:48:58.284934,Красноярск,cancelled,4,20961.230000000003,6288.369000000001,2026-04,2026,2
4473,210,2026-04-29 23:48:58.284934,Нижний Новгород,completed,7,32963.96,9889.188,2026-04,2026,2
4659,582,2026-04-29 23:48:58.285929,Самара,completed,8,38380.979999999996,11514.293999999998,2026-04,2026,2
4818,974,2026-04-29 23:48:58.285929,Екатеринбург,cancelled,4,8934.27,2680.281,2026-04,2026,2
4939,381,2026-04-29 23:48:58.285929,Екатеринбург,processing,3,12767.02,3830.1059999999998,2026-04,2026,2
164,621,2026-04-30 23:48:58.273612,Москва,completed,6,16844.01,5053.2029999999995,2026-04,2026,2
280,136,2026-04-30 23:48:58.273612,Нижний Новгород,completed,1,8090.78,2427.234,2026-04,2026,2
5,648,2026-04-30 23:48:58.273612,Екатеринбург,processing,1,12939.41,3881.823,2026-04,2026,2
55,373,2026-04-30 23:48:58.273612,Москва,cancelled,11,35237.6,10571.279999999999,2026-04,2026,2
584,976,2026-04-30 23:48:58.274623,Самара,cancelled,5,31119.4,9335.82,2026-04,2026,2
443,569,2026-04-30 23:48:58.274623,Екатеринбург,completed,6,18121.28,5436.383999999999,2026-04,2026,2
595,413,2026-04-30 23:48:58.274623,Красноярск,cancelled,1,14295.3,4288.589999999999,2026-04,2026,2
754,406,2026-04-30 23:48:58.274623,Казань,completed,7,13403.91,4021.173,2026-04,2026,2
960,420,2026-04-30 23:48:58.275959,Москва,completed,4,12661.56,3798.468,2026-04,2026,2
1210,753,2026-04-30 23:48:58.276965,Санкт-Петербург,completed,1,6300.9,1890.2699999999998,2026-04,2026,2
1168,908,2026-04-30 23:48:58.276965,Новосибирск,completed,10,36949.68,11084.904,2026-04,2026,2
1244,329,2026-04-30 23:48:58.276965,Нижний Новгород,completed,13,37396.87,11219.061,2026-04,2026,2
1353,79,2026-04-30 23:48:58.276965,Екатеринбург,cancelled,2,8245.58,2473.674,2026-04,2026,2
1457,823,2026-04-30 23:48:58.276965,Самара,completed,6,15417.539999999999,4625.262,2026-04,2026,2
1329,170,2026-04-30 23:48:58.276965,Санкт-Петербург,completed,2,4813.62,1444.086,2026-04,2026,2
2103,465,2026-04-30 23:48:58.279317,Казань,completed,3,10501.34,3150.402,2026-04,2026,2
2599,582,2026-04-30 23:48:58.280322,Самара,completed,10,38085.78,11425.733999999999,2026-04,2026,2
2918,895,2026-04-30 23:48:58.280948,Красноярск,processing,10,42484.07,12745.221,2026-04,2026,2
3279,477,2026-04-30 23:48:58.280948,Казань,processing,2,12529.94,3758.982,2026-04,2026,2
3200,447,2026-04-30 23:48:58.280948,Новосибирск,cancelled,9,34062.159999999996,10218.648,2026-04,2026,2
3757,510,2026-04-30 23:48:58.282485,Москва,cancelled,1,5685.19,1705.5569999999998,2026-04,2026,2
3409,426,2026-04-30 23:48:58.282485,Екатеринбург,completed,10,58366.049999999996,17509.815,2026-04,2026,2
3788,542,2026-04-30 23:48:58.282485,Самара,completed,8,23009.35,6902.804999999999,2026-04,2026,2
4459,595,2026-04-30 23:48:58.284934,Казань,completed,3,12050.37,3615.1110000000003,2026-04,2026,2
4513,400,2026-04-30 23:48:58.284934,Уфа,completed,3,14960.099999999999,4488.03,2026-04,2026,2
4920,495,2026-04-30 23:48:58.285929,Уфа,processing,5,15282.89,4584.866999999999,2026-04,2026,2
4749,136,2026-04-30 23:48:58.285929,Нижний Новгород,processing,8,31663.64,9499.091999999999,2026-04,2026,2
278,94,2026-05-01 23:48:58.273612,Екатеринбург,completed,7,29481.95,8844.585,2026-05,2026,2
670,81,2026-05-01 23:48:58.274623,Москва,completed,2,12998.48,3899.544,2026-05,2026,2
698,759,2026-05-01 23:48:58.274623,Красноярск,completed,7,28827.49,8648.247,2026-05,2026,2
499,228,2026-05-01 23:48:58.274623,Красноярск,cancelled,6,8710.09,2613.027,2026-05,2026,2
544,145,2026-05-01 23:48:58.274623,Москва,completed,5,28538.0,8561.4,2026-05,2026,2
1130,312,2026-05-01 23:48:58.275959,Самара,processing,3,14281.06,4284.317999999999,2026-05,2026,2
1072,799,2026-05-01 23:48:58.275959,Ростов-на-Дону,completed,3,26094.760000000002,7828.428,2026-05,2026,2
1157,495,2026-05-01 23:48:58.276965,Уфа,completed,6,16241.14,4872.342,2026-05,2026,2
1241,823,2026-05-01 23:48:58.276965,Самара,completed,5,19110.94,5733.281999999999,2026-05,2026,2
1196,244,2026-05-01 23:48:58.276965,Новосибирск,cancelled,5,13287.54,3986.262,2026-05,2026,2
1877,811,2026-05-01 23:48:58.277983,Москва,processing,9,40251.8,12075.54,2026-05,2026,2
3094,600,2026-05-01 23:48:58.280948,Уфа,completed,3,25562.190000000002,7668.657,2026-05,2026,2
2832,111,2026-05-01 23:48:58.280948,Санкт-Петербург,completed,1,7944.68,2383.404,2026-05,2026,2
3256,872,2026-05-01 23:48:58.280948,Казань,processing,11,33857.06,10157.117999999999,2026-05,2026,2
2969,96,2026-05-01 23:48:58.280948,Красноярск,processing,1,3699.85,1109.955,2026-05,2026,2
3433,392,2026-05-01 23:48:58.282485,Новосибирск,cancelled,3,5817.5,1745.25,2026-05,2026,2
3713,664,2026-05-01 23:48:58.282485,Екатеринбург,processing,1,613.6,184.08,2026-05,2026,2
3695,552,2026-05-01 23:48:58.282485,Самара,completed,3,21781.51,6534.4529999999995,2026-05,2026,2
3879,449,2026-05-01 23:48:58.283920,Санкт-Петербург,completed,2,11998.94,3599.6820000000002,2026-05,2026,2
4346,442,2026-05-01 23:48:58.284934,Ростов-на-Дону,completed,5,16250.35,4875.105,2026-05,2026,2
4254,982,2026-05-01 23:48:58.284934,Уфа,completed,4,20429.46,6128.838,2026-05,2026,2
4493,175,2026-05-01 23:48:58.284934,Красноярск,cancelled,5,39769.0,11930.699999999999,2026-05,2026,2
4709,733,2026-05-01 23:48:58.285929,Москва,processing,3,14483.94,4345.182,2026-05,2026,2
4786,859,2026-05-01 23:48:58.285929,Нижний Новгород,completed,9,27947.71,8384.313,2026-05,2026,2
4695,116,2026-05-01 23:48:58.285929,Новосибирск,completed,8,31690.31,9507.093,2026-05,2026,2
4767,181,2026-05-01 23:48:58.285929,Екатеринбург,cancelled,7,42698.26,12809.478000000001,2026-05,2026,2
13,520,2026-05-02 23:48:58.273612,Москва,processing,5,13160.4,3948.12,2026-05,2026,2
168,345,2026-05-02 23:48:58.273612,Ростов-на-Дону,processing,5,5733.599999999999,1720.0799999999997,2026-05,2026,2
380,224,2026-05-02 23:48:58.274623,Новосибирск,completed,5,19801.94,5940.581999999999,2026-05,2026,2
733,98,2026-05-02 23:48:58.274623,Самара,completed,2,9673.05,2901.9149999999995,2026-05,2026,2
940,319,2026-05-02 23:48:58.275959,Казань,completed,7,14970.919999999998,4491.275999999999,2026-05,2026,2
1119,52,2026-05-02 23:48:58.275959,Екатеринбург,completed,4,29066.65,8719.995,2026-05,2026,2
1224,70,2026-05-02 23:48:58.276965,Санкт-Петербург,completed,4,18303.760000000002,5491.128000000001,2026-05,2026,2
1454,417,2026-05-02 23:48:58.276965,Самара,completed,8,38380.950000000004,11514.285000000002,2026-05,2026,2
1153,980,2026-05-02 23:48:58.276965,Москва,completed,1,3135.3,940.59,2026-05,2026,2
1316,870,2026-05-02 23:48:58.276965,Уфа,cancelled,10,46598.96,13979.688,2026-05,2026,2
1941,308,2026-05-02 23:48:58.277983,Казань,processing,6,9598.49,2879.547,2026-05,2026,2
1696,412,2026-05-02 23:48:58.277983,Ростов-на-Дону,completed,5,30500.09,9150.027,2026-05,2026,2
2114,130,2026-05-02 23:48:58.279317,Ростов-на-Дону,completed,4,9749.22,2924.7659999999996,2026-05,2026,2
2398,560,2026-05-02 23:48:58.279317,Новосибирск,completed,3,6027.53,1808.2589999999998,2026-05,2026,2
2313,482,2026-05-02 23:48:58.279317,Красноярск,completed,9,37860.45,11358.134999999998,2026-05,2026,2
2695,268,2026-05-02 23:48:58.280322,Санкт-Петербург,completed,7,24894.17,7468.250999999999,2026-05,2026,2
2565,503,2026-05-02 23:48:58.280322,Новосибирск,completed,7,18214.6,5464.379999999999,2026-05,2026,2
2516,943,2026-05-02 23:48:58.280322,Санкт-Петербург,cancelled,8,32975.64,9892.692,2026-05,2026,2
3072,771,2026-05-02 23:48:58.280948,Ростов-на-Дону,completed,5,25399.760000000002,7619.928,2026-05,2026,2
2975,433,2026-05-02 23:48:58.280948,Самара,completed,3,9689.85,2906.955,2026-05,2026,2
3101,626,2026-05-02 23:48:58.280948,Казань,completed,10,36478.76,10943.628,2026-05,2026,2
2924,43,2026-05-02 23:48:58.280948,Казань,completed,6,22055.72,6616.716,2026-05,2026,2
2935,294,2026-05-02 23:48:58.280948,Екатеринбург,completed,7,45245.82,13573.746,2026-05,2026,2
2928,453,2026-05-02 23:48:58.280948,Самара,completed,10,32582.16,9774.648,2026-05,2026,2
2751,260,2026-05-02 23:48:58.280948,Екатеринбург,processing,6,9258.25,2777.475,2026-05,2026,2
3004,148,2026-05-02 23:48:58.280948,Новосибирск,completed,5,16184.48,4855.344,2026-05,2026,2
3373,213,2026-05-02 23:48:58.282485,Самара,completed,4,5305.24,1591.572,2026-05,2026,2
3573,804,2026-05-02 23:48:58.282485,Казань,completed,6,6205.38,1861.614,2026-05,2026,2
3463,242,2026-05-02 23:48:58.282485,Новосибирск,completed,9,33894.94,10168.482,2026-05,2026,2
3686,128,2026-05-02 23:48:58.282485,Ростов-на-Дону,completed,3,564.75,169.42499999999998,2026-05,2026,2
4086,424,2026-05-02 23:48:58.283920,Екатеринбург,completed,11,30418.64,9125.591999999999,2026-05,2026,2
4523,726,2026-05-02 23:48:58.284934,Новосибирск,cancelled,6,28261.879999999997,8478.563999999998,2026-05,2026,2
4484,26,2026-05-02 23:48:58.284934,Самара,completed,2,4685.92,1405.776,2026-05,2026,2
4328,158,2026-05-02 23:48:58.284934,Самара,completed,5,24005.46,7201.638,2026-05,2026,2
4687,701,2026-05-02 23:48:58.285929,Нижний Новгород,completed,8,38229.18,11468.753999999999,2026-05,2026,2
4843,275,2026-05-02 23:48:58.285929,Ростов-на-Дону,completed,12,35794.61,10738.383,2026-05,2026,2
4694,80,2026-05-02 23:48:58.285929,Казань,completed,7,23610.02,7083.006,2026-05,2026,2
160,412,2026-05-03 23:48:58.273612,Ростов-на-Дону,completed,3,11927.98,3578.394,2026-05,2026,2
108,96,2026-05-03 23:48:58.273612,Красноярск,cancelled,6,18279.75,5483.925,2026-05,2026,2
665,730,2026-05-03 23:48:58.274623,Казань,completed,13,46351.83,13905.549,2026-05,2026,2
504,708,2026-05-03 23:48:58.274623,Нижний Новгород,completed,4,12752.52,3825.756,2026-05,2026,2
1325,476,2026-05-03 23:48:58.276965,Москва,processing,3,4873.88,1462.164,2026-05,2026,2
1351,7,2026-05-03 23:48:58.276965,Москва,completed,1,10374.1,3112.23,2026-05,2026,2
1267,951,2026-05-03 23:48:58.276965,Красноярск,completed,3,9424.69,2827.407,2026-05,2026,2
1747,409,2026-05-03 23:48:58.277983,Екатеринбург,completed,2,971.05,291.315,2026-05,2026,2
1973,927,2026-05-03 23:48:58.277983,Ростов-на-Дону,completed,10,34041.45,10212.435,2026-05,2026,2
1864,93,2026-05-03 23:48:58.277983,Санкт-Петербург,completed,7,40536.57,12160.971,2026-05,2026,2
1800,242,2026-05-03 23:48:58.277983,Новосибирск,completed,6,20521.3,6156.389999999999,2026-05,2026,2
2508,876,2026-05-03 23:48:58.280322,Казань,cancelled,11,52776.04,15832.812,2026-05,2026,2
2836,84,2026-05-03 23:48:58.280948,Санкт-Петербург,completed,10,22695.75,6808.724999999999,2026-05,2026,2
2756,174,2026-05-03 23:48:58.280948,Красноярск,completed,8,37632.24,11289.671999999999,2026-05,2026,2
3349,208,2026-05-03 23:48:58.280948,Ростов-на-Дону,cancelled,9,37961.74,11388.521999999999,2026-05,2026,2
3287,863,2026-05-03 23:48:58.280948,Уфа,processing,7,43434.92,13030.475999999999,2026-05,2026,2
3133,583,2026-05-03 23:48:58.280948,Самара,completed,1,10183.72,3055.1159999999995,2026-05,2026,2
2910,848,2026-05-03 23:48:58.280948,Ростов-на-Дону,completed,9,46661.49,13998.446999999998,2026-05,2026,2
3485,14,2026-05-03 23:48:58.282485,Красноярск,cancelled,8,23203.77,6961.131,2026-05,2026,2
3824,718,2026-05-03 23:48:58.282485,Красноярск,processing,2,1311.08,393.32399999999996,2026-05,2026,2
3616,317,2026-05-03 23:48:58.282485,Уфа,cancelled,10,50997.64,15299.292,2026-05,2026,2
3885,467,2026-05-03 23:48:58.283920,Москва,cancelled,1,1014.69,304.407,2026-05,2026,2
3871,954,2026-05-03 23:48:58.283920,Ростов-на-Дону,completed,8,29269.550000000003,8780.865,2026-05,2026,2
4050,418,2026-05-03 23:48:58.283920,Красноярск,completed,3,13124.93,3937.479,2026-05,2026,2
4511,513,2026-05-03 23:48:58.284934,Самара,completed,3,14472.97,4341.891,2026-05,2026,2
4384,538,2026-05-03 23:48:58.284934,Нижний Новгород,completed,9,29101.3,8730.39,2026-05,2026,2
4715,579,2026-05-03 23:48:58.285929,Москва,processing,3,9054.45,2716.335,2026-05,2026,2
4976,310,2026-05-03 23:48:58.285929,Москва,completed,5,16665.41,4999.623,2026-05,2026,2
4870,105,2026-05-03 23:48:58.285929,Ростов-на-Дону,completed,7,28798.0,8639.4,2026-05,2026,2
40,709,2026-05-04 23:48:58.273612,Самара,completed,8,42662.62,12798.786,2026-05,2026,2
692,79,2026-05-04 23:48:58.274623,Екатеринбург,completed,10,30759.84,9227.952,2026-05,2026,2
357,904,2026-05-04 23:48:58.274623,Санкт-Петербург,completed,10,42295.770000000004,12688.731000000002,2026-05,2026,2
779,303,2026-05-04 23:48:58.275959,Ростов-на-Дону,completed,2,7125.31,2137.593,2026-05,2026,2
837,960,2026-05-04 23:48:58.275959,Самара,completed,4,30373.22,9111.966,2026-05,2026,2
1515,432,2026-05-04 23:48:58.276965,Новосибирск,completed,6,6912.76,2073.828,2026-05,2026,2
1154,987,2026-05-04 23:48:58.276965,Нижний Новгород,completed,4,5035.86,1510.7579999999998,2026-05,2026,2
1633,162,2026-05-04 23:48:58.277983,Уфа,completed,2,14600.75,4380.224999999999,2026-05,2026,2
1966,89,2026-05-04 23:48:58.277983,Казань,completed,13,48693.56,14608.068,2026-05,2026,2
1928,577,2026-05-04 23:48:58.277983,Ростов-на-Дону,processing,6,31776.16,9532.848,2026-05,2026,2
1890,876,2026-05-04 23:48:58.277983,Казань,processing,10,32637.0,9791.1,2026-05,2026,2
1605,320,2026-05-04 23:48:58.277983,Самара,completed,4,15859.800000000001,4757.9400000000005,2026-05,2026,2
2216,316,2026-05-04 23:48:58.279317,Самара,processing,3,10010.38,3003.1139999999996,2026-05,2026,2
2187,20,2026-05-04 23:48:58.279317,Нижний Новгород,completed,7,35745.47,10723.641,2026-05,2026,2
2395,415,2026-05-04 23:48:58.279317,Санкт-Петербург,completed,8,30162.34,9048.702,2026-05,2026,2
2259,185,2026-05-04 23:48:58.279317,Санкт-Петербург,processing,3,3080.18,924.0539999999999,2026-05,2026,2
2606,345,2026-05-04 23:48:58.280322,Ростов-на-Дону,processing,2,9492.77,2847.831,2026-05,2026,2
2546,743,2026-05-04 23:48:58.280322,Нижний Новгород,completed,10,48029.96,14408.988,2026-05,2026,2
2629,591,2026-05-04 23:48:58.280322,Ростов-на-Дону,completed,3,2444.51,733.3530000000001,2026-05,2026,2
2663,258,2026-05-04 23:48:58.280322,Санкт-Петербург,completed,3,22220.760000000002,6666.228,2026-05,2026,2
3262,384,2026-05-04 23:48:58.280948,Санкт-Петербург,processing,3,15788.650000000001,4736.595,2026-05,2026,2
3000,599,2026-05-04 23:48:58.280948,Самара,cancelled,12,28601.420000000002,8580.426,2026-05,2026,2
2787,787,2026-05-04 23:48:58.280948,Ростов-на-Дону,cancelled,2,16855.96,5056.788,2026-05,2026,2
3282,377,2026-05-04 23:48:58.280948,Новосибирск,completed,10,21899.87,6569.960999999999,2026-05,2026,2
3574,131,2026-05-04 23:48:58.282485,Ростов-на-Дону,completed,5,10857.699999999999,3257.3099999999995,2026-05,2026,2
3963,939,2026-05-04 23:48:58.283920,Самара,cancelled,7,27609.05,8282.715,2026-05,2026,2
4591,37,2026-05-04 23:48:58.284934,Самара,processing,5,34112.93,10233.878999999999,2026-05,2026,2
4637,22,2026-05-04 23:48:58.285929,Санкт-Петербург,completed,13,42296.33,12688.899,2026-05,2026,2
4917,559,2026-05-04 23:48:58.285929,Красноярск,completed,4,14262.08,4278.624,2026-05,2026,2
4896,18,2026-05-04 23:48:58.285929,Екатеринбург,cancelled,2,6701.44,2010.4319999999998,2026-05,2026,2
86,810,2026-05-05 23:48:58.273612,Казань,completed,1,5123.45,1537.0349999999999,2026-05,2026,2
459,641,2026-05-05 23:48:58.274623,Ростов-на-Дону,processing,7,23755.079999999998,7126.523999999999,2026-05,2026,2
564,761,2026-05-05 23:48:58.274623,Красноярск,processing,11,50558.229999999996,15167.468999999997,2026-05,2026,2
454,275,2026-05-05 23:48:58.274623,Ростов-на-Дону,completed,9,28322.71,8496.813,2026-05,2026,2
718,996,2026-05-05 23:48:58.274623,Казань,completed,3,2338.27,701.481,2026-05,2026,2
807,857,2026-05-05 23:48:58.275959,Казань,processing,8,30165.34,9049.601999999999,2026-05,2026,2
2047,336,2026-05-05 23:48:58.277983,Нижний Новгород,cancelled,7,32319.0,9695.699999999999,2026-05,2026,2
1892,904,2026-05-05 23:48:58.277983,Санкт-Петербург,completed,3,10816.929999999998,3245.0789999999993,2026-05,2026,2
2440,312,2026-05-05 23:48:58.279317,Самара,processing,8,38300.130000000005,11490.039,2026-05,2026,2
2316,464,2026-05-05 23:48:58.279317,Екатеринбург,completed,8,41080.619999999995,12324.185999999998,2026-05,2026,2
2730,765,2026-05-05 23:48:58.280322,Санкт-Петербург,completed,4,20855.02,6256.506,2026-05,2026,2
2525,140,2026-05-05 23:48:58.280322,Казань,completed,3,2225.89,667.7669999999999,2026-05,2026,2
2581,270,2026-05-05 23:48:58.280322,Екатеринбург,processing,7,26508.93,7952.679,2026-05,2026,2
2528,336,2026-05-05 23:48:58.280322,Нижний Новгород,completed,3,24808.34,7442.5019999999995,2026-05,2026,2
3071,243,2026-05-05 23:48:58.280948,Москва,processing,7,14202.75,4260.825,2026-05,2026,2
2774,119,2026-05-05 23:48:58.280948,Санкт-Петербург,completed,4,21864.03,6559.209,2026-05,2026,2
3151,478,2026-05-05 23:48:58.280948,Красноярск,completed,12,37652.41,11295.723,2026-05,2026,2
2905,966,2026-05-05 23:48:58.280948,Уфа,completed,7,8187.69,2456.307,2026-05,2026,2
3129,288,2026-05-05 23:48:58.280948,Казань,cancelled,1,1861.37,558.411,2026-05,2026,2
2875,869,2026-05-05 23:48:58.280948,Санкт-Петербург,cancelled,3,9755.56,2926.6679999999997,2026-05,2026,2
3266,979,2026-05-05 23:48:58.280948,Самара,completed,8,35377.020000000004,10613.106000000002,2026-05,2026,2
3754,952,2026-05-05 23:48:58.282485,Казань,completed,10,50257.6,15077.279999999999,2026-05,2026,2
3974,327,2026-05-05 23:48:58.283920,Екатеринбург,completed,3,6491.45,1947.435,2026-05,2026,2
4583,242,2026-05-05 23:48:58.284934,Новосибирск,completed,4,6394.67,1918.4009999999998,2026-05,2026,2
4240,829,2026-05-05 23:48:58.284934,Нижний Новгород,completed,5,12834.66,3850.3979999999997,2026-05,2026,2
4213,80,2026-05-05 23:48:58.284934,Казань,completed,7,25324.61,7597.383,2026-05,2026,2
4293,466,2026-05-05 23:48:58.284934,Самара,cancelled,11,52905.32,15871.596,2026-05,2026,2
4474,576,2026-05-05 23:48:58.284934,Екатеринбург,completed,5,32654.6,9796.38,2026-05,2026,2
4682,266,2026-05-05 23:48:58.285929,Нижний Новгород,completed,8,25652.9,7695.87,2026-05,2026,2
4641,394,2026-05-05 23:48:58.285929,Красноярск,completed,10,25546.19,7663.856999999999,2026-05,2026,2
4910,61,2026-05-05 23:48:58.285929,Красноярск,completed,6,17234.21,5170.263,2026-05,2026,2
202,722,2026-05-06 23:48:58.273612,Красноярск,completed,1,3227.14,968.1419999999999,2026-05,2026,2
74,939,2026-05-06 23:48:58.273612,Самара,completed,6,24892.739999999998,7467.821999999999,2026-05,2026,2
169,546,2026-05-06 23:48:58.273612,Москва,cancelled,13,35698.55,10709.565,2026-05,2026,2
727,430,2026-05-06 23:48:58.274623,Ростов-на-Дону,completed,1,9114.7,2734.4100000000003,2026-05,2026,2
550,171,2026-05-06 23:48:58.274623,Новосибирск,completed,1,5739.17,1721.751,2026-05,2026,2
1036,351,2026-05-06 23:48:58.275959,Самара,completed,4,12265.2,3679.56,2026-05,2026,2
871,861,2026-05-06 23:48:58.275959,Новосибирск,completed,4,8627.5,2588.25,2026-05,2026,2
950,382,2026-05-06 23:48:58.275959,Нижний Новгород,processing,3,5477.01,1643.103,2026-05,2026,2
1117,770,2026-05-06 23:48:58.275959,Самара,completed,5,14829.71,4448.913,2026-05,2026,2
1796,342,2026-05-06 23:48:58.277983,Красноярск,completed,8,13604.6,4081.38,2026-05,2026,2
1647,714,2026-05-06 23:48:58.277983,Ростов-на-Дону,completed,5,8366.29,2509.887,2026-05,2026,2
2193,725,2026-05-06 23:48:58.279317,Красноярск,completed,5,28843.989999999998,8653.196999999998,2026-05,2026,2
2447,184,2026-05-06 23:48:58.279317,Нижний Новгород,cancelled,6,17013.28,5103.9839999999995,2026-05,2026,2
2604,101,2026-05-06 23:48:58.280322,Казань,completed,3,3472.28,1041.684,2026-05,2026,2
2573,169,2026-05-06 23:48:58.280322,Санкт-Петербург,completed,1,7142.0,2142.6,2026-05,2026,2
3002,954,2026-05-06 23:48:58.280948,Ростов-на-Дону,cancelled,6,11456.880000000001,3437.0640000000003,2026-05,2026,2
2767,324,2026-05-06 23:48:58.280948,Уфа,completed,6,17160.95,5148.285,2026-05,2026,2
3257,908,2026-05-06 23:48:58.280948,Новосибирск,completed,10,37801.99,11340.597,2026-05,2026,2
3495,727,2026-05-06 23:48:58.282485,Казань,cancelled,3,10319.08,3095.7239999999997,2026-05,2026,2
3588,649,2026-05-06 23:48:58.282485,Екатеринбург,completed,8,24595.24,7378.572,2026-05,2026,2
3653,407,2026-05-06 23:48:58.282485,Казань,completed,6,24866.989999999998,7460.096999999999,2026-05,2026,2
3458,891,2026-05-06 23:48:58.282485,Самара,completed,5,25426.35,7627.904999999999,2026-05,2026,2
3846,972,2026-05-06 23:48:58.282485,Уфа,completed,8,15801.169999999998,4740.351,2026-05,2026,2
3728,842,2026-05-06 23:48:58.282485,Ростов-на-Дону,completed,7,27567.300000000003,8270.19,2026-05,2026,2
3918,584,2026-05-06 23:48:58.283920,Самара,cancelled,10,50363.46,15109.037999999999,2026-05,2026,2
4215,104,2026-05-06 23:48:58.284934,Уфа,completed,7,25951.230000000003,7785.369000000001,2026-05,2026,2
4423,55,2026-05-06 23:48:58.284934,Самара,completed,10,43810.66,13143.198,2026-05,2026,2
4380,2,2026-05-06 23:48:58.284934,Екатеринбург,completed,3,15803.89,4741.1669999999995,2026-05,2026,2
4314,678,2026-05-06 23:48:58.284934,Уфа,completed,3,6703.14,2010.942,2026-05,2026,2
4906,886,2026-05-06 23:48:58.285929,Екатеринбург,processing,5,9645.58,2893.674,2026-05,2026,2
547,191,2026-05-07 23:48:58.274623,Нижний Новгород,cancelled,5,36607.68,10982.304,2026-05,2026,2
597,466,2026-05-07 23:48:58.274623,Самара,completed,8,23225.3,6967.589999999999,2026-05,2026,2
787,558,2026-05-07 23:48:58.275959,Москва,completed,8,44166.1,13249.83,2026-05,2026,2
937,759,2026-05-07 23:48:58.275959,Красноярск,processing,2,12018.56,3605.5679999999998,2026-05,2026,2
824,984,2026-05-07 23:48:58.275959,Санкт-Петербург,cancelled,4,13196.95,3959.085,2026-05,2026,2
1099,943,2026-05-07 23:48:58.275959,Санкт-Петербург,completed,5,9386.73,2816.019,2026-05,2026,2
1298,326,2026-05-07 23:48:58.276965,Самара,completed,13,42283.78,12685.134,2026-05,2026,2
1724,178,2026-05-07 23:48:58.277983,Уфа,cancelled,5,12816.56,3844.968,2026-05,2026,2
1669,110,2026-05-07 23:48:58.277983,Уфа,completed,5,25953.16,7785.947999999999,2026-05,2026,2
2077,739,2026-05-07 23:48:58.277983,Ростов-на-Дону,cancelled,9,41694.9,12508.47,2026-05,2026,2
2113,294,2026-05-07 23:48:58.279317,Екатеринбург,completed,3,11468.04,3440.4120000000003,2026-05,2026,2
2249,17,2026-05-07 23:48:58.279317,Ростов-на-Дону,completed,8,29435.48,8830.644,2026-05,2026,2
2575,399,2026-05-07 23:48:58.280322,Нижний Новгород,completed,9,43025.57,12907.671,2026-05,2026,2
2776,575,2026-05-07 23:48:58.280948,Казань,completed,1,12028.02,3608.406,2026-05,2026,2
2914,230,2026-05-07 23:48:58.280948,Казань,completed,8,50140.659999999996,15042.197999999999,2026-05,2026,2
3017,302,2026-05-07 23:48:58.280948,Ростов-на-Дону,completed,9,31307.239999999998,9392.171999999999,2026-05,2026,2
2869,987,2026-05-07 23:48:58.280948,Нижний Новгород,completed,1,8510.26,2553.078,2026-05,2026,2
3625,878,2026-05-07 23:48:58.282485,Самара,cancelled,12,39168.92,11750.676,2026-05,2026,2
4102,619,2026-05-07 23:48:58.283920,Екатеринбург,completed,3,12881.23,3864.3689999999997,2026-05,2026,2
4419,311,2026-05-07 23:48:58.284934,Новосибирск,completed,2,6760.25,2028.0749999999998,2026-05,2026,2
4246,977,2026-05-07 23:48:58.284934,Казань,completed,2,5871.79,1761.537,2026-05,2026,2
4780,281,2026-05-07 23:48:58.285929,Екатеринбург,completed,3,7741.9,2322.5699999999997,2026-05,2026,2
4829,685,2026-05-07 23:48:58.285929,Ростов-на-Дону,completed,5,29672.87,8901.860999999999,2026-05,2026,2
4871,811,2026-05-07 23:48:58.285929,Москва,completed,2,17960.449999999997,5388.134999999999,2026-05,2026,2
4849,275,2026-05-07 23:48:58.285929,Ростов-на-Дону,cancelled,11,13417.46,4025.2379999999994,2026-05,2026,2
197,625,2026-05-08 23:48:58.273612,Ростов-на-Дону,completed,7,41252.72,12375.816,2026-05,2026,2
383,935,2026-05-08 23:48:58.274623,Нижний Новгород,cancelled,8,49898.86,14969.658,2026-05,2026,2
1067,956,2026-05-08 23:48:58.275959,Красноярск,completed,8,9665.01,2899.503,2026-05,2026,2
1394,235,2026-05-08 23:48:58.276965,Новосибирск,completed,6,34277.54,10283.262,2026-05,2026,2
1333,750,2026-05-08 23:48:58.276965,Москва,completed,4,4097.66,1229.298,2026-05,2026,2
1350,499,2026-05-08 23:48:58.276965,Екатеринбург,processing,7,16436.59,4930.977,2026-05,2026,2
1373,889,2026-05-08 23:48:58.276965,Уфа,completed,3,1135.13,340.53900000000004,2026-05,2026,2
1415,569,2026-05-08 23:48:58.276965,Екатеринбург,completed,4,8130.31,2439.093,2026-05,2026,2
2033,998,2026-05-08 23:48:58.277983,Ростов-на-Дону,completed,9,31327.3,9398.189999999999,2026-05,2026,2
1922,90,2026-05-08 23:48:58.277983,Уфа,cancelled,4,16096.48,4828.9439999999995,2026-05,2026,2
2091,582,2026-05-08 23:48:58.279317,Самара,cancelled,7,35367.369999999995,10610.210999999998,2026-05,2026,2
2495,20,2026-05-08 23:48:58.280322,Нижний Новгород,completed,8,45354.14,13606.242,2026-05,2026,2
3223,245,2026-05-08 23:48:58.280948,Нижний Новгород,cancelled,9,18419.68,5525.9039999999995,2026-05,2026,2
3265,712,2026-05-08 23:48:58.280948,Нижний Новгород,cancelled,11,37447.81,11234.342999999999,2026-05,2026,2
2861,215,2026-05-08 23:48:58.280948,Москва,cancelled,1,11368.03,3410.409,2026-05,2026,2
3474,840,2026-05-08 23:48:58.282485,Нижний Новгород,completed,4,34270.69,10281.207,2026-05,2026,2
3667,394,2026-05-08 23:48:58.282485,Красноярск,cancelled,6,29010.77,8703.231,2026-05,2026,2
4042,810,2026-05-08 23:48:58.283920,Казань,completed,4,10394.02,3118.206,2026-05,2026,2
4315,330,2026-05-08 23:48:58.284934,Санкт-Петербург,completed,9,24730.010000000002,7419.003000000001,2026-05,2026,2
4840,793,2026-05-08 23:48:58.285929,Самара,completed,5,25833.64,7750.092,2026-05,2026,2
4826,358,2026-05-08 23:48:58.285929,Красноярск,processing,8,32167.2,9650.16,2026-05,2026,2
4731,670,2026-05-08 23:48:58.285929,Екатеринбург,processing,6,36357.28,10907.184,2026-05,2026,2
4893,286,2026-05-08 23:48:58.285929,Новосибирск,completed,4,36343.44,10903.032000000001,2026-05,2026,2
91,735,2026-05-09 23:48:58.273612,Новосибирск,processing,7,19657.190000000002,5897.157,2026-05,2026,2
25,713,2026-05-09 23:48:58.273612,Нижний Новгород,cancelled,4,20003.530000000002,6001.059,2026-05,2026,2
211,263,2026-05-09 23:48:58.273612,Уфа,completed,5,3622.77,1086.831,2026-05,2026,2
622,219,2026-05-09 23:48:58.274623,Красноярск,completed,12,38738.0,11621.4,2026-05,2026,2
350,121,2026-05-09 23:48:58.274623,Уфа,completed,11,36240.58,10872.174,2026-05,2026,2
1089,872,2026-05-09 23:48:58.275959,Казань,completed,4,14607.720000000001,4382.316,2026-05,2026,2
851,849,2026-05-09 23:48:58.275959,Москва,processing,3,12160.64,3648.1919999999996,2026-05,2026,2
1021,989,2026-05-09 23:48:58.275959,Москва,completed,6,14084.05,4225.214999999999,2026-05,2026,2
875,615,2026-05-09 23:48:58.275959,Санкт-Петербург,completed,5,20365.25,6109.575,2026-05,2026,2
1398,261,2026-05-09 23:48:58.276965,Ростов-на-Дону,completed,2,4043.23,1212.969,2026-05,2026,2
1359,692,2026-05-09 23:48:58.276965,Самара,completed,3,15983.76,4795.128,2026-05,2026,2
1833,705,2026-05-09 23:48:58.277983,Санкт-Петербург,completed,4,12595.42,3778.6259999999997,2026-05,2026,2
1579,970,2026-05-09 23:48:58.277983,Екатеринбург,completed,6,11631.57,3489.471,2026-05,2026,2
2321,17,2026-05-09 23:48:58.279317,Ростов-на-Дону,cancelled,6,36238.89,10871.667,2026-05,2026,2
2826,929,2026-05-09 23:48:58.280948,Санкт-Петербург,completed,4,12227.59,3668.277,2026-05,2026,2
2850,672,2026-05-09 23:48:58.280948,Екатеринбург,completed,6,12495.21,3748.5629999999996,2026-05,2026,2
3803,972,2026-05-09 23:48:58.282485,Уфа,cancelled,10,50308.270000000004,15092.481,2026-05,2026,2
3618,588,2026-05-09 23:48:58.282485,Новосибирск,cancelled,8,51207.46,15362.238,2026-05,2026,2
3969,816,2026-05-09 23:48:58.283920,Екатеринбург,completed,8,41374.7,12412.409999999998,2026-05,2026,2
4001,76,2026-05-09 23:48:58.283920,Уфа,processing,3,10720.52,3216.156,2026-05,2026,2
4027,480,2026-05-09 23:48:58.283920,Санкт-Петербург,completed,9,31093.75,9328.125,2026-05,2026,2
3939,340,2026-05-09 23:48:58.283920,Красноярск,completed,2,13507.43,4052.229,2026-05,2026,2
3915,152,2026-05-09 23:48:58.283920,Казань,completed,9,31930.879999999997,9579.264,2026-05,2026,2
4593,442,2026-05-09 23:48:58.284934,Ростов-на-Дону,completed,9,30024.03,9007.208999999999,2026-05,2026,2
4495,488,2026-05-09 23:48:58.284934,Красноярск,completed,6,37284.58,11185.374,2026-05,2026,2
4901,379,2026-05-09 23:48:58.285929,Санкт-Петербург,processing,4,5159.05,1547.715,2026-05,2026,2
4760,776,2026-05-09 23:48:58.285929,Самара,cancelled,9,31466.82,9440.046,2026-05,2026,2
895,888,2026-05-10 23:48:58.275959,Москва,processing,4,35203.01,10560.903,2026-05,2026,2
878,84,2026-05-10 23:48:58.275959,Санкт-Петербург,completed,7,33724.57,10117.371,2026-05,2026,2
1552,66,2026-05-10 23:48:58.276965,Москва,processing,2,23900.22,7170.066,2026-05,2026,2
1230,544,2026-05-10 23:48:58.276965,Нижний Новгород,processing,3,14370.73,4311.219,2026-05,2026,2
1948,939,2026-05-10 23:48:58.277983,Самара,completed,3,1437.77,431.33099999999996,2026-05,2026,2
1744,85,2026-05-10 23:48:58.277983,Екатеринбург,processing,7,30304.29,9091.287,2026-05,2026,2
2454,703,2026-05-10 23:48:58.279317,Красноярск,cancelled,4,18692.989999999998,5607.896999999999,2026-05,2026,2
2430,311,2026-05-10 23:48:58.279317,Новосибирск,processing,4,18239.5,5471.849999999999,2026-05,2026,2
2137,400,2026-05-10 23:48:58.279317,Уфа,completed,12,39617.520000000004,11885.256000000001,2026-05,2026,2
2134,409,2026-05-10 23:48:58.279317,Екатеринбург,completed,5,20237.809999999998,6071.342999999999,2026-05,2026,2
2270,865,2026-05-10 23:48:58.279317,Нижний Новгород,completed,10,29565.58,8869.674,2026-05,2026,2
2549,365,2026-05-10 23:48:58.280322,Нижний Новгород,cancelled,7,27337.67,8201.301,2026-05,2026,2
3166,111,2026-05-10 23:48:58.280948,Санкт-Петербург,completed,8,33343.05,10002.915,2026-05,2026,2
2934,252,2026-05-10 23:48:58.280948,Красноярск,completed,10,30068.81,9020.643,2026-05,2026,2
3109,624,2026-05-10 23:48:58.280948,Новосибирск,completed,6,29584.22,8875.266,2026-05,2026,2
2885,911,2026-05-10 23:48:58.280948,Красноярск,completed,5,11650.94,3495.282,2026-05,2026,2
3568,439,2026-05-10 23:48:58.282485,Красноярск,cancelled,6,24360.95,7308.285,2026-05,2026,2
4123,494,2026-05-10 23:48:58.283920,Новосибирск,processing,8,25039.79,7511.937,2026-05,2026,2
4103,720,2026-05-10 23:48:58.283920,Нижний Новгород,completed,4,15901.4,4770.42,2026-05,2026,2
3988,572,2026-05-10 23:48:58.283920,Уфа,completed,4,14329.45,4298.835,2026-05,2026,2
4379,361,2026-05-10 23:48:58.284934,Самара,processing,10,29077.559999999998,8723.267999999998,2026-05,2026,2
4558,585,2026-05-10 23:48:58.284934,Нижний Новгород,processing,4,17569.059999999998,5270.717999999999,2026-05,2026,2
4968,932,2026-05-10 23:48:58.285929,Казань,completed,2,22158.93,6647.679,2026-05,2026,2
4943,537,2026-05-10 23:48:58.285929,Санкт-Петербург,completed,8,22171.980000000003,6651.594000000001,2026-05,2026,2
220,735,2026-05-11 23:48:58.273612,Новосибирск,completed,10,13881.599999999999,4164.48,2026-05,2026,2
145,689,2026-05-11 23:48:58.273612,Уфа,completed,8,22872.34,6861.702,2026-05,2026,2
700,48,2026-05-11 23:48:58.274623,Нижний Новгород,completed,2,13465.37,4039.611,2026-05,2026,2
358,101,2026-05-11 23:48:58.274623,Казань,completed,5,28162.68,8448.804,2026-05,2026,2
660,177,2026-05-11 23:48:58.274623,Красноярск,completed,1,1106.84,332.05199999999996,2026-05,2026,2
793,829,2026-05-11 23:48:58.275959,Нижний Новгород,processing,11,36754.39,11026.317,2026-05,2026,2
1115,870,2026-05-11 23:48:58.275959,Уфа,completed,9,44374.37,13312.311,2026-05,2026,2
2002,30,2026-05-11 23:48:58.277983,Красноярск,cancelled,7,7883.51,2365.053,2026-05,2026,2
1577,294,2026-05-11 23:48:58.277983,Екатеринбург,processing,4,27508.36,8252.508,2026-05,2026,2
2097,252,2026-05-11 23:48:58.279317,Красноярск,cancelled,6,15710.519999999999,4713.155999999999,2026-05,2026,2
3203,151,2026-05-11 23:48:58.280948,Ростов-на-Дону,completed,5,8190.119999999999,2457.0359999999996,2026-05,2026,2
2740,11,2026-05-11 23:48:58.280948,Уфа,completed,1,726.8,218.04,2026-05,2026,2
3843,293,2026-05-11 23:48:58.282485,Новосибирск,completed,2,13015.22,3904.566,2026-05,2026,2
3483,733,2026-05-11 23:48:58.282485,Москва,completed,2,22984.65,6895.395,2026-05,2026,2
4168,201,2026-05-11 23:48:58.283920,Уфа,completed,11,26109.309999999998,7832.792999999999,2026-05,2026,2
4521,386,2026-05-11 23:48:58.284934,Санкт-Петербург,processing,5,5899.39,1769.817,2026-05,2026,2
4745,729,2026-05-11 23:48:58.285929,Екатеринбург,cancelled,5,26191.420000000002,7857.426,2026-05,2026,2
4940,258,2026-05-11 23:48:58.285929,Санкт-Петербург,completed,11,26811.71,8043.512999999999,2026-05,2026,2
4975,681,2026-05-11 23:48:58.285929,Екатеринбург,completed,4,15431.81,4629.543,2026-05,2026,2
4719,622,2026-05-11 23:48:58.285929,Нижний Новгород,cancelled,12,36623.659999999996,10987.097999999998,2026-05,2026,2
4703,384,2026-05-11 23:48:58.285929,Санкт-Петербург,completed,14,33538.34,10061.501999999999,2026-05,2026,2
4890,591,2026-05-11 23:48:58.285929,Ростов-на-Дону,completed,5,42651.270000000004,12795.381000000001,2026-05,2026,2
4945,154,2026-05-11 23:48:58.285929,Екатеринбург,completed,1,7607.71,2282.313,2026-05,2026,2
88,378,2026-05-12 23:48:58.273612,Самара,processing,1,1948.2,584.46,2026-05,2026,2
256,122,2026-05-12 23:48:58.273612,Екатеринбург,completed,4,21510.42,6453.125999999999,2026-05,2026,2
138,528,2026-05-12 23:48:58.273612,Казань,completed,5,17112.13,5133.639,2026-05,2026,2
130,248,2026-05-12 23:48:58.273612,Уфа,completed,9,34835.5,10450.65,2026-05,2026,2
711,899,2026-05-12 23:48:58.274623,Красноярск,completed,10,33530.65,10059.195,2026-05,2026,2
744,461,2026-05-12 23:48:58.274623,Уфа,completed,3,29694.79,8908.437,2026-05,2026,2
354,390,2026-05-12 23:48:58.274623,Новосибирск,processing,6,28459.050000000003,8537.715,2026-05,2026,2
1215,339,2026-05-12 23:48:58.276965,Ростов-на-Дону,cancelled,5,13140.17,3942.051,2026-05,2026,2
2011,81,2026-05-12 23:48:58.277983,Москва,processing,7,14396.0,4318.8,2026-05,2026,2
1983,342,2026-05-12 23:48:58.277983,Красноярск,completed,5,26280.84,7884.2519999999995,2026-05,2026,2
2015,728,2026-05-12 23:48:58.277983,Красноярск,completed,7,23327.350000000002,6998.205000000001,2026-05,2026,2
2169,302,2026-05-12 23:48:58.279317,Ростов-на-Дону,cancelled,7,37813.19,11343.957,2026-05,2026,2
2298,873,2026-05-12 23:48:58.279317,Санкт-Петербург,completed,10,20898.16,6269.447999999999,2026-05,2026,2
2563,812,2026-05-12 23:48:58.280322,Уфа,completed,8,41184.86,12355.458,2026-05,2026,2
2630,677,2026-05-12 23:48:58.280322,Ростов-на-Дону,completed,4,23382.25,7014.675,2026-05,2026,2
2773,723,2026-05-12 23:48:58.280948,Санкт-Петербург,completed,9,29599.32,8879.796,2026-05,2026,2
2894,673,2026-05-12 23:48:58.280948,Нижний Новгород,completed,6,25254.83,7576.4490000000005,2026-05,2026,2
3576,896,2026-05-12 23:48:58.282485,Ростов-на-Дону,completed,2,8001.72,2400.516,2026-05,2026,2
3745,363,2026-05-12 23:48:58.282485,Ростов-на-Дону,processing,7,28297.08,8489.124,2026-05,2026,2
3464,437,2026-05-12 23:48:58.282485,Ростов-на-Дону,completed,3,20354.13,6106.2390000000005,2026-05,2026,2
4097,922,2026-05-12 23:48:58.283920,Красноярск,completed,10,27109.63,8132.889,2026-05,2026,2
4452,367,2026-05-12 23:48:58.284934,Ростов-на-Дону,completed,4,9882.060000000001,2964.6180000000004,2026-05,2026,2
4453,438,2026-05-12 23:48:58.284934,Новосибирск,completed,6,21479.92,6443.976,2026-05,2026,2
4239,302,2026-05-12 23:48:58.284934,Ростов-на-Дону,cancelled,1,4767.72,1430.316,2026-05,2026,2
4674,10,2026-05-12 23:48:58.285929,Красноярск,completed,4,29427.28,8828.184,2026-05,2026,2
4950,640,2026-05-12 23:48:58.285929,Екатеринбург,processing,4,24592.17,7377.650999999999,2026-05,2026,2
124,496,2026-05-13 23:48:58.273612,Казань,completed,5,22924.62,6877.3859999999995,2026-05,2026,2
282,573,2026-05-13 23:48:58.273612,Ростов-на-Дону,cancelled,2,11749.06,3524.718,2026-05,2026,2
770,44,2026-05-13 23:48:58.274623,Новосибирск,completed,7,18066.05,5419.815,2026-05,2026,2
747,316,2026-05-13 23:48:58.274623,Самара,completed,11,40498.45,12149.534999999998,2026-05,2026,2
759,97,2026-05-13 23:48:58.274623,Санкт-Петербург,completed,8,30984.88,9295.464,2026-05,2026,2
301,306,2026-05-13 23:48:58.274623,Санкт-Петербург,cancelled,8,35207.03,10562.108999999999,2026-05,2026,2
478,976,2026-05-13 23:48:58.274623,Самара,cancelled,5,9083.83,2725.149,2026-05,2026,2
521,982,2026-05-13 23:48:58.274623,Уфа,completed,2,11468.95,3440.685,2026-05,2026,2
947,844,2026-05-13 23:48:58.275959,Уфа,processing,7,44266.020000000004,13279.806,2026-05,2026,2
2023,491,2026-05-13 23:48:58.277983,Новосибирск,completed,7,34914.05,10474.215,2026-05,2026,2
2459,328,2026-05-13 23:48:58.279317,Екатеринбург,cancelled,6,27483.51,8245.053,2026-05,2026,2
2306,485,2026-05-13 23:48:58.279317,Самара,completed,4,16650.3,4995.089999999999,2026-05,2026,2
2327,642,2026-05-13 23:48:58.279317,Екатеринбург,cancelled,4,20548.28,6164.4839999999995,2026-05,2026,2
2441,758,2026-05-13 23:48:58.279317,Екатеринбург,completed,7,19594.67,5878.400999999999,2026-05,2026,2
2266,225,2026-05-13 23:48:58.279317,Новосибирск,cancelled,6,22069.809999999998,6620.942999999999,2026-05,2026,2
2865,789,2026-05-13 23:48:58.280948,Красноярск,completed,4,18702.93,5610.879,2026-05,2026,2
3185,394,2026-05-13 23:48:58.280948,Красноярск,completed,6,18826.72,5648.0160000000005,2026-05,2026,2
3307,740,2026-05-13 23:48:58.280948,Санкт-Петербург,completed,9,43523.04,13056.912,2026-05,2026,2
3121,128,2026-05-13 23:48:58.280948,Ростов-на-Дону,completed,3,1811.91,543.573,2026-05,2026,2
3088,833,2026-05-13 23:48:58.280948,Екатеринбург,processing,4,19787.62,5936.285999999999,2026-05,2026,2
3355,472,2026-05-13 23:48:58.280948,Самара,processing,10,21724.87,6517.460999999999,2026-05,2026,2
3657,92,2026-05-13 23:48:58.282485,Самара,cancelled,9,26799.309999999998,8039.792999999999,2026-05,2026,2
3376,768,2026-05-13 23:48:58.282485,Самара,completed,5,17872.3,5361.69,2026-05,2026,2
3479,390,2026-05-13 23:48:58.282485,Новосибирск,completed,2,8578.72,2573.6159999999995,2026-05,2026,2
3381,687,2026-05-13 23:48:58.282485,Новосибирск,completed,8,36067.89,10820.367,2026-05,2026,2
4169,360,2026-05-13 23:48:58.283920,Ростов-на-Дону,completed,5,19508.449999999997,5852.534999999999,2026-05,2026,2
4094,398,2026-05-13 23:48:58.283920,Уфа,cancelled,11,27496.800000000003,8249.04,2026-05,2026,2
4282,934,2026-05-13 23:48:58.284934,Ростов-на-Дону,completed,8,51962.850000000006,15588.855000000001,2026-05,2026,2
4919,330,2026-05-13 23:48:58.285929,Санкт-Петербург,cancelled,10,28760.23,8628.069,2026-05,2026,2
240,167,2026-05-14 23:48:58.273612,Москва,cancelled,3,14761.78,4428.534,2026-05,2026,2
27,734,2026-05-14 23:48:58.273612,Москва,completed,3,8495.4,2548.62,2026-05,2026,2
141,518,2026-05-14 23:48:58.273612,Самара,completed,6,24143.11,7242.933,2026-05,2026,2
532,202,2026-05-14 23:48:58.274623,Екатеринбург,completed,1,9293.62,2788.0860000000002,2026-05,2026,2
371,503,2026-05-14 23:48:58.274623,Новосибирск,completed,3,7590.889999999999,2277.267,2026-05,2026,2
599,96,2026-05-14 23:48:58.274623,Красноярск,cancelled,6,37596.770000000004,11279.031,2026-05,2026,2
563,800,2026-05-14 23:48:58.274623,Красноярск,processing,6,14144.329999999998,4243.298999999999,2026-05,2026,2
304,254,2026-05-14 23:48:58.274623,Красноярск,completed,1,4899.97,1469.991,2026-05,2026,2
1011,584,2026-05-14 23:48:58.275959,Самара,completed,7,26952.190000000002,8085.657,2026-05,2026,2
911,533,2026-05-14 23:48:58.275959,Самара,completed,7,25221.99,7566.597,2026-05,2026,2
1462,985,2026-05-14 23:48:58.276965,Новосибирск,cancelled,10,32918.48,9875.544,2026-05,2026,2
1147,221,2026-05-14 23:48:58.276965,Казань,completed,7,30976.62,9292.985999999999,2026-05,2026,2
1496,531,2026-05-14 23:48:58.276965,Казань,completed,10,46909.69,14072.907000000001,2026-05,2026,2
1845,888,2026-05-14 23:48:58.277983,Москва,completed,3,1246.61,373.98299999999995,2026-05,2026,2
1889,13,2026-05-14 23:48:58.277983,Новосибирск,completed,7,20033.14,6009.942,2026-05,2026,2
1793,513,2026-05-14 23:48:58.277983,Самара,processing,1,6972.08,2091.624,2026-05,2026,2
2292,140,2026-05-14 23:48:58.279317,Казань,cancelled,4,2917.85,875.3549999999999,2026-05,2026,2
2204,862,2026-05-14 23:48:58.279317,Красноярск,completed,4,11953.76,3586.128,2026-05,2026,2
2396,971,2026-05-14 23:48:58.279317,Самара,completed,6,28296.75,8489.025,2026-05,2026,2
2357,914,2026-05-14 23:48:58.279317,Ростов-на-Дону,completed,8,29136.16,8740.848,2026-05,2026,2
2570,454,2026-05-14 23:48:58.280322,Красноярск,completed,10,51196.95,15359.085,2026-05,2026,2
3350,702,2026-05-14 23:48:58.280948,Уфа,completed,7,35513.85,10654.154999999999,2026-05,2026,2
3005,497,2026-05-14 23:48:58.280948,Ростов-на-Дону,completed,1,6312.92,1893.876,2026-05,2026,2
3106,216,2026-05-14 23:48:58.280948,Санкт-Петербург,processing,8,12588.83,3776.649,2026-05,2026,2
2739,663,2026-05-14 23:48:58.280948,Казань,completed,5,21953.69,6586.106999999999,2026-05,2026,2
3030,652,2026-05-14 23:48:58.280948,Москва,completed,4,29766.85,8930.054999999998,2026-05,2026,2
3782,631,2026-05-14 23:48:58.282485,Красноярск,completed,8,28972.45,8691.735,2026-05,2026,2
3418,218,2026-05-14 23:48:58.282485,Москва,completed,1,12063.81,3619.1429999999996,2026-05,2026,2
4076,791,2026-05-14 23:48:58.283920,Красноярск,completed,5,24106.73,7232.018999999999,2026-05,2026,2
4131,155,2026-05-14 23:48:58.283920,Самара,completed,9,34738.92,10421.676,2026-05,2026,2
4339,916,2026-05-14 23:48:58.284934,Красноярск,completed,6,39274.38,11782.313999999998,2026-05,2026,2
4308,598,2026-05-14 23:48:58.284934,Нижний Новгород,completed,1,7261.29,2178.3869999999997,2026-05,2026,2
4509,904,2026-05-14 23:48:58.284934,Санкт-Петербург,completed,7,37116.58,11134.974,2026-05,2026,2
4888,281,2026-05-14 23:48:58.285929,Екатеринбург,completed,1,12294.41,3688.323,2026-05,2026,2
163,532,2026-05-15 23:48:58.273612,Ростов-на-Дону,completed,5,23300.0,6990.0,2026-05,2026,2
263,157,2026-05-15 23:48:58.273612,Уфа,cancelled,5,10820.31,3246.093,2026-05,2026,2
235,292,2026-05-15 23:48:58.273612,Санкт-Петербург,cancelled,9,36829.4,11048.82,2026-05,2026,2
678,119,2026-05-15 23:48:58.274623,Санкт-Петербург,processing,4,13947.15,4184.1449999999995,2026-05,2026,2
611,452,2026-05-15 23:48:58.274623,Новосибирск,completed,10,33722.05,10116.615,2026-05,2026,2
1087,986,2026-05-15 23:48:58.275959,Нижний Новгород,completed,10,41379.74,12413.921999999999,2026-05,2026,2
1134,865,2026-05-15 23:48:58.275959,Нижний Новгород,completed,3,10228.41,3068.5229999999997,2026-05,2026,2
1339,481,2026-05-15 23:48:58.276965,Ростов-на-Дону,completed,9,34921.7,10476.509999999998,2026-05,2026,2
1910,990,2026-05-15 23:48:58.277983,Самара,cancelled,6,24713.45,7414.035,2026-05,2026,2
2082,185,2026-05-15 23:48:58.277983,Санкт-Петербург,processing,3,6721.57,2016.4709999999998,2026-05,2026,2
2080,881,2026-05-15 23:48:58.277983,Красноярск,cancelled,3,31577.5,9473.25,2026-05,2026,2
1894,488,2026-05-15 23:48:58.277983,Красноярск,completed,9,29939.89,8981.966999999999,2026-05,2026,2
2698,335,2026-05-15 23:48:58.280322,Ростов-на-Дону,cancelled,7,23452.67,7035.8009999999995,2026-05,2026,2
2726,792,2026-05-15 23:48:58.280322,Новосибирск,cancelled,6,26238.68,7871.603999999999,2026-05,2026,2
2552,787,2026-05-15 23:48:58.280322,Ростов-на-Дону,completed,12,33303.64,9991.091999999999,2026-05,2026,2
3338,72,2026-05-15 23:48:58.280948,Самара,completed,7,20907.25,6272.175,2026-05,2026,2
3357,662,2026-05-15 23:48:58.282485,Красноярск,completed,3,18484.53,5545.3589999999995,2026-05,2026,2
3612,697,2026-05-15 23:48:58.282485,Самара,completed,9,19193.32,5757.996,2026-05,2026,2
3554,4,2026-05-15 23:48:58.282485,Санкт-Петербург,cancelled,2,5258.51,1577.553,2026-05,2026,2
4071,97,2026-05-15 23:48:58.283920,Санкт-Петербург,completed,8,17694.92,5308.476,2026-05,2026,2
4017,971,2026-05-15 23:48:58.283920,Самара,processing,7,39808.83,11942.649,2026-05,2026,2
4104,286,2026-05-15 23:48:58.283920,Новосибирск,completed,7,8756.56,2626.968,2026-05,2026,2
4327,726,2026-05-15 23:48:58.284934,Новосибирск,cancelled,3,19487.96,5846.388,2026-05,2026,2
4412,444,2026-05-15 23:48:58.284934,Нижний Новгород,processing,12,47250.32,14175.096,2026-05,2026,2
4793,130,2026-05-15 23:48:58.285929,Ростов-на-Дону,completed,7,32732.29,9819.687,2026-05,2026,2
4636,666,2026-05-15 23:48:58.285929,Новосибирск,completed,2,7876.65,2362.995,2026-05,2026,2
153,517,2026-05-16 23:48:58.273612,Уфа,processing,12,26944.95,8083.485,2026-05,2026,2
131,274,2026-05-16 23:48:58.273612,Казань,completed,2,913.2,273.96,2026-05,2026,2
63,696,2026-05-16 23:48:58.273612,Москва,completed,11,23561.699999999997,7068.509999999999,2026-05,2026,2
513,714,2026-05-16 23:48:58.274623,Ростов-на-Дону,completed,6,26242.43,7872.728999999999,2026-05,2026,2
339,945,2026-05-16 23:48:58.274623,Уфа,completed,9,17399.17,5219.750999999999,2026-05,2026,2
552,863,2026-05-16 23:48:58.274623,Уфа,processing,3,5438.150000000001,1631.4450000000002,2026-05,2026,2
1137,734,2026-05-16 23:48:58.275959,Москва,completed,7,20670.05,6201.014999999999,2026-05,2026,2
853,167,2026-05-16 23:48:58.275959,Москва,completed,9,30590.489999999998,9177.146999999999,2026-05,2026,2
1192,368,2026-05-16 23:48:58.276965,Санкт-Петербург,completed,6,31876.75,9563.025,2026-05,2026,2
1260,398,2026-05-16 23:48:58.276965,Уфа,cancelled,3,5285.41,1585.6229999999998,2026-05,2026,2
1546,989,2026-05-16 23:48:58.276965,Москва,completed,3,9989.57,2996.8709999999996,2026-05,2026,2
1771,313,2026-05-16 23:48:58.277983,Самара,completed,3,6460.58,1938.174,2026-05,2026,2
2052,153,2026-05-16 23:48:58.277983,Москва,processing,13,35993.229999999996,10797.969,2026-05,2026,2
1967,381,2026-05-16 23:48:58.277983,Екатеринбург,completed,5,23232.71,6969.812999999999,2026-05,2026,2
1595,633,2026-05-16 23:48:58.277983,Екатеринбург,completed,5,22825.37,6847.611,2026-05,2026,2
1706,985,2026-05-16 23:48:58.277983,Новосибирск,completed,5,13714.46,4114.338,2026-05,2026,2
2256,536,2026-05-16 23:48:58.279317,Нижний Новгород,completed,2,18478.52,5543.556,2026-05,2026,2
2350,354,2026-05-16 23:48:58.279317,Казань,completed,3,10011.09,3003.3269999999998,2026-05,2026,2
2217,989,2026-05-16 23:48:58.279317,Москва,completed,9,13613.29,4083.987,2026-05,2026,2
2737,633,2026-05-16 23:48:58.280322,Екатеринбург,completed,9,27022.2,8106.66,2026-05,2026,2
3026,580,2026-05-16 23:48:58.280948,Екатеринбург,completed,1,10149.47,3044.841,2026-05,2026,2
3329,584,2026-05-16 23:48:58.280948,Самара,cancelled,1,4781.49,1434.447,2026-05,2026,2
2870,21,2026-05-16 23:48:58.280948,Санкт-Петербург,processing,3,14971.5,4491.45,2026-05,2026,2
2797,638,2026-05-16 23:48:58.280948,Санкт-Петербург,completed,5,23526.27,7057.881,2026-05,2026,2
3558,378,2026-05-16 23:48:58.282485,Самара,processing,9,37501.55,11250.465,2026-05,2026,2
4135,4,2026-05-16 23:48:58.283920,Санкт-Петербург,completed,9,37138.729999999996,11141.618999999999,2026-05,2026,2
4136,650,2026-05-16 23:48:58.283920,Ростов-на-Дону,cancelled,3,9747.15,2924.145,2026-05,2026,2
4116,895,2026-05-16 23:48:58.283920,Красноярск,completed,7,28568.41,8570.523,2026-05,2026,2
4331,999,2026-05-16 23:48:58.284934,Екатеринбург,processing,12,32774.04,9832.212,2026-05,2026,2
4220,931,2026-05-16 23:48:58.284934,Нижний Новгород,completed,10,49726.4,14917.92,2026-05,2026,2
4387,344,2026-05-16 23:48:58.284934,Нижний Новгород,completed,6,18043.99,5413.197,2026-05,2026,2
4405,558,2026-05-16 23:48:58.284934,Москва,processing,2,7093.97,2128.191,2026-05,2026,2
269,539,2026-05-17 23:48:58.273612,Самара,processing,4,15684.310000000001,4705.293000000001,2026-05,2026,2
72,721,2026-05-17 23:48:58.273612,Казань,completed,4,14894.239999999998,4468.271999999999,2026-05,2026,2
442,442,2026-05-17 23:48:58.274623,Ростов-на-Дону,processing,6,18456.82,5537.045999999999,2026-05,2026,2
776,287,2026-05-17 23:48:58.275959,Самара,completed,5,22603.49,6781.0470000000005,2026-05,2026,2
901,124,2026-05-17 23:48:58.275959,Уфа,completed,7,33697.479999999996,10109.243999999999,2026-05,2026,2
884,192,2026-05-17 23:48:58.275959,Новосибирск,completed,3,4136.5,1240.95,2026-05,2026,2
1308,474,2026-05-17 23:48:58.276965,Самара,completed,9,44411.340000000004,13323.402,2026-05,2026,2
1533,500,2026-05-17 23:48:58.276965,Новосибирск,completed,6,11716.68,3515.004,2026-05,2026,2
1812,338,2026-05-17 23:48:58.277983,Москва,processing,3,8359.0,2507.7,2026-05,2026,2
1885,788,2026-05-17 23:48:58.277983,Москва,completed,6,41193.130000000005,12357.939,2026-05,2026,2
2054,592,2026-05-17 23:48:58.277983,Нижний Новгород,completed,9,28402.31,8520.693,2026-05,2026,2
2392,382,2026-05-17 23:48:58.279317,Нижний Новгород,processing,11,55454.97,16636.490999999998,2026-05,2026,2
2422,316,2026-05-17 23:48:58.279317,Самара,processing,10,50883.23,15264.969000000001,2026-05,2026,2
2413,870,2026-05-17 23:48:58.279317,Уфа,cancelled,1,9111.81,2733.5429999999997,2026-05,2026,2
2887,356,2026-05-17 23:48:58.280948,Уфа,cancelled,8,17108.85,5132.655,2026-05,2026,2
2996,220,2026-05-17 23:48:58.280948,Казань,completed,8,48793.0,14637.9,2026-05,2026,2
2959,414,2026-05-17 23:48:58.280948,Нижний Новгород,cancelled,11,44737.01,13421.103000000001,2026-05,2026,2
3031,684,2026-05-17 23:48:58.280948,Екатеринбург,completed,11,34658.91,10397.673,2026-05,2026,2
3468,591,2026-05-17 23:48:58.282485,Ростов-на-Дону,cancelled,3,10368.53,3110.559,2026-05,2026,2
3765,622,2026-05-17 23:48:58.282485,Нижний Новгород,completed,5,24804.4,7441.32,2026-05,2026,2
3577,918,2026-05-17 23:48:58.282485,Нижний Новгород,completed,1,12193.54,3658.0620000000004,2026-05,2026,2
3913,160,2026-05-17 23:48:58.283920,Новосибирск,completed,8,25769.440000000002,7730.832,2026-05,2026,2
3860,722,2026-05-17 23:48:58.283920,Красноярск,completed,9,22360.86,6708.258,2026-05,2026,2
3968,400,2026-05-17 23:48:58.283920,Уфа,cancelled,3,13967.92,4190.376,2026-05,2026,2
4247,905,2026-05-17 23:48:58.284934,Нижний Новгород,completed,1,5784.27,1735.2810000000002,2026-05,2026,2
4311,653,2026-05-17 23:48:58.284934,Самара,cancelled,5,22712.879999999997,6813.863999999999,2026-05,2026,2
4732,236,2026-05-17 23:48:58.285929,Казань,completed,1,5663.96,1699.1879999999999,2026-05,2026,2
4834,430,2026-05-17 23:48:58.285929,Ростов-на-Дону,completed,8,32083.690000000002,9625.107,2026-05,2026,2
210,947,2026-05-18 23:48:58.273612,Красноярск,cancelled,2,2368.88,710.664,2026-05,2026,2
64,381,2026-05-18 23:48:58.273612,Екатеринбург,completed,9,42433.2,12729.96,2026-05,2026,2
49,707,2026-05-18 23:48:58.273612,Екатеринбург,completed,5,38772.32,11631.696,2026-05,2026,2
558,426,2026-05-18 23:48:58.274623,Екатеринбург,completed,13,32287.89,9686.367,2026-05,2026,2
1122,471,2026-05-18 23:48:58.275959,Москва,processing,11,30614.48,9184.344,2026-05,2026,2
933,308,2026-05-18 23:48:58.275959,Казань,completed,12,42251.42,12675.426,2026-05,2026,2
1202,636,2026-05-18 23:48:58.276965,Самара,completed,8,35509.1,10652.73,2026-05,2026,2
1544,909,2026-05-18 23:48:58.276965,Самара,completed,4,9396.51,2818.953,2026-05,2026,2
1698,615,2026-05-18 23:48:58.277983,Санкт-Петербург,completed,9,44697.73,13409.319000000001,2026-05,2026,2
2043,100,2026-05-18 23:48:58.277983,Уфа,completed,3,13367.98,4010.394,2026-05,2026,2
1613,790,2026-05-18 23:48:58.277983,Нижний Новгород,completed,3,5156.71,1547.013,2026-05,2026,2
1564,562,2026-05-18 23:48:58.277983,Уфа,completed,4,12516.1,3754.83,2026-05,2026,2
2424,910,2026-05-18 23:48:58.279317,Уфа,cancelled,13,35253.04,10575.912,2026-05,2026,2
2183,935,2026-05-18 23:48:58.279317,Нижний Новгород,cancelled,2,13757.990000000002,4127.397,2026-05,2026,2
2425,426,2026-05-18 23:48:58.279317,Екатеринбург,completed,2,13336.27,4000.881,2026-05,2026,2
2486,837,2026-05-18 23:48:58.279317,Екатеринбург,processing,7,22162.07,6648.621,2026-05,2026,2
2402,747,2026-05-18 23:48:58.279317,Москва,completed,7,27811.13,8343.339,2026-05,2026,2
2531,1000,2026-05-18 23:48:58.280322,Екатеринбург,completed,3,15109.99,4532.996999999999,2026-05,2026,2
3037,912,2026-05-18 23:48:58.280948,Нижний Новгород,cancelled,5,7369.639999999999,2210.892,2026-05,2026,2
3284,184,2026-05-18 23:48:58.280948,Нижний Новгород,completed,2,17535.25,5260.575,2026-05,2026,2
3176,942,2026-05-18 23:48:58.280948,Екатеринбург,completed,7,37730.97,11319.291,2026-05,2026,2
3659,669,2026-05-18 23:48:58.282485,Екатеринбург,completed,8,47506.59,14251.976999999999,2026-05,2026,2
3444,613,2026-05-18 23:48:58.282485,Санкт-Петербург,cancelled,9,27089.37,8126.811,2026-05,2026,2
3639,141,2026-05-18 23:48:58.282485,Казань,cancelled,1,2452.44,735.732,2026-05,2026,2
3910,837,2026-05-18 23:48:58.283920,Екатеринбург,completed,2,10525.02,3157.506,2026-05,2026,2
4010,346,2026-05-18 23:48:58.283920,Уфа,cancelled,3,23756.95,7127.085,2026-05,2026,2
4985,574,2026-05-18 23:48:58.285929,Красноярск,completed,1,3981.83,1194.549,2026-05,2026,2
4792,437,2026-05-18 23:48:58.285929,Ростов-на-Дону,processing,3,10109.93,3032.979,2026-05,2026,2
4727,247,2026-05-18 23:48:58.285929,Екатеринбург,cancelled,4,17107.2,5132.16,2026-05,2026,2
4847,401,2026-05-18 23:48:58.285929,Нижний Новгород,completed,12,33196.13,9958.838999999998,2026-05,2026,2
123,162,2026-05-19 23:48:58.273612,Уфа,completed,10,32396.519999999997,9718.955999999998,2026-05,2026,2
58,801,2026-05-19 23:48:58.273612,Уфа,completed,6,38174.5,11452.35,2026-05,2026,2
479,215,2026-05-19 23:48:58.274623,Москва,completed,5,24322.77,7296.831,2026-05,2026,2
512,100,2026-05-19 23:48:58.274623,Уфа,cancelled,5,16400.83,4920.249000000001,2026-05,2026,2
635,169,2026-05-19 23:48:58.274623,Санкт-Петербург,completed,2,9548.98,2864.694,2026-05,2026,2
1083,367,2026-05-19 23:48:58.275959,Ростов-на-Дону,processing,5,8033.38,2410.014,2026-05,2026,2
885,270,2026-05-19 23:48:58.275959,Екатеринбург,completed,8,24129.52,7238.856,2026-05,2026,2
847,396,2026-05-19 23:48:58.275959,Красноярск,cancelled,9,36186.76,10856.028,2026-05,2026,2
1435,507,2026-05-19 23:48:58.276965,Новосибирск,completed,1,6549.12,1964.7359999999999,2026-05,2026,2
1270,784,2026-05-19 23:48:58.276965,Нижний Новгород,completed,4,17551.47,5265.441,2026-05,2026,2
1843,182,2026-05-19 23:48:58.277983,Казань,processing,8,30337.24,9101.172,2026-05,2026,2
1601,733,2026-05-19 23:48:58.277983,Москва,cancelled,6,35156.51,10546.953,2026-05,2026,2
1858,299,2026-05-19 23:48:58.277983,Санкт-Петербург,completed,5,8204.91,2461.473,2026-05,2026,2
1641,825,2026-05-19 23:48:58.277983,Красноярск,cancelled,6,33321.13,9996.338999999998,2026-05,2026,2
1990,792,2026-05-19 23:48:58.277983,Новосибирск,cancelled,9,47200.62,14160.186,2026-05,2026,2
2245,169,2026-05-19 23:48:58.279317,Санкт-Петербург,completed,4,11317.31,3395.1929999999998,2026-05,2026,2
2388,130,2026-05-19 23:48:58.279317,Ростов-на-Дону,completed,6,26037.86,7811.358,2026-05,2026,2
2538,406,2026-05-19 23:48:58.280322,Казань,processing,12,47785.75,14335.725,2026-05,2026,2
3311,215,2026-05-19 23:48:58.280948,Москва,completed,6,19706.55,5911.964999999999,2026-05,2026,2
2920,52,2026-05-19 23:48:58.280948,Екатеринбург,completed,6,24110.510000000002,7233.153,2026-05,2026,2
2769,818,2026-05-19 23:48:58.280948,Красноярск,completed,13,44445.58,13333.674,2026-05,2026,2
2890,353,2026-05-19 23:48:58.280948,Ростов-на-Дону,completed,2,1124.86,337.45799999999997,2026-05,2026,2
3001,434,2026-05-19 23:48:58.280948,Самара,cancelled,7,15623.24,4686.972,2026-05,2026,2
3384,731,2026-05-19 23:48:58.282485,Екатеринбург,completed,6,21626.99,6488.097000000001,2026-05,2026,2
4545,503,2026-05-19 23:48:58.284934,Новосибирск,cancelled,7,33588.380000000005,10076.514000000001,2026-05,2026,2
4347,55,2026-05-19 23:48:58.284934,Самара,completed,1,4738.56,1421.568,2026-05,2026,2
4974,524,2026-05-19 23:48:58.285929,Красноярск,completed,8,19124.239999999998,5737.271999999999,2026-05,2026,2
4603,119,2026-05-19 23:48:58.285929,Санкт-Петербург,completed,7,21091.170000000002,6327.351000000001,2026-05,2026,2
675,716,2026-05-20 23:48:58.274623,Самара,cancelled,10,29840.530000000002,8952.159,2026-05,2026,2
405,512,2026-05-20 23:48:58.274623,Красноярск,cancelled,2,12318.38,3695.5139999999997,2026-05,2026,2
423,101,2026-05-20 23:48:58.274623,Казань,completed,6,33815.91,10144.773000000001,2026-05,2026,2
905,700,2026-05-20 23:48:58.275959,Ростов-на-Дону,completed,9,22199.370000000003,6659.811000000001,2026-05,2026,2
863,622,2026-05-20 23:48:58.275959,Нижний Новгород,completed,12,35261.22,10578.366,2026-05,2026,2
1019,630,2026-05-20 23:48:58.275959,Новосибирск,cancelled,4,21802.71,6540.812999999999,2026-05,2026,2
823,972,2026-05-20 23:48:58.275959,Уфа,cancelled,5,11763.8,3529.14,2026-05,2026,2
1252,794,2026-05-20 23:48:58.276965,Санкт-Петербург,cancelled,4,8490.0,2547.0,2026-05,2026,2
1625,649,2026-05-20 23:48:58.277983,Екатеринбург,completed,8,39998.59,11999.577,2026-05,2026,2
1729,357,2026-05-20 23:48:58.277983,Ростов-на-Дону,completed,6,43570.85,13071.255,2026-05,2026,2
2036,442,2026-05-20 23:48:58.277983,Ростов-на-Дону,processing,2,13244.529999999999,3973.3589999999995,2026-05,2026,2
2057,312,2026-05-20 23:48:58.277983,Самара,cancelled,6,20709.48,6212.844,2026-05,2026,2
2069,391,2026-05-20 23:48:58.277983,Красноярск,processing,2,3173.03,951.909,2026-05,2026,2
2309,336,2026-05-20 23:48:58.279317,Нижний Новгород,processing,13,48326.87,14498.061,2026-05,2026,2
2274,215,2026-05-20 23:48:58.279317,Москва,completed,4,20708.25,6212.474999999999,2026-05,2026,2
2289,56,2026-05-20 23:48:58.279317,Самара,completed,12,40227.56,12068.267999999998,2026-05,2026,2
2638,865,2026-05-20 23:48:58.280322,Нижний Новгород,completed,5,21947.440000000002,6584.232000000001,2026-05,2026,2
2609,373,2026-05-20 23:48:58.280322,Москва,completed,6,24445.36,7333.608,2026-05,2026,2
2766,321,2026-05-20 23:48:58.280948,Екатеринбург,completed,5,16237.97,4871.391,2026-05,2026,2
2818,191,2026-05-20 23:48:58.280948,Нижний Новгород,cancelled,5,23706.260000000002,7111.878000000001,2026-05,2026,2
2847,109,2026-05-20 23:48:58.280948,Нижний Новгород,processing,2,12839.77,3851.931,2026-05,2026,2
3245,903,2026-05-20 23:48:58.280948,Москва,cancelled,13,44422.8,13326.84,2026-05,2026,2
2825,480,2026-05-20 23:48:58.280948,Санкт-Петербург,completed,7,30975.69,9292.706999999999,2026-05,2026,2
3668,720,2026-05-20 23:48:58.282485,Нижний Новгород,completed,7,37957.26,11387.178,2026-05,2026,2
3493,199,2026-05-20 23:48:58.282485,Екатеринбург,completed,5,28117.76,8435.328,2026-05,2026,2
3815,9,2026-05-20 23:48:58.282485,Новосибирск,completed,7,23897.63,7169.289,2026-05,2026,2
3715,324,2026-05-20 23:48:58.282485,Уфа,completed,4,13968.699999999999,4190.61,2026-05,2026,2
3650,608,2026-05-20 23:48:58.282485,Санкт-Петербург,completed,4,46476.29,13942.887,2026-05,2026,2
3797,766,2026-05-20 23:48:58.282485,Уфа,completed,1,13363.28,4008.984,2026-05,2026,2
4188,163,2026-05-20 23:48:58.283920,Нижний Новгород,completed,11,34425.14,10327.542,2026-05,2026,2
4156,697,2026-05-20 23:48:58.283920,Самара,cancelled,5,9929.15,2978.745,2026-05,2026,2
3914,748,2026-05-20 23:48:58.283920,Уфа,completed,2,4093.29,1227.9869999999999,2026-05,2026,2
3869,121,2026-05-20 23:48:58.283920,Уфа,completed,7,41646.840000000004,12494.052000000001,2026-05,2026,2
4154,556,2026-05-20 23:48:58.283920,Самара,completed,4,14387.3,4316.19,2026-05,2026,2
4299,742,2026-05-20 23:48:58.284934,Самара,completed,3,21070.45,6321.135,2026-05,2026,2
4448,802,2026-05-20 23:48:58.284934,Красноярск,completed,10,29107.129999999997,8732.139,2026-05,2026,2
4759,461,2026-05-20 23:48:58.285929,Уфа,completed,13,34732.25,10419.675,2026-05,2026,2
4932,121,2026-05-20 23:48:58.285929,Уфа,completed,11,21824.31,6547.293000000001,2026-05,2026,2
524,674,2026-05-21 23:48:58.274623,Санкт-Петербург,completed,6,29706.91,8912.073,2026-05,2026,2
465,343,2026-05-21 23:48:58.274623,Самара,cancelled,2,19731.260000000002,5919.378000000001,2026-05,2026,2
497,989,2026-05-21 23:48:58.274623,Москва,completed,11,36383.27,10914.980999999998,2026-05,2026,2
1156,958,2026-05-21 23:48:58.276965,Уфа,processing,9,28947.440000000002,8684.232,2026-05,2026,2
1261,415,2026-05-21 23:48:58.276965,Санкт-Петербург,completed,2,2489.64,746.8919999999999,2026-05,2026,2
1391,665,2026-05-21 23:48:58.276965,Ростов-на-Дону,processing,1,9065.59,2719.677,2026-05,2026,2
1755,796,2026-05-21 23:48:58.277983,Санкт-Петербург,completed,6,17331.72,5199.5160000000005,2026-05,2026,2
1580,10,2026-05-21 23:48:58.277983,Красноярск,completed,11,42435.57,12730.671,2026-05,2026,2
2066,241,2026-05-21 23:48:58.277983,Екатеринбург,cancelled,5,31245.1,9373.529999999999,2026-05,2026,2
2181,554,2026-05-21 23:48:58.279317,Екатеринбург,completed,6,40506.05,12151.815,2026-05,2026,2
2144,363,2026-05-21 23:48:58.279317,Ростов-на-Дону,processing,6,27858.42,8357.526,2026-05,2026,2
2731,134,2026-05-21 23:48:58.280322,Санкт-Петербург,completed,7,34010.02,10203.006,2026-05,2026,2
3100,900,2026-05-21 23:48:58.280948,Новосибирск,completed,10,38965.9,11689.77,2026-05,2026,2
3281,479,2026-05-21 23:48:58.280948,Санкт-Петербург,completed,8,15230.29,4569.087,2026-05,2026,2
2809,503,2026-05-21 23:48:58.280948,Новосибирск,cancelled,3,20601.34,6180.402,2026-05,2026,2
2874,646,2026-05-21 23:48:58.280948,Ростов-на-Дону,completed,11,29737.11,8921.133,2026-05,2026,2
3163,492,2026-05-21 23:48:58.280948,Новосибирск,completed,6,12781.9,3834.5699999999997,2026-05,2026,2
2763,370,2026-05-21 23:48:58.280948,Уфа,completed,5,29519.17,8855.750999999998,2026-05,2026,2
3525,296,2026-05-21 23:48:58.282485,Москва,completed,10,34918.43,10475.529,2026-05,2026,2
3361,751,2026-05-21 23:48:58.282485,Самара,completed,10,31047.879999999997,9314.364,2026-05,2026,2
3473,625,2026-05-21 23:48:58.282485,Ростов-на-Дону,completed,5,19855.039999999997,5956.511999999999,2026-05,2026,2
4063,877,2026-05-21 23:48:58.283920,Санкт-Петербург,completed,5,21594.85,6478.454999999999,2026-05,2026,2
4354,532,2026-05-21 23:48:58.284934,Ростов-на-Дону,completed,4,30177.46,9053.238,2026-05,2026,2
4490,127,2026-05-21 23:48:58.284934,Самара,completed,3,869.1,260.73,2026-05,2026,2
4601,129,2026-05-21 23:48:58.284934,Санкт-Петербург,cancelled,8,30817.39,9245.216999999999,2026-05,2026,2
4344,363,2026-05-21 23:48:58.284934,Ростов-на-Дону,completed,11,31050.52,9315.155999999999,2026-05,2026,2
4424,6,2026-05-21 23:48:58.284934,Красноярск,completed,1,5541.09,1662.327,2026-05,2026,2
4431,202,2026-05-21 23:48:58.284934,Екатеринбург,processing,8,33957.87,10187.361,2026-05,2026,2
4645,676,2026-05-21 23:48:58.285929,Новосибирск,processing,3,28692.449999999997,8607.734999999999,2026-05,2026,2
4747,854,2026-05-21 23:48:58.285929,Ростов-на-Дону,completed,10,19517.079999999998,5855.123999999999,2026-05,2026,2
4796,911,2026-05-21 23:48:58.285929,Красноярск,completed,9,29890.56,8967.168,2026-05,2026,2
48,618,2026-05-22 23:48:58.273612,Казань,completed,3,11364.37,3409.311,2026-05,2026,2
643,987,2026-05-22 23:48:58.274623,Нижний Новгород,completed,8,21197.54,6359.262,2026-05,2026,2
689,344,2026-05-22 23:48:58.274623,Нижний Новгород,completed,5,28288.82,8486.645999999999,2026-05,2026,2
612,982,2026-05-22 23:48:58.274623,Уфа,completed,8,30551.98,9165.594,2026-05,2026,2
325,696,2026-05-22 23:48:58.274623,Москва,processing,7,17814.43,5344.329,2026-05,2026,2
1407,159,2026-05-22 23:48:58.276965,Новосибирск,cancelled,3,8116.43,2434.929,2026-05,2026,2
1914,777,2026-05-22 23:48:58.277983,Санкт-Петербург,processing,1,9701.18,2910.354,2026-05,2026,2
1924,295,2026-05-22 23:48:58.277983,Новосибирск,processing,7,24166.190000000002,7249.857000000001,2026-05,2026,2
2307,15,2026-05-22 23:48:58.279317,Москва,cancelled,12,38170.67,11451.201,2026-05,2026,2
2419,734,2026-05-22 23:48:58.279317,Москва,completed,5,13825.79,4147.737,2026-05,2026,2
2331,304,2026-05-22 23:48:58.279317,Казань,completed,2,7008.12,2102.4359999999997,2026-05,2026,2
2533,876,2026-05-22 23:48:58.280322,Казань,completed,3,8719.5,2615.85,2026-05,2026,2
2619,487,2026-05-22 23:48:58.280322,Ростов-на-Дону,completed,10,50387.74,15116.321999999998,2026-05,2026,2
2829,536,2026-05-22 23:48:58.280948,Нижний Новгород,completed,8,45052.1,13515.63,2026-05,2026,2
2941,822,2026-05-22 23:48:58.280948,Санкт-Петербург,completed,4,22343.06,6702.918000000001,2026-05,2026,2
3280,345,2026-05-22 23:48:58.280948,Ростов-на-Дону,completed,5,7369.86,2210.9579999999996,2026-05,2026,2
3250,614,2026-05-22 23:48:58.280948,Екатеринбург,cancelled,3,792.59,237.777,2026-05,2026,2
3146,3,2026-05-22 23:48:58.280948,Новосибирск,cancelled,8,28118.52,8435.556,2026-05,2026,2
3413,405,2026-05-22 23:48:58.282485,Самара,completed,8,21617.45,6485.235,2026-05,2026,2
3822,841,2026-05-22 23:48:58.282485,Москва,completed,5,8741.94,2622.582,2026-05,2026,2
3817,85,2026-05-22 23:48:58.282485,Екатеринбург,completed,2,4431.6,1329.48,2026-05,2026,2
3438,243,2026-05-22 23:48:58.282485,Москва,completed,1,8097.68,2429.304,2026-05,2026,2
3645,974,2026-05-22 23:48:58.282485,Екатеринбург,cancelled,3,7187.01,2156.103,2026-05,2026,2
3511,170,2026-05-22 23:48:58.282485,Санкт-Петербург,completed,2,10674.92,3202.476,2026-05,2026,2
3793,374,2026-05-22 23:48:58.282485,Москва,completed,9,29793.97,8938.191,2026-05,2026,2
3947,233,2026-05-22 23:48:58.283920,Нижний Новгород,completed,9,28448.78,8534.634,2026-05,2026,2
4120,917,2026-05-22 23:48:58.283920,Нижний Новгород,completed,13,47958.53,14387.559,2026-05,2026,2
4250,393,2026-05-22 23:48:58.284934,Екатеринбург,completed,6,27227.85,8168.355,2026-05,2026,2
4375,486,2026-05-22 23:48:58.284934,Екатеринбург,completed,9,20975.97,6292.791,2026-05,2026,2
4955,292,2026-05-22 23:48:58.285929,Санкт-Петербург,processing,7,28693.61,8608.083,2026-05,2026,2
4772,521,2026-05-22 23:48:58.285929,Нижний Новгород,completed,3,4444.32,1333.2959999999998,2026-05,2026,2
4653,887,2026-05-22 23:48:58.285929,Екатеринбург,cancelled,12,33927.33,10178.199,2026-05,2026,2
4891,299,2026-05-22 23:48:58.285929,Санкт-Петербург,completed,5,24996.74,7499.022,2026-05,2026,2
287,47,2026-05-23 23:48:58.273612,Уфа,completed,7,36582.64,10974.792,2026-05,2026,2
904,44,2026-05-23 23:48:58.275959,Новосибирск,completed,12,38438.37,11531.511,2026-05,2026,2
1183,899,2026-05-23 23:48:58.276965,Красноярск,completed,6,33668.759999999995,10100.627999999999,2026-05,2026,2
1397,101,2026-05-23 23:48:58.276965,Казань,completed,5,28913.129999999997,8673.938999999998,2026-05,2026,2
2081,619,2026-05-23 23:48:58.277983,Екатеринбург,processing,3,5335.88,1600.764,2026-05,2026,2
2426,168,2026-05-23 23:48:58.279317,Санкт-Петербург,cancelled,10,28082.63,8424.789,2026-05,2026,2
2085,191,2026-05-23 23:48:58.279317,Нижний Новгород,processing,4,14175.109999999999,4252.532999999999,2026-05,2026,2
2348,697,2026-05-23 23:48:58.279317,Самара,completed,2,12369.84,3710.9519999999998,2026-05,2026,2
2674,559,2026-05-23 23:48:58.280322,Красноярск,completed,1,5090.68,1527.204,2026-05,2026,2
2493,81,2026-05-23 23:48:58.280322,Москва,cancelled,2,9309.99,2792.997,2026-05,2026,2
2693,735,2026-05-23 23:48:58.280322,Новосибирск,completed,4,22654.199999999997,6796.259999999999,2026-05,2026,2
2866,486,2026-05-23 23:48:58.280948,Екатеринбург,completed,4,14868.91,4460.673,2026-05,2026,2
2882,20,2026-05-23 23:48:58.280948,Нижний Новгород,processing,1,7345.0,2203.5,2026-05,2026,2
3086,551,2026-05-23 23:48:58.280948,Самара,processing,8,34424.5,10327.35,2026-05,2026,2
3707,693,2026-05-23 23:48:58.282485,Екатеринбург,cancelled,1,2656.32,796.8960000000001,2026-05,2026,2
3761,8,2026-05-23 23:48:58.282485,Санкт-Петербург,cancelled,10,44705.78,13411.733999999999,2026-05,2026,2
3755,986,2026-05-23 23:48:58.282485,Нижний Новгород,cancelled,6,29417.010000000002,8825.103000000001,2026-05,2026,2
3472,452,2026-05-23 23:48:58.282485,Новосибирск,processing,10,49358.28,14807.483999999999,2026-05,2026,2
3498,949,2026-05-23 23:48:58.282485,Казань,cancelled,1,13610.02,4083.006,2026-05,2026,2
4020,233,2026-05-23 23:48:58.283920,Нижний Новгород,completed,12,28429.47,8528.841,2026-05,2026,2
4016,853,2026-05-23 23:48:58.283920,Красноярск,cancelled,9,27612.02,8283.606,2026-05,2026,2
4350,951,2026-05-23 23:48:58.284934,Красноярск,completed,3,10303.439999999999,3091.0319999999997,2026-05,2026,2
4436,396,2026-05-23 23:48:58.284934,Красноярск,completed,9,14500.41,4350.123,2026-05,2026,2
4501,427,2026-05-23 23:48:58.284934,Москва,completed,8,32459.82,9737.946,2026-05,2026,2
4991,746,2026-05-23 23:48:58.285929,Новосибирск,completed,2,4938.77,1481.631,2026-05,2026,2
4927,907,2026-05-23 23:48:58.285929,Казань,completed,3,13933.66,4180.098,2026-05,2026,2
456,283,2026-05-24 23:48:58.274623,Красноярск,completed,10,47181.95,14154.585,2026-05,2026,2
986,929,2026-05-24 23:48:58.275959,Санкт-Петербург,completed,4,14561.43,4368.429,2026-05,2026,2
1383,701,2026-05-24 23:48:58.276965,Нижний Новгород,completed,5,15319.12,4595.736,2026-05,2026,2
2282,334,2026-05-24 23:48:58.279317,Новосибирск,completed,4,31768.85,9530.654999999999,2026-05,2026,2
2366,356,2026-05-24 23:48:58.279317,Уфа,completed,2,11244.71,3373.4129999999996,2026-05,2026,2
2696,361,2026-05-24 23:48:58.280322,Самара,processing,2,13385.45,4015.635,2026-05,2026,2
3217,307,2026-05-24 23:48:58.280948,Ростов-на-Дону,completed,4,30034.11,9010.233,2026-05,2026,2
3154,941,2026-05-24 23:48:58.280948,Казань,processing,2,3579.01,1073.703,2026-05,2026,2
3839,729,2026-05-24 23:48:58.282485,Екатеринбург,completed,11,24211.41,7263.423,2026-05,2026,2
3743,624,2026-05-24 23:48:58.282485,Новосибирск,cancelled,12,40348.9,12104.67,2026-05,2026,2
3714,168,2026-05-24 23:48:58.282485,Санкт-Петербург,completed,4,20402.309999999998,6120.692999999999,2026-05,2026,2
4139,193,2026-05-24 23:48:58.283920,Екатеринбург,cancelled,5,15295.49,4588.647,2026-05,2026,2
3870,495,2026-05-24 23:48:58.283920,Уфа,processing,5,24340.480000000003,7302.144000000001,2026-05,2026,2
3993,996,2026-05-24 23:48:58.283920,Казань,completed,10,34307.119999999995,10292.135999999999,2026-05,2026,2
3978,393,2026-05-24 23:48:58.283920,Екатеринбург,processing,3,7328.75,2198.625,2026-05,2026,2
4456,981,2026-05-24 23:48:58.284934,Москва,completed,3,26634.63,7990.389,2026-05,2026,2
329,714,2026-05-25 23:48:58.274623,Ростов-на-Дону,completed,11,49053.22,14715.966,2026-05,2026,2
364,738,2026-05-25 23:48:58.274623,Москва,completed,11,35676.84,10703.051999999998,2026-05,2026,2
335,423,2026-05-25 23:48:58.274623,Нижний Новгород,processing,8,36919.2,11075.759999999998,2026-05,2026,2
914,116,2026-05-25 23:48:58.275959,Новосибирск,completed,7,19333.3,5799.99,2026-05,2026,2
934,276,2026-05-25 23:48:58.275959,Ростов-на-Дону,processing,9,30317.12,9095.135999999999,2026-05,2026,2
1357,236,2026-05-25 23:48:58.276965,Казань,completed,4,20463.04,6138.912,2026-05,2026,2
1149,776,2026-05-25 23:48:58.276965,Самара,completed,10,26489.129999999997,7946.738999999999,2026-05,2026,2
1680,961,2026-05-25 23:48:58.277983,Нижний Новгород,completed,3,23754.41,7126.322999999999,2026-05,2026,2
2073,861,2026-05-25 23:48:58.277983,Новосибирск,completed,6,26456.02,7936.806,2026-05,2026,2
1809,233,2026-05-25 23:48:58.277983,Нижний Новгород,completed,5,4769.54,1430.8619999999999,2026-05,2026,2
1905,112,2026-05-25 23:48:58.277983,Новосибирск,completed,3,3840.72,1152.216,2026-05,2026,2
2364,301,2026-05-25 23:48:58.279317,Красноярск,cancelled,4,32114.59,9634.377,2026-05,2026,2
2243,145,2026-05-25 23:48:58.279317,Москва,completed,5,26637.9,7991.37,2026-05,2026,2
2427,918,2026-05-25 23:48:58.279317,Нижний Новгород,completed,2,14416.9,4325.07,2026-05,2026,2
2624,205,2026-05-25 23:48:58.280322,Екатеринбург,completed,5,25733.239999999998,7719.971999999999,2026-05,2026,2
2937,733,2026-05-25 23:48:58.280948,Москва,completed,2,6662.83,1998.849,2026-05,2026,2
2933,993,2026-05-25 23:48:58.280948,Красноярск,completed,3,14826.71,4448.013,2026-05,2026,2
3003,997,2026-05-25 23:48:58.280948,Красноярск,completed,2,7276.18,2182.854,2026-05,2026,2
3487,415,2026-05-25 23:48:58.282485,Санкт-Петербург,completed,8,24821.58,7446.474,2026-05,2026,2
3448,811,2026-05-25 23:48:58.282485,Москва,cancelled,11,33159.42,9947.826,2026-05,2026,2
3524,538,2026-05-25 23:48:58.282485,Нижний Новгород,cancelled,7,16705.670000000002,5011.701,2026-05,2026,2
4175,315,2026-05-25 23:48:58.283920,Красноярск,cancelled,2,541.74,162.522,2026-05,2026,2
3945,524,2026-05-25 23:48:58.283920,Красноярск,completed,1,6326.69,1898.0069999999998,2026-05,2026,2
4443,139,2026-05-25 23:48:58.284934,Уфа,processing,2,9216.36,2764.908,2026-05,2026,2
4287,98,2026-05-25 23:48:58.284934,Самара,cancelled,10,39066.03,11719.809,2026-05,2026,2
4408,604,2026-05-25 23:48:58.284934,Самара,completed,8,37441.03,11232.309,2026-05,2026,2
4586,73,2026-05-25 23:48:58.284934,Екатеринбург,processing,12,35451.240000000005,10635.372000000001,2026-05,2026,2
4944,326,2026-05-25 23:48:58.285929,Самара,completed,9,30961.010000000002,9288.303,2026-05,2026,2
219,103,2026-05-26 23:48:58.273612,Казань,completed,5,15127.97,4538.391,2026-05,2026,2
186,209,2026-05-26 23:48:58.273612,Москва,processing,8,33684.16,10105.248000000001,2026-05,2026,2
185,156,2026-05-26 23:48:58.273612,Ростов-на-Дону,cancelled,4,12646.72,3794.0159999999996,2026-05,2026,2
448,299,2026-05-26 23:48:58.274623,Санкт-Петербург,completed,11,46738.770000000004,14021.631000000001,2026-05,2026,2
360,321,2026-05-26 23:48:58.274623,Екатеринбург,completed,11,24877.31,7463.193,2026-05,2026,2
586,986,2026-05-26 23:48:58.274623,Нижний Новгород,completed,10,29939.7,8981.91,2026-05,2026,2
1100,909,2026-05-26 23:48:58.275959,Самара,completed,11,32708.41,9812.523,2026-05,2026,2
919,899,2026-05-26 23:48:58.275959,Красноярск,completed,11,38072.55,11421.765000000001,2026-05,2026,2
1361,663,2026-05-26 23:48:58.276965,Казань,completed,8,44505.61,13351.682999999999,2026-05,2026,2
1374,225,2026-05-26 23:48:58.276965,Новосибирск,processing,1,12179.66,3653.8979999999997,2026-05,2026,2
1527,21,2026-05-26 23:48:58.276965,Санкт-Петербург,completed,11,31249.9,9374.97,2026-05,2026,2
1918,540,2026-05-26 23:48:58.277983,Ростов-на-Дону,processing,12,42140.47,12642.141,2026-05,2026,2
1824,985,2026-05-26 23:48:58.277983,Новосибирск,completed,3,4552.9,1365.87,2026-05,2026,2
1935,425,2026-05-26 23:48:58.277983,Екатеринбург,completed,7,54728.23,16418.469,2026-05,2026,2
1840,974,2026-05-26 23:48:58.277983,Екатеринбург,completed,5,7151.82,2145.546,2026-05,2026,2
1952,474,2026-05-26 23:48:58.277983,Самара,cancelled,11,41526.78,12458.034,2026-05,2026,2
2304,89,2026-05-26 23:48:58.279317,Казань,processing,10,58663.3,17598.99,2026-05,2026,2
2127,771,2026-05-26 23:48:58.279317,Ростов-на-Дону,completed,5,24624.34,7387.302,2026-05,2026,2
2286,756,2026-05-26 23:48:58.279317,Красноярск,completed,7,32831.43,9849.429,2026-05,2026,2
2692,483,2026-05-26 23:48:58.280322,Красноярск,completed,7,48018.869999999995,14405.660999999998,2026-05,2026,2
2640,209,2026-05-26 23:48:58.280322,Москва,completed,4,19549.54,5864.862,2026-05,2026,2
3182,771,2026-05-26 23:48:58.280948,Ростов-на-Дону,completed,4,15061.08,4518.324,2026-05,2026,2
3111,178,2026-05-26 23:48:58.280948,Уфа,processing,5,23955.43,7186.629,2026-05,2026,2
3067,146,2026-05-26 23:48:58.280948,Уфа,completed,5,16599.16,4979.748,2026-05,2026,2
2993,436,2026-05-26 23:48:58.280948,Екатеринбург,completed,9,31263.61,9379.083,2026-05,2026,2
3515,316,2026-05-26 23:48:58.282485,Самара,cancelled,1,14030.52,4209.156,2026-05,2026,2
3560,528,2026-05-26 23:48:58.282485,Казань,cancelled,7,27478.27,8243.481,2026-05,2026,2
4148,424,2026-05-26 23:48:58.283920,Екатеринбург,completed,4,7815.2,2344.56,2026-05,2026,2
4161,955,2026-05-26 23:48:58.283920,Новосибирск,completed,4,27127.75,8138.325,2026-05,2026,2
4009,482,2026-05-26 23:48:58.283920,Красноярск,cancelled,1,9358.79,2807.637,2026-05,2026,2
4454,985,2026-05-26 23:48:58.284934,Новосибирск,completed,8,38892.95,11667.884999999998,2026-05,2026,2
4841,616,2026-05-26 23:48:58.285929,Санкт-Петербург,cancelled,11,41200.48,12360.144,2026-05,2026,2
4628,923,2026-05-26 23:48:58.285929,Нижний Новгород,cancelled,1,3732.99,1119.897,2026-05,2026,2
4867,340,2026-05-26 23:48:58.285929,Красноярск,completed,6,19831.8,5949.54,2026-05,2026,2
92,421,2026-05-27 23:48:58.273612,Нижний Новгород,processing,10,30836.02,9250.806,2026-05,2026,2
481,839,2026-05-27 23:48:58.274623,Екатеринбург,cancelled,9,33381.05,10014.315,2026-05,2026,2
1064,721,2026-05-27 23:48:58.275959,Казань,completed,9,29147.62,8744.286,2026-05,2026,2
1144,144,2026-05-27 23:48:58.275959,Уфа,completed,8,13689.31,4106.793,2026-05,2026,2
2433,7,2026-05-27 23:48:58.279317,Москва,cancelled,7,29411.77,8823.530999999999,2026-05,2026,2
2318,710,2026-05-27 23:48:58.279317,Новосибирск,completed,4,10347.01,3104.103,2026-05,2026,2
2532,568,2026-05-27 23:48:58.280322,Екатеринбург,completed,7,34686.55,10405.965,2026-05,2026,2
2670,451,2026-05-27 23:48:58.280322,Казань,completed,5,12977.21,3893.1629999999996,2026-05,2026,2
2522,234,2026-05-27 23:48:58.280322,Ростов-на-Дону,completed,3,23099.14,6929.741999999999,2026-05,2026,2
2657,923,2026-05-27 23:48:58.280322,Нижний Новгород,completed,8,27852.33,8355.699,2026-05,2026,2
3034,639,2026-05-27 23:48:58.280948,Нижний Новгород,completed,3,17034.33,5110.299,2026-05,2026,2
3082,582,2026-05-27 23:48:58.280948,Самара,completed,3,23633.71,7090.112999999999,2026-05,2026,2
2942,941,2026-05-27 23:48:58.280948,Казань,completed,13,44806.69,13442.007,2026-05,2026,2
3149,865,2026-05-27 23:48:58.280948,Нижний Новгород,completed,4,21126.809999999998,6338.042999999999,2026-05,2026,2
3012,873,2026-05-27 23:48:58.280948,Санкт-Петербург,completed,6,11782.51,3534.753,2026-05,2026,2
3075,567,2026-05-27 23:48:58.280948,Казань,completed,3,7996.6,2398.98,2026-05,2026,2
3719,562,2026-05-27 23:48:58.282485,Уфа,completed,7,27438.449999999997,8231.534999999998,2026-05,2026,2
3533,924,2026-05-27 23:48:58.282485,Красноярск,completed,11,50464.49,15139.346999999998,2026-05,2026,2
4081,411,2026-05-27 23:48:58.283920,Самара,processing,4,26510.809999999998,7953.242999999999,2026-05,2026,2
4255,601,2026-05-27 23:48:58.284934,Москва,completed,11,38425.44,11527.632,2026-05,2026,2
4553,793,2026-05-27 23:48:58.284934,Самара,processing,7,38340.91,11502.273000000001,2026-05,2026,2
4728,981,2026-05-27 23:48:58.285929,Москва,completed,11,62325.59,18697.677,2026-05,2026,2
4735,796,2026-05-27 23:48:58.285929,Санкт-Петербург,cancelled,8,27257.6,8177.279999999999,2026-05,2026,2
4892,228,2026-05-27 23:48:58.285929,Красноярск,processing,13,35291.89,10587.567,2026-05,2026,2
4702,999,2026-05-27 23:48:58.285929,Екатеринбург,cancelled,2,13102.33,3930.6989999999996,2026-05,2026,2
4739,84,2026-05-27 23:48:58.285929,Санкт-Петербург,completed,9,42143.11,12642.932999999999,2026-05,2026,2
4914,614,2026-05-27 23:48:58.285929,Екатеринбург,completed,3,21630.239999999998,6489.071999999999,2026-05,2026,2
4852,459,2026-05-27 23:48:58.285929,Казань,completed,8,21126.960000000003,6338.088000000001,2026-05,2026,2
4844,912,2026-05-27 23:48:58.285929,Нижний Новгород,completed,8,40705.24,12211.571999999998,2026-05,2026,2
4758,933,2026-05-27 23:48:58.285929,Уфа,cancelled,3,11535.179999999998,3460.5539999999996,2026-05,2026,2
257,164,2026-05-28 23:48:58.273612,Москва,cancelled,8,19122.05,5736.615,2026-05,2026,2
245,919,2026-05-28 23:48:58.273612,Уфа,completed,4,32258.920000000002,9677.676,2026-05,2026,2
401,96,2026-05-28 23:48:58.274623,Красноярск,completed,7,32178.010000000002,9653.403,2026-05,2026,2
757,975,2026-05-28 23:48:58.274623,Казань,completed,4,28659.61,8597.883,2026-05,2026,2
396,383,2026-05-28 23:48:58.274623,Красноярск,completed,3,22896.61,6868.983,2026-05,2026,2
522,817,2026-05-28 23:48:58.274623,Нижний Новгород,cancelled,5,14616.99,4385.097,2026-05,2026,2
1020,440,2026-05-28 23:48:58.275959,Самара,completed,3,17232.489999999998,5169.746999999999,2026-05,2026,2
1038,971,2026-05-28 23:48:58.275959,Самара,completed,3,13991.0,4197.3,2026-05,2026,2
1126,106,2026-05-28 23:48:58.275959,Уфа,completed,3,22481.53,6744.459,2026-05,2026,2
1368,982,2026-05-28 23:48:58.276965,Уфа,processing,4,2306.69,692.007,2026-05,2026,2
1452,466,2026-05-28 23:48:58.276965,Самара,processing,8,19159.06,5747.718,2026-05,2026,2
2060,523,2026-05-28 23:48:58.277983,Санкт-Петербург,completed,15,38092.36,11427.708,2026-05,2026,2
1846,438,2026-05-28 23:48:58.277983,Новосибирск,completed,6,32417.89,9725.367,2026-05,2026,2
2044,316,2026-05-28 23:48:58.277983,Самара,completed,7,21220.45,6366.135,2026-05,2026,2
2026,106,2026-05-28 23:48:58.277983,Уфа,cancelled,3,9157.57,2747.2709999999997,2026-05,2026,2
2194,447,2026-05-28 23:48:58.279317,Новосибирск,cancelled,1,13351.7,4005.51,2026-05,2026,2
2550,618,2026-05-28 23:48:58.280322,Казань,completed,8,9831.27,2949.381,2026-05,2026,2
2851,709,2026-05-28 23:48:58.280948,Самара,cancelled,5,9932.81,2979.843,2026-05,2026,2
3299,969,2026-05-28 23:48:58.280948,Красноярск,processing,3,9215.82,2764.7459999999996,2026-05,2026,2
3759,128,2026-05-28 23:48:58.282485,Ростов-на-Дону,completed,10,24852.75,7455.825,2026-05,2026,2
3651,643,2026-05-28 23:48:58.282485,Екатеринбург,completed,6,44184.479999999996,13255.344,2026-05,2026,2
4486,308,2026-05-28 23:48:58.284934,Казань,completed,9,34842.54,10452.762,2026-05,2026,2
4361,717,2026-05-28 23:48:58.284934,Новосибирск,completed,3,6355.18,1906.554,2026-05,2026,2
4283,135,2026-05-28 23:48:58.284934,Ростов-на-Дону,completed,7,22253.15,6675.945000000001,2026-05,2026,2
4957,640,2026-05-28 23:48:58.285929,Екатеринбург,completed,8,16209.88,4862.964,2026-05,2026,2
37,911,2026-05-29 23:48:58.273612,Красноярск,cancelled,11,46699.74,14009.921999999999,2026-05,2026,2
487,597,2026-05-29 23:48:58.274623,Уфа,processing,6,20589.96,6176.987999999999,2026-05,2026,2
710,977,2026-05-29 23:48:58.274623,Казань,completed,3,4995.629999999999,1498.6889999999996,2026-05,2026,2
496,663,2026-05-29 23:48:58.274623,Казань,completed,6,15686.53,4705.959,2026-05,2026,2
1086,117,2026-05-29 23:48:58.275959,Санкт-Петербург,completed,3,7499.46,2249.8379999999997,2026-05,2026,2
1431,394,2026-05-29 23:48:58.276965,Красноярск,processing,6,31340.89,9402.267,2026-05,2026,2
1507,875,2026-05-29 23:48:58.276965,Казань,completed,6,11565.39,3469.6169999999997,2026-05,2026,2
2030,473,2026-05-29 23:48:58.277983,Санкт-Петербург,processing,9,34174.5,10252.35,2026-05,2026,2
2237,695,2026-05-29 23:48:58.279317,Казань,completed,7,15120.64,4536.192,2026-05,2026,2
2702,4,2026-05-29 23:48:58.280322,Санкт-Петербург,completed,4,28494.56,8548.368,2026-05,2026,2
2803,95,2026-05-29 23:48:58.280948,Москва,completed,7,31615.5,9484.65,2026-05,2026,2
2878,500,2026-05-29 23:48:58.280948,Новосибирск,completed,12,38411.56,11523.467999999999,2026-05,2026,2
3416,16,2026-05-29 23:48:58.282485,Казань,cancelled,5,19129.25,5738.775,2026-05,2026,2
3785,191,2026-05-29 23:48:58.282485,Нижний Новгород,completed,5,24028.46,7208.538,2026-05,2026,2
3551,682,2026-05-29 23:48:58.282485,Санкт-Петербург,completed,7,17003.19,5100.956999999999,2026-05,2026,2
3377,352,2026-05-29 23:48:58.282485,Ростов-на-Дону,completed,6,21790.629999999997,6537.188999999999,2026-05,2026,2
3566,497,2026-05-29 23:48:58.282485,Ростов-на-Дону,cancelled,3,897.79,269.337,2026-05,2026,2
4023,217,2026-05-29 23:48:58.283920,Казань,processing,1,13953.85,4186.155,2026-05,2026,2
4100,205,2026-05-29 23:48:58.283920,Екатеринбург,completed,6,15611.84,4683.552,2026-05,2026,2
4241,525,2026-05-29 23:48:58.284934,Москва,completed,10,34687.38,10406.213999999998,2026-05,2026,2
66,376,2026-05-30 23:48:58.273612,Красноярск,completed,5,22405.63,6721.689,2026-05,2026,2
284,23,2026-05-30 23:48:58.273612,Нижний Новгород,completed,6,25410.010000000002,7623.003000000001,2026-05,2026,2
231,857,2026-05-30 23:48:58.273612,Казань,completed,1,11910.95,3573.2850000000003,2026-05,2026,2
352,210,2026-05-30 23:48:58.274623,Нижний Новгород,completed,7,25586.28,7675.883999999999,2026-05,2026,2
416,148,2026-05-30 23:48:58.274623,Новосибирск,completed,6,11710.91,3513.2729999999997,2026-05,2026,2
618,54,2026-05-30 23:48:58.274623,Нижний Новгород,cancelled,10,54873.59,16462.076999999997,2026-05,2026,2
772,842,2026-05-30 23:48:58.274623,Ростов-на-Дону,completed,12,21885.469999999998,6565.640999999999,2026-05,2026,2
470,988,2026-05-30 23:48:58.274623,Казань,completed,6,19646.54,5893.962,2026-05,2026,2
395,815,2026-05-30 23:48:58.274623,Казань,completed,5,11740.439999999999,3522.1319999999996,2026-05,2026,2
462,7,2026-05-30 23:48:58.274623,Москва,completed,11,31642.449999999997,9492.734999999999,2026-05,2026,2
879,316,2026-05-30 23:48:58.275959,Самара,completed,8,39493.7,11848.109999999999,2026-05,2026,2
1326,93,2026-05-30 23:48:58.276965,Санкт-Петербург,completed,6,26529.07,7958.721,2026-05,2026,2
1543,661,2026-05-30 23:48:58.276965,Самара,completed,4,16205.79,4861.737,2026-05,2026,2
1164,281,2026-05-30 23:48:58.276965,Екатеринбург,completed,1,14393.96,4318.187999999999,2026-05,2026,2
1489,287,2026-05-30 23:48:58.276965,Самара,completed,6,23856.33,7156.899,2026-05,2026,2
1707,983,2026-05-30 23:48:58.277983,Новосибирск,completed,10,22046.75,6614.025,2026-05,2026,2
2418,370,2026-05-30 23:48:58.279317,Уфа,completed,3,3586.45,1075.935,2026-05,2026,2
2856,692,2026-05-30 23:48:58.280948,Самара,completed,8,35205.5,10561.65,2026-05,2026,2
2999,532,2026-05-30 23:48:58.280948,Ростов-на-Дону,completed,3,11295.26,3388.578,2026-05,2026,2
3035,239,2026-05-30 23:48:58.280948,Новосибирск,completed,3,2791.54,837.462,2026-05,2026,2
3800,137,2026-05-30 23:48:58.282485,Санкт-Петербург,completed,6,18435.11,5530.533,2026-05,2026,2
3876,759,2026-05-30 23:48:58.283920,Красноярск,completed,3,21282.16,6384.648,2026-05,2026,2
4099,111,2026-05-30 23:48:58.283920,Санкт-Петербург,completed,4,32601.879999999997,9780.563999999998,2026-05,2026,2
4171,804,2026-05-30 23:48:58.283920,Казань,completed,5,13675.34,4102.602,2026-05,2026,2
4345,155,2026-05-30 23:48:58.284934,Самара,processing,10,26942.79,8082.8369999999995,2026-05,2026,2
4257,361,2026-05-30 23:48:58.284934,Самара,completed,5,23879.08,7163.724,2026-05,2026,2
166,167,2026-05-31 23:48:58.273612,Москва,processing,6,22797.550000000003,6839.265,2026-05,2026,2
734,653,2026-05-31 23:48:58.274623,Самара,completed,7,34721.11,10416.333,2026-05,2026,2
672,335,2026-05-31 23:48:58.274623,Ростов-на-Дону,processing,8,28996.67,8699.000999999998,2026-05,2026,2
474,837,2026-05-31 23:48:58.274623,Екатеринбург,completed,8,24846.489999999998,7453.946999999999,2026-05,2026,2
1322,375,2026-05-31 23:48:58.276965,Новосибирск,completed,5,15996.76,4799.028,2026-05,2026,2
2067,605,2026-05-31 23:48:58.277983,Екатеринбург,cancelled,3,7996.58,2398.9739999999997,2026-05,2026,2
1739,750,2026-05-31 23:48:58.277983,Москва,completed,1,5200.59,1560.177,2026-05,2026,2
1848,321,2026-05-31 23:48:58.277983,Екатеринбург,processing,11,27604.65,8281.395,2026-05,2026,2
1805,919,2026-05-31 23:48:58.277983,Уфа,cancelled,1,7317.99,2195.397,2026-05,2026,2
2358,83,2026-05-31 23:48:58.279317,Казань,completed,4,14836.179999999998,4450.853999999999,2026-05,2026,2
2949,63,2026-05-31 23:48:58.280948,Нижний Новгород,completed,11,41114.79,12334.437,2026-05,2026,2
3326,210,2026-05-31 23:48:58.280948,Нижний Новгород,completed,3,25512.22,7653.666,2026-05,2026,2
3113,501,2026-05-31 23:48:58.280948,Екатеринбург,processing,8,38891.79,11667.537,2026-05,2026,2
3325,588,2026-05-31 23:48:58.280948,Новосибирск,completed,5,27775.57,8332.671,2026-05,2026,2
2872,584,2026-05-31 23:48:58.280948,Самара,completed,7,31645.85,9493.755,2026-05,2026,2
2790,125,2026-05-31 23:48:58.280948,Красноярск,completed,4,15605.98,4681.794,2026-05,2026,2
3628,562,2026-05-31 23:48:58.282485,Уфа,completed,3,14304.73,4291.419,2026-05,2026,2
3630,357,2026-05-31 23:48:58.282485,Ростов-на-Дону,completed,5,20080.95,6024.285,2026-05,2026,2
4191,804,2026-05-31 23:48:58.283920,Казань,cancelled,2,5184.58,1555.374,2026-05,2026,2
4047,770,2026-05-31 23:48:58.283920,Самара,cancelled,12,44319.729999999996,13295.918999999998,2026-05,2026,2
4182,997,2026-05-31 23:48:58.283920,Красноярск,completed,8,22364.309999999998,6709.292999999999,2026-05,2026,2
4519,946,2026-05-31 23:48:58.284934,Нижний Новгород,completed,3,18935.79,5680.737,2026-05,2026,2
4462,55,2026-05-31 23:48:58.284934,Самара,completed,7,32137.21,9641.162999999999,2026-05,2026,2
70,531,2026-06-01 23:48:58.273612,Казань,processing,10,44064.25,13219.275,2026-06,2026,2
14,21,2026-06-01 23:48:58.273612,Санкт-Петербург,completed,2,21304.57,6391.371,2026-06,2026,2
535,612,2026-06-01 23:48:58.274623,Москва,processing,1,14365.05,4309.514999999999,2026-06,2026,2
437,758,2026-06-01 23:48:58.274623,Екатеринбург,completed,3,10728.369999999999,3218.5109999999995,2026-06,2026,2
799,867,2026-06-01 23:48:58.275959,Казань,completed,6,29417.07,8825.121,2026-06,2026,2
789,330,2026-06-01 23:48:58.275959,Санкт-Петербург,completed,8,28516.690000000002,8555.007,2026-06,2026,2
1262,18,2026-06-01 23:48:58.276965,Екатеринбург,cancelled,3,8328.21,2498.4629999999997,2026-06,2026,2
1660,839,2026-06-01 23:48:58.277983,Екатеринбург,completed,9,30132.13,9039.639,2026-06,2026,2
1671,658,2026-06-01 23:48:58.277983,Казань,cancelled,10,40194.020000000004,12058.206,2026-06,2026,2
1836,189,2026-06-01 23:48:58.277983,Новосибирск,completed,10,35108.06,10532.418,2026-06,2026,2
1802,264,2026-06-01 23:48:58.277983,Новосибирск,completed,3,14681.43,4404.429,2026-06,2026,2
2053,299,2026-06-01 23:48:58.277983,Санкт-Петербург,processing,1,5580.76,1674.228,2026-06,2026,2
1962,621,2026-06-01 23:48:58.277983,Москва,completed,10,43998.69,13199.607,2026-06,2026,2
2208,713,2026-06-01 23:48:58.279317,Нижний Новгород,completed,2,13332.53,3999.759,2026-06,2026,2
2214,501,2026-06-01 23:48:58.279317,Екатеринбург,completed,8,40707.22,12212.166,2026-06,2026,2
2291,183,2026-06-01 23:48:58.279317,Екатеринбург,completed,3,7272.74,2181.8219999999997,2026-06,2026,2
2806,167,2026-06-01 23:48:58.280948,Москва,completed,1,9620.59,2886.177,2026-06,2026,2
2814,457,2026-06-01 23:48:58.280948,Новосибирск,completed,3,13533.01,4059.903,2026-06,2026,2
2966,343,2026-06-01 23:48:58.280948,Самара,cancelled,4,7462.77,2238.831,2026-06,2026,2
3119,367,2026-06-01 23:48:58.280948,Ростов-на-Дону,completed,9,38386.79,11516.037,2026-06,2026,2
2896,729,2026-06-01 23:48:58.280948,Екатеринбург,completed,4,27593.42,8278.026,2026-06,2026,2
3808,514,2026-06-01 23:48:58.282485,Самара,completed,5,16463.16,4938.947999999999,2026-06,2026,2
3604,195,2026-06-01 23:48:58.282485,Екатеринбург,completed,12,28078.48,8423.544,2026-06,2026,2
3733,326,2026-06-01 23:48:58.282485,Самара,completed,1,6954.41,2086.323,2026-06,2026,2
3880,576,2026-06-01 23:48:58.283920,Екатеринбург,completed,9,25448.56,7634.568,2026-06,2026,2
4126,585,2026-06-01 23:48:58.283920,Нижний Новгород,completed,9,42597.43,12779.229,2026-06,2026,2
4750,941,2026-06-01 23:48:58.285929,Казань,completed,5,16557.16,4967.148,2026-06,2026,2
4655,567,2026-06-01 23:48:58.285929,Казань,cancelled,9,33419.03,10025.708999999999,2026-06,2026,2
133,298,2026-06-02 23:48:58.273612,Красноярск,processing,4,34048.93,10214.679,2026-06,2026,2
38,451,2026-06-02 23:48:58.273612,Казань,completed,8,47969.020000000004,14390.706,2026-06,2026,2
61,371,2026-06-02 23:48:58.273612,Нижний Новгород,processing,7,28375.46,8512.637999999999,2026-06,2026,2
250,268,2026-06-02 23:48:58.273612,Санкт-Петербург,completed,1,10985.05,3295.515,2026-06,2026,2
546,589,2026-06-02 23:48:58.274623,Новосибирск,completed,3,808.19,242.457,2026-06,2026,2
642,748,2026-06-02 23:48:58.274623,Уфа,completed,2,3045.46,913.638,2026-06,2026,2
555,835,2026-06-02 23:48:58.274623,Красноярск,processing,11,38098.840000000004,11429.652,2026-06,2026,2
447,885,2026-06-02 23:48:58.274623,Самара,completed,1,7364.73,2209.419,2026-06,2026,2
1088,856,2026-06-02 23:48:58.275959,Москва,cancelled,6,17105.86,5131.758,2026-06,2026,2
1111,657,2026-06-02 23:48:58.275959,Екатеринбург,completed,1,763.52,229.05599999999998,2026-06,2026,2
1162,903,2026-06-02 23:48:58.276965,Москва,completed,3,21379.77,6413.931,2026-06,2026,2
1876,537,2026-06-02 23:48:58.277983,Санкт-Петербург,cancelled,6,3160.35,948.1049999999999,2026-06,2026,2
2072,569,2026-06-02 23:48:58.277983,Екатеринбург,completed,8,63027.990000000005,18908.397,2026-06,2026,2
2329,73,2026-06-02 23:48:58.279317,Екатеринбург,cancelled,8,51292.92,15387.875999999998,2026-06,2026,2
3327,548,2026-06-02 23:48:58.280948,Ростов-на-Дону,completed,11,45626.25,13687.875,2026-06,2026,2
2743,731,2026-06-02 23:48:58.280948,Екатеринбург,cancelled,12,47352.82,14205.846,2026-06,2026,2
3570,752,2026-06-02 23:48:58.282485,Ростов-на-Дону,completed,1,6029.22,1808.766,2026-06,2026,2
3508,660,2026-06-02 23:48:58.282485,Москва,completed,6,22476.39,6742.9169999999995,2026-06,2026,2
3855,599,2026-06-02 23:48:58.283920,Самара,completed,2,14820.2,4446.06,2026-06,2026,2
3973,187,2026-06-02 23:48:58.283920,Красноярск,completed,7,36054.69,10816.407000000001,2026-06,2026,2
4267,68,2026-06-02 23:48:58.284934,Казань,completed,9,40141.0,12042.3,2026-06,2026,2
4535,914,2026-06-02 23:48:58.284934,Ростов-на-Дону,completed,8,29023.800000000003,8707.140000000001,2026-06,2026,2
4499,401,2026-06-02 23:48:58.284934,Нижний Новгород,cancelled,7,38601.840000000004,11580.552000000001,2026-06,2026,2
4323,839,2026-06-02 23:48:58.284934,Екатеринбург,completed,10,50681.37,15204.411,2026-06,2026,2
4773,331,2026-06-02 23:48:58.285929,Казань,completed,9,31476.05,9442.814999999999,2026-06,2026,2
4978,387,2026-06-02 23:48:58.285929,Москва,cancelled,15,40398.049999999996,12119.414999999999,2026-06,2026,2
206,557,2026-06-03 23:48:58.273612,Самара,completed,10,41959.94,12587.982,2026-06,2026,2
293,384,2026-06-03 23:48:58.273612,Санкт-Петербург,completed,5,15401.59,4620.477,2026-06,2026,2
366,236,2026-06-03 23:48:58.274623,Казань,processing,12,17201.68,5160.504,2026-06,2026,2
452,702,2026-06-03 23:48:58.274623,Уфа,completed,1,1879.78,563.934,2026-06,2026,2
631,141,2026-06-03 23:48:58.274623,Казань,completed,2,12766.47,3829.941,2026-06,2026,2
303,545,2026-06-03 23:48:58.274623,Ростов-на-Дону,completed,4,11534.8,3460.4399999999996,2026-06,2026,2
773,31,2026-06-03 23:48:58.274623,Красноярск,cancelled,3,6716.94,2015.0819999999999,2026-06,2026,2
431,677,2026-06-03 23:48:58.274623,Ростов-на-Дону,completed,10,51716.95,15515.085,2026-06,2026,2
435,158,2026-06-03 23:48:58.274623,Самара,cancelled,9,20802.4,6240.72,2026-06,2026,2
1050,455,2026-06-03 23:48:58.275959,Уфа,completed,3,8965.2,2689.56,2026-06,2026,2
883,907,2026-06-03 23:48:58.275959,Казань,completed,5,16327.7,4898.31,2026-06,2026,2
1512,443,2026-06-03 23:48:58.276965,Уфа,completed,4,7068.61,2120.5829999999996,2026-06,2026,2
1198,49,2026-06-03 23:48:58.276965,Москва,completed,3,22334.46,6700.338,2026-06,2026,2
1465,70,2026-06-03 23:48:58.276965,Санкт-Петербург,cancelled,8,55900.12,16770.036,2026-06,2026,2
1879,564,2026-06-03 23:48:58.277983,Санкт-Петербург,completed,4,18204.36,5461.308,2026-06,2026,2
1847,623,2026-06-03 23:48:58.277983,Ростов-на-Дону,cancelled,8,33971.26,10191.378,2026-06,2026,2
2068,326,2026-06-03 23:48:58.277983,Самара,completed,8,54088.1,16226.429999999998,2026-06,2026,2
1913,378,2026-06-03 23:48:58.277983,Самара,completed,8,53312.25,15993.675,2026-06,2026,2
1611,837,2026-06-03 23:48:58.277983,Екатеринбург,completed,6,34176.55,10252.965,2026-06,2026,2
1789,237,2026-06-03 23:48:58.277983,Санкт-Петербург,processing,11,52614.28,15784.284,2026-06,2026,2
3283,280,2026-06-03 23:48:58.280948,Москва,completed,3,13397.27,4019.181,2026-06,2026,2
3601,977,2026-06-03 23:48:58.282485,Казань,processing,8,38581.33,11574.399,2026-06,2026,2
3475,781,2026-06-03 23:48:58.282485,Казань,completed,5,33552.62,10065.786,2026-06,2026,2
3704,267,2026-06-03 23:48:58.282485,Нижний Новгород,cancelled,8,41818.15,12545.445,2026-06,2026,2
3455,894,2026-06-03 23:48:58.282485,Санкт-Петербург,processing,6,27058.870000000003,8117.661,2026-06,2026,2
3593,933,2026-06-03 23:48:58.282485,Уфа,cancelled,2,3064.8,919.44,2026-06,2026,2
3770,508,2026-06-03 23:48:58.282485,Казань,completed,1,9148.33,2744.499,2026-06,2026,2
3514,908,2026-06-03 23:48:58.282485,Новосибирск,processing,5,21573.89,6472.1669999999995,2026-06,2026,2
4167,565,2026-06-03 23:48:58.283920,Санкт-Петербург,completed,9,27437.97,8231.391,2026-06,2026,2
4029,848,2026-06-03 23:48:58.283920,Ростов-на-Дону,completed,3,4566.47,1369.941,2026-06,2026,2
4052,602,2026-06-03 23:48:58.283920,Казань,completed,6,42216.85,12665.054999999998,2026-06,2026,2
4108,616,2026-06-03 23:48:58.283920,Санкт-Петербург,completed,6,18450.17,5535.0509999999995,2026-06,2026,2
4597,623,2026-06-03 23:48:58.284934,Ростов-на-Дону,cancelled,6,8557.43,2567.229,2026-06,2026,2
4306,628,2026-06-03 23:48:58.284934,Красноярск,completed,11,47121.270000000004,14136.381000000001,2026-06,2026,2
4349,665,2026-06-03 23:48:58.284934,Ростов-на-Дону,cancelled,4,37425.07,11227.520999999999,2026-06,2026,2
4824,629,2026-06-03 23:48:58.285929,Красноярск,cancelled,7,9327.33,2798.199,2026-06,2026,2
4858,22,2026-06-03 23:48:58.285929,Санкт-Петербург,completed,11,39252.509999999995,11775.752999999999,2026-06,2026,2
4660,167,2026-06-03 23:48:58.285929,Москва,completed,7,45482.38,13644.713999999998,2026-06,2026,2
4644,211,2026-06-03 23:48:58.285929,Казань,completed,7,29332.45,8799.735,2026-06,2026,2
4642,884,2026-06-03 23:48:58.285929,Самара,completed,9,32378.12,9713.436,2026-06,2026,2
294,891,2026-06-04 23:48:58.274623,Самара,completed,2,7637.3,2291.19,2026-06,2026,2
485,434,2026-06-04 23:48:58.274623,Самара,completed,1,12037.97,3611.3909999999996,2026-06,2026,2
473,334,2026-06-04 23:48:58.274623,Новосибирск,completed,7,32089.72,9626.916,2026-06,2026,2
429,567,2026-06-04 23:48:58.274623,Казань,completed,15,54385.88,16315.764,2026-06,2026,2
593,425,2026-06-04 23:48:58.274623,Екатеринбург,completed,5,17061.08,5118.3240000000005,2026-06,2026,2
342,275,2026-06-04 23:48:58.274623,Ростов-на-Дону,cancelled,6,17714.71,5314.413,2026-06,2026,2
849,505,2026-06-04 23:48:58.275959,Новосибирск,completed,7,33380.16,10014.048,2026-06,2026,2
850,560,2026-06-04 23:48:58.275959,Новосибирск,completed,5,27216.2,8164.86,2026-06,2026,2
967,434,2026-06-04 23:48:58.275959,Самара,completed,2,13898.88,4169.664,2026-06,2026,2
1460,990,2026-06-04 23:48:58.276965,Самара,processing,12,36190.86,10857.258,2026-06,2026,2
1345,670,2026-06-04 23:48:58.276965,Екатеринбург,completed,7,22295.46,6688.638,2026-06,2026,2
1404,8,2026-06-04 23:48:58.276965,Санкт-Петербург,cancelled,9,33836.979999999996,10151.094,2026-06,2026,2
1380,236,2026-06-04 23:48:58.276965,Казань,completed,6,25380.239999999998,7614.071999999999,2026-06,2026,2
1586,849,2026-06-04 23:48:58.277983,Москва,completed,4,11978.170000000002,3593.4510000000005,2026-06,2026,2
1704,220,2026-06-04 23:48:58.277983,Казань,processing,10,28452.58,8535.774,2026-06,2026,2
2248,628,2026-06-04 23:48:58.279317,Красноярск,completed,4,14136.310000000001,4240.893,2026-06,2026,2
2432,775,2026-06-04 23:48:58.279317,Казань,completed,4,29571.92,8871.576,2026-06,2026,2
2582,995,2026-06-04 23:48:58.280322,Екатеринбург,processing,8,26746.300000000003,8023.89,2026-06,2026,2
2714,898,2026-06-04 23:48:58.280322,Москва,processing,4,8312.439999999999,2493.7319999999995,2026-06,2026,2
2602,325,2026-06-04 23:48:58.280322,Новосибирск,processing,4,19002.86,5700.858,2026-06,2026,2
3068,265,2026-06-04 23:48:58.280948,Ростов-на-Дону,completed,9,18761.9,5628.570000000001,2026-06,2026,2
2988,144,2026-06-04 23:48:58.280948,Уфа,processing,5,23796.89,7139.067,2026-06,2026,2
3273,911,2026-06-04 23:48:58.280948,Красноярск,processing,8,32913.68,9874.104,2026-06,2026,2
3118,996,2026-06-04 23:48:58.280948,Казань,processing,10,31006.59,9301.976999999999,2026-06,2026,2
3027,801,2026-06-04 23:48:58.280948,Уфа,completed,8,30355.850000000002,9106.755000000001,2026-06,2026,2
3655,669,2026-06-04 23:48:58.282485,Екатеринбург,cancelled,3,22725.56,6817.668000000001,2026-06,2026,2
3997,147,2026-06-04 23:48:58.283920,Санкт-Петербург,cancelled,1,3924.08,1177.224,2026-06,2026,2
3928,103,2026-06-04 23:48:58.283920,Казань,completed,10,32899.64,9869.892,2026-06,2026,2
4205,744,2026-06-04 23:48:58.284934,Красноярск,completed,10,36998.56,11099.568,2026-06,2026,2
4600,785,2026-06-04 23:48:58.284934,Санкт-Петербург,cancelled,8,27275.98,8182.794,2026-06,2026,2
4542,461,2026-06-04 23:48:58.284934,Уфа,completed,2,4995.32,1498.5959999999998,2026-06,2026,2
4876,127,2026-06-04 23:48:58.285929,Самара,cancelled,10,40346.56,12103.967999999999,2026-06,2026,2
4812,601,2026-06-04 23:48:58.285929,Москва,completed,3,10950.23,3285.069,2026-06,2026,2
264,621,2026-06-05 23:48:58.273612,Москва,completed,8,46454.87,13936.461000000001,2026-06,2026,2
502,457,2026-06-05 23:48:58.274623,Новосибирск,completed,1,1712.69,513.807,2026-06,2026,2
543,188,2026-06-05 23:48:58.274623,Санкт-Петербург,cancelled,6,21925.989999999998,6577.797,2026-06,2026,2
1023,205,2026-06-05 23:48:58.275959,Екатеринбург,completed,5,15069.84,4520.952,2026-06,2026,2
938,889,2026-06-05 23:48:58.275959,Уфа,completed,3,12281.41,3684.423,2026-06,2026,2
1506,718,2026-06-05 23:48:58.276965,Красноярск,completed,8,29479.68,8843.904,2026-06,2026,2
1277,664,2026-06-05 23:48:58.276965,Екатеринбург,completed,1,7106.36,2131.908,2026-06,2026,2
1240,842,2026-06-05 23:48:58.276965,Ростов-на-Дону,processing,13,46895.31,14068.592999999999,2026-06,2026,2
1582,562,2026-06-05 23:48:58.277983,Уфа,completed,12,35465.42,10639.625999999998,2026-06,2026,2
1765,702,2026-06-05 23:48:58.277983,Уфа,completed,9,29457.87,8837.360999999999,2026-06,2026,2
1700,333,2026-06-05 23:48:58.277983,Казань,completed,2,7441.39,2232.417,2026-06,2026,2
2420,396,2026-06-05 23:48:58.279317,Красноярск,completed,3,12857.51,3857.2529999999997,2026-06,2026,2
2378,496,2026-06-05 23:48:58.279317,Казань,completed,9,17575.54,5272.662,2026-06,2026,2
2474,289,2026-06-05 23:48:58.279317,Санкт-Петербург,completed,2,18733.98,5620.1939999999995,2026-06,2026,2
3016,313,2026-06-05 23:48:58.280948,Самара,completed,5,30640.649999999998,9192.195,2026-06,2026,2
3264,730,2026-06-05 23:48:58.280948,Казань,processing,12,42699.63,12809.889,2026-06,2026,2
3274,161,2026-06-05 23:48:58.280948,Красноярск,completed,6,19031.63,5709.4890000000005,2026-06,2026,2
3249,712,2026-06-05 23:48:58.280948,Нижний Новгород,completed,7,29180.98,8754.294,2026-06,2026,2
3243,829,2026-06-05 23:48:58.280948,Нижний Новгород,cancelled,9,39150.7,11745.21,2026-06,2026,2
3792,405,2026-06-05 23:48:58.282485,Самара,completed,4,25608.550000000003,7682.5650000000005,2026-06,2026,2
3440,141,2026-06-05 23:48:58.282485,Казань,completed,5,22412.239999999998,6723.672,2026-06,2026,2
3526,181,2026-06-05 23:48:58.282485,Екатеринбург,completed,4,34680.35,10404.105,2026-06,2026,2
3488,994,2026-06-05 23:48:58.282485,Санкт-Петербург,completed,5,18298.38,5489.514,2026-06,2026,2
3486,743,2026-06-05 23:48:58.282485,Нижний Новгород,completed,9,33684.61,10105.383,2026-06,2026,2
3853,620,2026-06-05 23:48:58.283920,Москва,completed,2,7413.59,2224.0769999999998,2026-06,2026,2
4178,158,2026-06-05 23:48:58.283920,Самара,processing,4,22394.75,6718.425,2026-06,2026,2
4030,56,2026-06-05 23:48:58.283920,Самара,cancelled,11,36937.6,11081.279999999999,2026-06,2026,2
4152,439,2026-06-05 23:48:58.283920,Красноярск,completed,1,3048.41,914.5229999999999,2026-06,2026,2
4172,963,2026-06-05 23:48:58.283920,Самара,completed,6,20949.84,6284.952,2026-06,2026,2
4539,782,2026-06-05 23:48:58.284934,Москва,processing,8,15415.310000000001,4624.593,2026-06,2026,2
4261,673,2026-06-05 23:48:58.284934,Нижний Новгород,completed,7,35389.7,10616.909999999998,2026-06,2026,2
4897,404,2026-06-05 23:48:58.285929,Ростов-на-Дону,processing,3,9111.77,2733.531,2026-06,2026,2
4935,911,2026-06-05 23:48:58.285929,Красноярск,processing,1,6796.04,2038.812,2026-06,2026,2
4993,392,2026-06-05 23:48:58.285929,Новосибирск,completed,11,46995.84,14098.751999999999,2026-06,2026,2
4697,585,2026-06-05 23:48:58.285929,Нижний Новгород,cancelled,3,10491.08,3147.324,2026-06,2026,2
128,134,2026-06-06 23:48:58.273612,Санкт-Петербург,processing,7,25065.190000000002,7519.557000000001,2026-06,2026,2
36,819,2026-06-06 23:48:58.273612,Санкт-Петербург,completed,2,2366.72,710.016,2026-06,2026,2
630,321,2026-06-06 23:48:58.274623,Екатеринбург,completed,8,38522.71,11556.813,2026-06,2026,2
717,476,2026-06-06 23:48:58.274623,Москва,processing,3,7521.47,2256.441,2026-06,2026,2
714,9,2026-06-06 23:48:58.274623,Новосибирск,completed,8,16329.96,4898.987999999999,2026-06,2026,2
1429,228,2026-06-06 23:48:58.276965,Красноярск,completed,3,8132.15,2439.645,2026-06,2026,2
1414,184,2026-06-06 23:48:58.276965,Нижний Новгород,processing,6,25510.58,7653.174,2026-06,2026,2
1392,431,2026-06-06 23:48:58.276965,Уфа,completed,8,24690.489999999998,7407.146999999999,2026-06,2026,2
2244,714,2026-06-06 23:48:58.279317,Ростов-на-Дону,processing,3,15471.260000000002,4641.378000000001,2026-06,2026,2
2723,92,2026-06-06 23:48:58.280322,Самара,completed,7,14693.4,4408.0199999999995,2026-06,2026,2
2677,487,2026-06-06 23:48:58.280322,Ростов-на-Дону,completed,3,9533.61,2860.083,2026-06,2026,2
2817,831,2026-06-06 23:48:58.280948,Красноярск,processing,11,44637.68,13391.304,2026-06,2026,2
3013,124,2026-06-06 23:48:58.280948,Уфа,processing,3,3868.24,1160.472,2026-06,2026,2
2753,688,2026-06-06 23:48:58.280948,Москва,completed,7,25219.51,7565.852999999999,2026-06,2026,2
3496,706,2026-06-06 23:48:58.282485,Красноярск,cancelled,2,15403.6,4621.08,2026-06,2026,2
3897,996,2026-06-06 23:48:58.283920,Казань,completed,3,11929.0,3578.7,2026-06,2026,2
4301,742,2026-06-06 23:48:58.284934,Самара,processing,8,31403.34,9421.002,2026-06,2026,2
4998,933,2026-06-06 23:48:58.285929,Уфа,completed,5,27967.03,8390.108999999999,2026-06,2026,2
158,962,2026-06-07 23:48:58.273612,Красноярск,completed,9,19570.93,5871.2789999999995,2026-06,2026,2
148,745,2026-06-07 23:48:58.273612,Самара,completed,8,28207.469999999998,8462.240999999998,2026-06,2026,2
531,192,2026-06-07 23:48:58.274623,Новосибирск,completed,3,10001.41,3000.423,2026-06,2026,2
567,844,2026-06-07 23:48:58.274623,Уфа,processing,9,37660.0,11298.0,2026-06,2026,2
818,882,2026-06-07 23:48:58.275959,Красноярск,completed,7,27446.730000000003,8234.019,2026-06,2026,2
1410,579,2026-06-07 23:48:58.276965,Москва,processing,3,10470.7,3141.21,2026-06,2026,2
1657,635,2026-06-07 23:48:58.277983,Москва,processing,10,25408.74,7622.622,2026-06,2026,2
2018,935,2026-06-07 23:48:58.277983,Нижний Новгород,completed,6,31670.550000000003,9501.165,2026-06,2026,2
1758,434,2026-06-07 23:48:58.277983,Самара,completed,1,11101.74,3330.522,2026-06,2026,2
1654,555,2026-06-07 23:48:58.277983,Казань,completed,3,3507.0,1052.1,2026-06,2026,2
1573,316,2026-06-07 23:48:58.277983,Самара,completed,9,32778.740000000005,9833.622000000001,2026-06,2026,2
1674,51,2026-06-07 23:48:58.277983,Нижний Новгород,completed,6,26686.91,8006.072999999999,2026-06,2026,2
2338,393,2026-06-07 23:48:58.279317,Екатеринбург,completed,5,14500.23,4350.0689999999995,2026-06,2026,2
2273,661,2026-06-07 23:48:58.279317,Самара,completed,2,13348.69,4004.607,2026-06,2026,2
2202,93,2026-06-07 23:48:58.279317,Санкт-Петербург,processing,4,23123.66,6937.098,2026-06,2026,2
2517,487,2026-06-07 23:48:58.280322,Ростов-на-Дону,cancelled,11,30536.980000000003,9161.094000000001,2026-06,2026,2
2586,858,2026-06-07 23:48:58.280322,Красноярск,completed,9,12755.99,3826.7969999999996,2026-06,2026,2
2635,206,2026-06-07 23:48:58.280322,Самара,completed,5,26844.73,8053.419,2026-06,2026,2
2930,663,2026-06-07 23:48:58.280948,Казань,completed,11,56925.18,17077.554,2026-06,2026,2
3605,328,2026-06-07 23:48:58.282485,Екатеринбург,cancelled,7,25077.92,7523.375999999999,2026-06,2026,2
4080,41,2026-06-07 23:48:58.283920,Екатеринбург,completed,6,26785.24,8035.572,2026-06,2026,2
4003,151,2026-06-07 23:48:58.283920,Ростов-на-Дону,completed,6,21380.38,6414.1140000000005,2026-06,2026,2
4083,452,2026-06-07 23:48:58.283920,Новосибирск,processing,6,29457.98,8837.394,2026-06,2026,2
4144,834,2026-06-07 23:48:58.283920,Новосибирск,completed,10,37004.16,11101.248000000001,2026-06,2026,2
4390,260,2026-06-07 23:48:58.284934,Екатеринбург,completed,9,47787.69,14336.307,2026-06,2026,2
4330,939,2026-06-07 23:48:58.284934,Самара,completed,12,35190.0,10557.0,2026-06,2026,2
4232,888,2026-06-07 23:48:58.284934,Москва,completed,3,8761.76,2628.528,2026-06,2026,2
4989,26,2026-06-07 23:48:58.285929,Самара,completed,10,34527.39,10358.216999999999,2026-06,2026,2
11,999,2026-06-08 23:48:58.273612,Екатеринбург,completed,7,32370.96,9711.287999999999,2026-06,2026,2
254,670,2026-06-08 23:48:58.273612,Екатеринбург,cancelled,2,11978.09,3593.427,2026-06,2026,2
270,721,2026-06-08 23:48:58.273612,Казань,completed,9,18191.71,5457.513,2026-06,2026,2
151,200,2026-06-08 23:48:58.273612,Санкт-Петербург,processing,2,2536.38,760.914,2026-06,2026,2
83,179,2026-06-08 23:48:58.273612,Екатеринбург,processing,6,28579.67,8573.901,2026-06,2026,2
356,268,2026-06-08 23:48:58.274623,Санкт-Петербург,processing,8,36519.37,10955.811,2026-06,2026,2
693,524,2026-06-08 23:48:58.274623,Красноярск,completed,9,49753.09,14925.926999999998,2026-06,2026,2
872,56,2026-06-08 23:48:58.275959,Самара,completed,12,38387.7,11516.31,2026-06,2026,2
945,52,2026-06-08 23:48:58.275959,Екатеринбург,cancelled,8,34493.05,10347.915,2026-06,2026,2
1441,37,2026-06-08 23:48:58.276965,Самара,completed,7,47702.26,14310.678,2026-06,2026,2
1338,930,2026-06-08 23:48:58.276965,Уфа,completed,2,8792.13,2637.6389999999997,2026-06,2026,2
1525,370,2026-06-08 23:48:58.276965,Уфа,processing,8,19598.72,5879.616,2026-06,2026,2
1406,419,2026-06-08 23:48:58.276965,Ростов-на-Дону,completed,4,12425.7,3727.71,2026-06,2026,2
1306,284,2026-06-08 23:48:58.276965,Нижний Новгород,completed,4,12230.130000000001,3669.039,2026-06,2026,2
1875,650,2026-06-08 23:48:58.277983,Ростов-на-Дону,completed,9,32130.17,9639.051,2026-06,2026,2
1911,593,2026-06-08 23:48:58.277983,Самара,completed,4,10968.310000000001,3290.4930000000004,2026-06,2026,2
2485,708,2026-06-08 23:48:58.279317,Нижний Новгород,completed,3,1152.6,345.78,2026-06,2026,2
2451,764,2026-06-08 23:48:58.279317,Ростов-на-Дону,processing,4,11216.89,3365.0669999999996,2026-06,2026,2
3231,935,2026-06-08 23:48:58.280948,Нижний Новгород,completed,6,19302.71,5790.812999999999,2026-06,2026,2
3128,506,2026-06-08 23:48:58.280948,Санкт-Петербург,completed,9,34585.25,10375.574999999999,2026-06,2026,2
2991,198,2026-06-08 23:48:58.280948,Санкт-Петербург,completed,3,20082.71,6024.812999999999,2026-06,2026,2
2898,753,2026-06-08 23:48:58.280948,Санкт-Петербург,completed,10,46649.89,13994.966999999999,2026-06,2026,2
3500,36,2026-06-08 23:48:58.282485,Ростов-на-Дону,cancelled,3,4779.0,1433.7,2026-06,2026,2
3470,82,2026-06-08 23:48:58.282485,Екатеринбург,completed,1,2028.3,608.49,2026-06,2026,2
3563,649,2026-06-08 23:48:58.282485,Екатеринбург,completed,6,24194.97,7258.491,2026-06,2026,2
3851,830,2026-06-08 23:48:58.283920,Санкт-Петербург,cancelled,1,5866.34,1759.902,2026-06,2026,2
3986,241,2026-06-08 23:48:58.283920,Екатеринбург,completed,11,39395.0,11818.5,2026-06,2026,2
3955,122,2026-06-08 23:48:58.283920,Екатеринбург,completed,5,21020.05,6306.014999999999,2026-06,2026,2
4109,959,2026-06-08 23:48:58.283920,Екатеринбург,completed,5,10621.46,3186.4379999999996,2026-06,2026,2
4062,298,2026-06-08 23:48:58.283920,Красноярск,processing,2,850.91,255.27299999999997,2026-06,2026,2
3850,340,2026-06-08 23:48:58.283920,Красноярск,cancelled,2,5912.5,1773.75,2026-06,2026,2
4701,808,2026-06-08 23:48:58.285929,Красноярск,completed,2,2547.28,764.1840000000001,2026-06,2026,2
4995,453,2026-06-08 23:48:58.285929,Самара,processing,2,4765.9,1429.7699999999998,2026-06,2026,2
4724,249,2026-06-08 23:48:58.285929,Уфа,completed,1,2752.19,825.657,2026-06,2026,2
4667,281,2026-06-08 23:48:58.285929,Екатеринбург,completed,2,7808.469999999999,2342.5409999999997,2026-06,2026,2
17,17,2026-06-09 23:48:58.273612,Ростов-на-Дону,completed,10,38598.9,11579.67,2026-06,2026,2
355,665,2026-06-09 23:48:58.274623,Ростов-на-Дону,completed,5,12575.25,3772.575,2026-06,2026,2
553,55,2026-06-09 23:48:58.274623,Самара,completed,7,31768.800000000003,9530.640000000001,2026-06,2026,2
786,801,2026-06-09 23:48:58.275959,Уфа,completed,8,40220.63,12066.188999999998,2026-06,2026,2
1096,389,2026-06-09 23:48:58.275959,Ростов-на-Дону,processing,11,40674.64,12202.392,2026-06,2026,2
1636,62,2026-06-09 23:48:58.277983,Красноярск,cancelled,9,28207.44,8462.232,2026-06,2026,2
2064,841,2026-06-09 23:48:58.277983,Москва,completed,1,4418.05,1325.415,2026-06,2026,2
1643,387,2026-06-09 23:48:58.277983,Москва,cancelled,8,14334.439999999999,4300.331999999999,2026-06,2026,2
1692,591,2026-06-09 23:48:58.277983,Ростов-на-Дону,cancelled,6,29170.98,8751.294,2026-06,2026,2
1832,27,2026-06-09 23:48:58.277983,Санкт-Петербург,completed,3,11845.32,3553.596,2026-06,2026,2
1717,472,2026-06-09 23:48:58.277983,Самара,completed,6,20749.809999999998,6224.942999999999,2026-06,2026,2
2319,136,2026-06-09 23:48:58.279317,Нижний Новгород,completed,1,9570.38,2871.1139999999996,2026-06,2026,2
2199,958,2026-06-09 23:48:58.279317,Уфа,completed,7,22716.89,6815.067,2026-06,2026,2
2460,139,2026-06-09 23:48:58.279317,Уфа,completed,11,48761.63,14628.489,2026-06,2026,2
2590,354,2026-06-09 23:48:58.280322,Казань,completed,8,39216.61,11764.983,2026-06,2026,2
2775,453,2026-06-09 23:48:58.280948,Самара,cancelled,4,13681.9,4104.57,2026-06,2026,2
3201,773,2026-06-09 23:48:58.280948,Ростов-на-Дону,completed,7,31641.92,9492.576,2026-06,2026,2
3125,944,2026-06-09 23:48:58.280948,Уфа,completed,6,27413.489999999998,8224.046999999999,2026-06,2026,2
3701,606,2026-06-09 23:48:58.282485,Красноярск,completed,3,14672.53,4401.759,2026-06,2026,2
3781,59,2026-06-09 23:48:58.282485,Уфа,completed,13,31411.66,9423.498,2026-06,2026,2
3647,99,2026-06-09 23:48:58.282485,Санкт-Петербург,completed,6,27640.58,8292.174,2026-06,2026,2
4570,721,2026-06-09 23:48:58.284934,Казань,completed,3,841.76,252.528,2026-06,2026,2
4559,361,2026-06-09 23:48:58.284934,Самара,processing,5,26621.34,7986.402,2026-06,2026,2
4398,146,2026-06-09 23:48:58.284934,Уфа,completed,3,21024.84,6307.452,2026-06,2026,2
4621,833,2026-06-09 23:48:58.285929,Екатеринбург,completed,1,3125.22,937.5659999999999,2026-06,2026,2
4675,990,2026-06-09 23:48:58.285929,Самара,completed,7,10233.31,3069.993,2026-06,2026,2
4831,613,2026-06-09 23:48:58.285929,Санкт-Петербург,processing,7,31129.04,9338.712,2026-06,2026,2
194,560,2026-06-10 23:48:58.273612,Новосибирск,cancelled,4,20622.88,6186.8640000000005,2026-06,2026,2
51,891,2026-06-10 23:48:58.273612,Самара,processing,2,13691.32,4107.396,2026-06,2026,2
22,46,2026-06-10 23:48:58.273612,Екатеринбург,processing,8,26934.66,8080.397999999999,2026-06,2026,2
537,357,2026-06-10 23:48:58.274623,Ростов-на-Дону,completed,3,2047.81,614.343,2026-06,2026,2
394,835,2026-06-10 23:48:58.274623,Красноярск,completed,1,14326.62,4297.986,2026-06,2026,2
372,751,2026-06-10 23:48:58.274623,Самара,completed,5,12231.240000000002,3669.3720000000003,2026-06,2026,2
493,681,2026-06-10 23:48:58.274623,Екатеринбург,completed,12,62757.04,18827.112,2026-06,2026,2
1349,416,2026-06-10 23:48:58.276965,Самара,completed,10,17946.92,5384.075999999999,2026-06,2026,2
1474,322,2026-06-10 23:48:58.276965,Новосибирск,completed,4,23888.449999999997,7166.534999999999,2026-06,2026,2
1178,119,2026-06-10 23:48:58.276965,Санкт-Петербург,processing,1,5840.36,1752.108,2026-06,2026,2
1468,423,2026-06-10 23:48:58.276965,Нижний Новгород,processing,6,56596.92,16979.075999999997,2026-06,2026,2
1957,340,2026-06-10 23:48:58.277983,Красноярск,completed,3,1192.21,357.663,2026-06,2026,2
2084,394,2026-06-10 23:48:58.279317,Красноярск,completed,1,2319.95,695.9849999999999,2026-06,2026,2
2472,594,2026-06-10 23:48:58.279317,Ростов-на-Дону,completed,9,36149.0,10844.699999999999,2026-06,2026,2
2507,357,2026-06-10 23:48:58.280322,Ростов-на-Дону,completed,3,21165.82,6349.746,2026-06,2026,2
2583,693,2026-06-10 23:48:58.280322,Екатеринбург,completed,6,9193.75,2758.125,2026-06,2026,2
2520,855,2026-06-10 23:48:58.280322,Санкт-Петербург,completed,7,17921.190000000002,5376.357000000001,2026-06,2026,2
2915,349,2026-06-10 23:48:58.280948,Самара,completed,9,40278.0,12083.4,2026-06,2026,2
2748,931,2026-06-10 23:48:58.280948,Нижний Новгород,processing,7,30442.29,9132.687,2026-06,2026,2
3195,263,2026-06-10 23:48:58.280948,Уфа,completed,8,28738.45,8621.535,2026-06,2026,2
3783,306,2026-06-10 23:48:58.282485,Санкт-Петербург,completed,5,21051.739999999998,6315.521999999999,2026-06,2026,2
3694,933,2026-06-10 23:48:58.282485,Уфа,processing,5,19860.57,5958.170999999999,2026-06,2026,2
4074,373,2026-06-10 23:48:58.283920,Москва,completed,3,8508.939999999999,2552.6819999999993,2026-06,2026,2
3948,151,2026-06-10 23:48:58.283920,Ростов-на-Дону,cancelled,6,11444.82,3433.446,2026-06,2026,2
4125,448,2026-06-10 23:48:58.283920,Новосибирск,cancelled,4,15005.72,4501.715999999999,2026-06,2026,2
4391,14,2026-06-10 23:48:58.284934,Красноярск,completed,10,21187.489999999998,6356.246999999999,2026-06,2026,2
4434,956,2026-06-10 23:48:58.284934,Красноярск,completed,7,21220.47,6366.1410000000005,2026-06,2026,2
4251,581,2026-06-10 23:48:58.284934,Красноярск,completed,9,20333.57,6100.071,2026-06,2026,2
4979,486,2026-06-10 23:48:58.285929,Екатеринбург,completed,6,32781.8,9834.54,2026-06,2026,2
4799,992,2026-06-10 23:48:58.285929,Самара,completed,5,22623.9,6787.17,2026-06,2026,2
4860,935,2026-06-10 23:48:58.285929,Нижний Новгород,processing,7,23021.97,6906.591,2026-06,2026,2
4729,82,2026-06-10 23:48:58.285929,Екатеринбург,processing,4,24025.16,7207.548,2026-06,2026,2
4757,757,2026-06-10 23:48:58.285929,Санкт-Петербург,completed,4,6974.46,2092.3379999999997,2026-06,2026,2
203,492,2026-06-11 23:48:58.273612,Новосибирск,processing,3,11343.85,3403.155,2026-06,2026,2
573,270,2026-06-11 23:48:58.274623,Екатеринбург,completed,12,41034.9,12310.47,2026-06,2026,2
297,670,2026-06-11 23:48:58.274623,Екатеринбург,completed,5,22681.94,6804.581999999999,2026-06,2026,2
511,495,2026-06-11 23:48:58.274623,Уфа,completed,8,18068.43,5420.5289999999995,2026-06,2026,2
1995,556,2026-06-11 23:48:58.277983,Самара,processing,11,23981.86,7194.558,2026-06,2026,2
1936,342,2026-06-11 23:48:58.277983,Красноярск,processing,7,15672.839999999998,4701.851999999999,2026-06,2026,2
1901,669,2026-06-11 23:48:58.277983,Екатеринбург,completed,8,27811.35,8343.404999999999,2026-06,2026,2
2024,290,2026-06-11 23:48:58.277983,Уфа,processing,4,19405.260000000002,5821.578,2026-06,2026,2
2484,492,2026-06-11 23:48:58.279317,Новосибирск,completed,8,28648.11,8594.432999999999,2026-06,2026,2
2504,687,2026-06-11 23:48:58.280322,Новосибирск,completed,8,29137.43,8741.229,2026-06,2026,2
3023,561,2026-06-11 23:48:58.280948,Казань,completed,6,13305.99,3991.7969999999996,2026-06,2026,2
3494,790,2026-06-11 23:48:58.282485,Нижний Новгород,processing,9,27882.47,8364.741,2026-06,2026,2
3729,542,2026-06-11 23:48:58.282485,Самара,cancelled,11,24742.2,7422.66,2026-06,2026,2
3784,6,2026-06-11 23:48:58.282485,Красноярск,cancelled,3,9511.92,2853.576,2026-06,2026,2
4095,96,2026-06-11 23:48:58.283920,Красноярск,completed,7,17835.55,5350.665,2026-06,2026,2
4122,204,2026-06-11 23:48:58.283920,Нижний Новгород,completed,3,15067.24,4520.172,2026-06,2026,2
3990,934,2026-06-11 23:48:58.283920,Ростов-на-Дону,completed,2,11488.08,3446.424,2026-06,2026,2
4388,753,2026-06-11 23:48:58.284934,Санкт-Петербург,processing,3,29166.46,8749.938,2026-06,2026,2
4988,668,2026-06-11 23:48:58.285929,Уфа,completed,3,36905.76,11071.728000000001,2026-06,2026,2
4614,322,2026-06-11 23:48:58.285929,Новосибирск,processing,1,893.32,267.996,2026-06,2026,2
4693,241,2026-06-11 23:48:58.285929,Екатеринбург,completed,6,19187.58,5756.274,2026-06,2026,2
207,839,2026-06-12 23:48:58.273612,Екатеринбург,completed,5,5218.4800000000005,1565.544,2026-06,2026,2
127,882,2026-06-12 23:48:58.273612,Красноярск,completed,3,12247.46,3674.238,2026-06,2026,2
422,764,2026-06-12 23:48:58.274623,Ростов-на-Дону,completed,7,42354.009999999995,12706.202999999998,2026-06,2026,2
684,976,2026-06-12 23:48:58.274623,Самара,processing,2,2908.71,872.6129999999999,2026-06,2026,2
1028,899,2026-06-12 23:48:58.275959,Красноярск,completed,5,16761.809999999998,5028.542999999999,2026-06,2026,2
1283,760,2026-06-12 23:48:58.276965,Нижний Новгород,completed,7,23569.52,7070.856,2026-06,2026,2
1493,515,2026-06-12 23:48:58.276965,Екатеринбург,completed,7,17109.41,5132.822999999999,2026-06,2026,2
1450,357,2026-06-12 23:48:58.276965,Ростов-на-Дону,completed,9,33738.03,10121.409,2026-06,2026,2
2058,938,2026-06-12 23:48:58.277983,Нижний Новгород,completed,2,12542.1,3762.63,2026-06,2026,2
2421,292,2026-06-12 23:48:58.279317,Санкт-Петербург,completed,2,685.01,205.503,2026-06,2026,2
2391,325,2026-06-12 23:48:58.279317,Новосибирск,completed,3,11654.79,3496.4370000000004,2026-06,2026,2
2131,863,2026-06-12 23:48:58.279317,Уфа,completed,4,14256.55,4276.964999999999,2026-06,2026,2
3209,433,2026-06-12 23:48:58.280948,Самара,completed,7,29037.370000000003,8711.211000000001,2026-06,2026,2
3298,843,2026-06-12 23:48:58.280948,Казань,completed,3,8261.04,2478.3120000000004,2026-06,2026,2
3762,548,2026-06-12 23:48:58.282485,Ростов-на-Дону,completed,8,26869.91,8060.973,2026-06,2026,2
3867,999,2026-06-12 23:48:58.283920,Екатеринбург,completed,5,13252.970000000001,3975.891,2026-06,2026,2
4289,772,2026-06-12 23:48:58.284934,Санкт-Петербург,completed,5,26369.480000000003,7910.844000000001,2026-06,2026,2
4413,992,2026-06-12 23:48:58.284934,Самара,completed,7,17549.06,5264.718,2026-06,2026,2
4838,117,2026-06-12 23:48:58.285929,Санкт-Петербург,cancelled,6,34717.89,10415.367,2026-06,2026,2
4710,730,2026-06-12 23:48:58.285929,Казань,completed,4,20311.53,6093.459,2026-06,2026,2
4778,102,2026-06-12 23:48:58.285929,Самара,completed,5,19669.760000000002,5900.928000000001,2026-06,2026,2
607,808,2026-06-13 23:48:58.274623,Красноярск,cancelled,11,43437.92,13031.375999999998,2026-06,2026,2
516,870,2026-06-13 23:48:58.274623,Уфа,cancelled,6,25955.6,7786.679999999999,2026-06,2026,2
509,320,2026-06-13 23:48:58.274623,Самара,completed,5,19434.39,5830.317,2026-06,2026,2
1139,3,2026-06-13 23:48:58.275959,Новосибирск,completed,7,22867.61,6860.283,2026-06,2026,2
1085,835,2026-06-13 23:48:58.275959,Красноярск,completed,7,39922.03,11976.608999999999,2026-06,2026,2
1010,206,2026-06-13 23:48:58.275959,Самара,completed,10,39921.45,11976.435,2026-06,2026,2
1132,468,2026-06-13 23:48:58.275959,Екатеринбург,completed,5,13833.18,4149.954,2026-06,2026,2
1378,703,2026-06-13 23:48:58.276965,Красноярск,completed,7,34553.9,10366.17,2026-06,2026,2
1456,302,2026-06-13 23:48:58.276965,Ростов-на-Дону,completed,10,47254.3,14176.29,2026-06,2026,2
1472,690,2026-06-13 23:48:58.276965,Красноярск,completed,6,14905.669999999998,4471.700999999999,2026-06,2026,2
1540,166,2026-06-13 23:48:58.276965,Уфа,completed,7,14303.51,4291.053,2026-06,2026,2
1604,223,2026-06-13 23:48:58.277983,Москва,completed,1,9868.85,2960.655,2026-06,2026,2
2037,807,2026-06-13 23:48:58.277983,Казань,processing,1,13578.48,4073.544,2026-06,2026,2
2034,68,2026-06-13 23:48:58.277983,Казань,completed,6,41334.55,12400.365,2026-06,2026,2
1974,195,2026-06-13 23:48:58.277983,Екатеринбург,completed,2,10831.16,3249.348,2026-06,2026,2
2475,422,2026-06-13 23:48:58.279317,Самара,completed,11,45253.35,13576.005,2026-06,2026,2
2203,874,2026-06-13 23:48:58.279317,Екатеринбург,completed,3,22829.79,6848.937,2026-06,2026,2
2371,593,2026-06-13 23:48:58.279317,Самара,cancelled,15,31682.670000000002,9504.801,2026-06,2026,2
2487,536,2026-06-13 23:48:58.279317,Нижний Новгород,completed,4,11003.11,3300.933,2026-06,2026,2
2566,556,2026-06-13 23:48:58.280322,Самара,processing,4,25666.910000000003,7700.073,2026-06,2026,2
3204,618,2026-06-13 23:48:58.280948,Казань,completed,2,2786.61,835.9830000000001,2026-06,2026,2
2820,526,2026-06-13 23:48:58.280948,Екатеринбург,completed,7,30060.16,9018.047999999999,2026-06,2026,2
3167,982,2026-06-13 23:48:58.280948,Уфа,completed,9,40536.05,12160.815,2026-06,2026,2
3592,660,2026-06-13 23:48:58.282485,Москва,completed,3,2125.53,637.659,2026-06,2026,2
3549,699,2026-06-13 23:48:58.282485,Уфа,completed,3,16801.23,5040.369,2026-06,2026,2
3813,850,2026-06-13 23:48:58.282485,Москва,completed,7,23867.95,7160.385,2026-06,2026,2
3538,66,2026-06-13 23:48:58.282485,Москва,completed,10,27940.45,8382.135,2026-06,2026,2
4060,536,2026-06-13 23:48:58.283920,Нижний Новгород,completed,3,6100.72,1830.2160000000001,2026-06,2026,2
4225,1000,2026-06-13 23:48:58.284934,Екатеринбург,completed,5,12881.84,3864.5519999999997,2026-06,2026,2
157,383,2026-06-14 23:48:58.273612,Красноярск,processing,4,13777.939999999999,4133.382,2026-06,2026,2
242,755,2026-06-14 23:48:58.273612,Санкт-Петербург,completed,5,10972.16,3291.6479999999997,2026-06,2026,2
976,66,2026-06-14 23:48:58.275959,Москва,completed,2,14837.92,4451.376,2026-06,2026,2
929,21,2026-06-14 23:48:58.275959,Санкт-Петербург,completed,3,5727.2,1718.1599999999999,2026-06,2026,2
1034,537,2026-06-14 23:48:58.275959,Санкт-Петербург,completed,8,33191.78,9957.534,2026-06,2026,2
1106,895,2026-06-14 23:48:58.275959,Красноярск,processing,10,20818.08,6245.424,2026-06,2026,2
1148,734,2026-06-14 23:48:58.276965,Москва,completed,9,27092.04,8127.612,2026-06,2026,2
1422,411,2026-06-14 23:48:58.276965,Самара,processing,10,55803.45,16741.035,2026-06,2026,2
1537,828,2026-06-14 23:48:58.276965,Уфа,completed,5,28173.27,8451.981,2026-06,2026,2
2000,914,2026-06-14 23:48:58.277983,Ростов-на-Дону,processing,6,28153.809999999998,8446.142999999998,2026-06,2026,2
2218,38,2026-06-14 23:48:58.279317,Нижний Новгород,completed,8,20084.65,6025.395,2026-06,2026,2
2236,437,2026-06-14 23:48:58.279317,Ростов-на-Дону,cancelled,13,43942.36,13182.708,2026-06,2026,2
2617,607,2026-06-14 23:48:58.280322,Ростов-на-Дону,completed,7,35033.45,10510.034999999998,2026-06,2026,2
3235,179,2026-06-14 23:48:58.280948,Екатеринбург,processing,6,34516.090000000004,10354.827000000001,2026-06,2026,2
2947,87,2026-06-14 23:48:58.280948,Новосибирск,completed,8,29998.26,8999.478,2026-06,2026,2
3187,104,2026-06-14 23:48:58.280948,Уфа,cancelled,8,23074.02,6922.206,2026-06,2026,2
2757,953,2026-06-14 23:48:58.280948,Самара,completed,5,24936.39,7480.9169999999995,2026-06,2026,2
3548,440,2026-06-14 23:48:58.282485,Самара,completed,3,29621.690000000002,8886.507,2026-06,2026,2
3547,485,2026-06-14 23:48:58.282485,Самара,processing,3,9438.43,2831.529,2026-06,2026,2
3834,228,2026-06-14 23:48:58.282485,Красноярск,completed,1,11323.01,3396.903,2026-06,2026,2
3935,754,2026-06-14 23:48:58.283920,Самара,cancelled,8,34517.69,10355.307,2026-06,2026,2
4285,41,2026-06-14 23:48:58.284934,Екатеринбург,cancelled,3,873.67,262.101,2026-06,2026,2
4516,577,2026-06-14 23:48:58.284934,Ростов-на-Дону,completed,13,35355.240000000005,10606.572000000002,2026-06,2026,2
4850,225,2026-06-14 23:48:58.285929,Новосибирск,cancelled,10,28652.059999999998,8595.617999999999,2026-06,2026,2
4665,303,2026-06-14 23:48:58.285929,Ростов-на-Дону,processing,3,36066.64,10819.992,2026-06,2026,2
4754,345,2026-06-14 23:48:58.285929,Ростов-на-Дону,processing,5,25952.989999999998,7785.896999999999,2026-06,2026,2
4649,773,2026-06-14 23:48:58.285929,Ростов-на-Дону,completed,7,43765.409999999996,13129.622999999998,2026-06,2026,2
162,731,2026-06-15 23:48:58.273612,Екатеринбург,completed,7,33337.09,10001.126999999999,2026-06,2026,2
21,775,2026-06-15 23:48:58.273612,Казань,completed,5,24400.74,7320.222000000001,2026-06,2026,2
842,908,2026-06-15 23:48:58.275959,Новосибирск,completed,4,17448.21,5234.463,2026-06,2026,2
1013,500,2026-06-15 23:48:58.275959,Новосибирск,cancelled,10,34702.42,10410.725999999999,2026-06,2026,2
1524,461,2026-06-15 23:48:58.276965,Уфа,completed,12,43341.42,13002.426,2026-06,2026,2
2009,320,2026-06-15 23:48:58.277983,Самара,completed,2,7754.6,2326.38,2026-06,2026,2
1943,703,2026-06-15 23:48:58.277983,Красноярск,completed,8,10560.93,3168.279,2026-06,2026,2
2175,398,2026-06-15 23:48:58.279317,Уфа,completed,10,32829.53,9848.858999999999,2026-06,2026,2
2370,661,2026-06-15 23:48:58.279317,Самара,completed,1,1837.87,551.361,2026-06,2026,2
3216,987,2026-06-15 23:48:58.280948,Нижний Новгород,processing,6,37931.130000000005,11379.339000000002,2026-06,2026,2
3168,842,2026-06-15 23:48:58.280948,Ростов-на-Дону,processing,7,16715.37,5014.611,2026-06,2026,2
3292,206,2026-06-15 23:48:58.280948,Самара,completed,1,7382.02,2214.606,2026-06,2026,2
3428,137,2026-06-15 23:48:58.282485,Санкт-Петербург,completed,9,35429.52,10628.855999999998,2026-06,2026,2
3482,74,2026-06-15 23:48:58.282485,Москва,completed,1,8889.18,2666.754,2026-06,2026,2
3621,61,2026-06-15 23:48:58.282485,Красноярск,completed,4,9179.869999999999,2753.961,2026-06,2026,2
3431,70,2026-06-15 23:48:58.282485,Санкт-Петербург,completed,2,699.77,209.93099999999998,2026-06,2026,2
3721,372,2026-06-15 23:48:58.282485,Санкт-Петербург,completed,8,21949.07,6584.721,2026-06,2026,2
4150,536,2026-06-15 23:48:58.283920,Нижний Новгород,completed,6,22874.77,6862.431,2026-06,2026,2
3958,544,2026-06-15 23:48:58.283920,Нижний Новгород,processing,2,12096.67,3629.0009999999997,2026-06,2026,2
4373,192,2026-06-15 23:48:58.284934,Новосибирск,completed,4,21997.83,6599.349,2026-06,2026,2
4392,728,2026-06-15 23:48:58.284934,Красноярск,processing,8,36586.35,10975.904999999999,2026-06,2026,2
4467,110,2026-06-15 23:48:58.284934,Уфа,processing,6,13027.68,3908.304,2026-06,2026,2
4802,520,2026-06-15 23:48:58.285929,Москва,completed,7,23984.77,7195.431,2026-06,2026,2
769,927,2026-06-16 23:48:58.274623,Ростов-на-Дону,completed,8,29507.949999999997,8852.384999999998,2026-06,2026,2
406,804,2026-06-16 23:48:58.274623,Казань,processing,4,16900.48,5070.143999999999,2026-06,2026,2
464,824,2026-06-16 23:48:58.274623,Ростов-на-Дону,completed,2,2427.95,728.3849999999999,2026-06,2026,2
926,911,2026-06-16 23:48:58.275959,Красноярск,cancelled,10,43776.79,13133.037,2026-06,2026,2
1001,808,2026-06-16 23:48:58.275959,Красноярск,completed,9,22268.36,6680.508,2026-06,2026,2
812,1,2026-06-16 23:48:58.275959,Санкт-Петербург,processing,4,24096.92,7229.075999999999,2026-06,2026,2
1118,247,2026-06-16 23:48:58.275959,Екатеринбург,completed,8,25074.52,7522.356,2026-06,2026,2
1255,471,2026-06-16 23:48:58.276965,Москва,completed,7,36296.18,10888.854,2026-06,2026,2
1294,975,2026-06-16 23:48:58.276965,Казань,completed,11,41099.43,12329.829,2026-06,2026,2
1307,696,2026-06-16 23:48:58.276965,Москва,completed,7,26052.1,7815.629999999999,2026-06,2026,2
1228,340,2026-06-16 23:48:58.276965,Красноярск,completed,9,39089.729999999996,11726.918999999998,2026-06,2026,2
1946,199,2026-06-16 23:48:58.277983,Екатеринбург,completed,7,24482.38,7344.714,2026-06,2026,2
1772,24,2026-06-16 23:48:58.277983,Екатеринбург,completed,10,32115.809999999998,9634.742999999999,2026-06,2026,2
2191,717,2026-06-16 23:48:58.279317,Новосибирск,completed,10,43763.08,13128.924,2026-06,2026,2
2104,588,2026-06-16 23:48:58.279317,Новосибирск,completed,5,12526.220000000001,3757.866,2026-06,2026,2
3323,976,2026-06-16 23:48:58.280948,Самара,processing,9,27847.38,8354.214,2026-06,2026,2
3224,787,2026-06-16 23:48:58.280948,Ростов-на-Дону,cancelled,8,34352.12,10305.636,2026-06,2026,2
2788,97,2026-06-16 23:48:58.280948,Санкт-Петербург,completed,2,3518.45,1055.5349999999999,2026-06,2026,2
3293,692,2026-06-16 23:48:58.280948,Самара,completed,11,33678.58,10103.574,2026-06,2026,2
3801,762,2026-06-16 23:48:58.282485,Екатеринбург,completed,3,4846.9,1454.07,2026-06,2026,2
3553,895,2026-06-16 23:48:58.282485,Красноярск,completed,3,3508.42,1052.526,2026-06,2026,2
3445,899,2026-06-16 23:48:58.282485,Красноярск,completed,8,26753.06,8025.918,2026-06,2026,2
3450,235,2026-06-16 23:48:58.282485,Новосибирск,completed,7,33344.22,10003.266,2026-06,2026,2
4264,12,2026-06-16 23:48:58.284934,Уфа,completed,4,13496.5,4048.95,2026-06,2026,2
4407,358,2026-06-16 23:48:58.284934,Красноярск,completed,4,9913.34,2974.002,2026-06,2026,2
4305,271,2026-06-16 23:48:58.284934,Ростов-на-Дону,cancelled,5,17421.27,5226.381,2026-06,2026,2
4941,216,2026-06-16 23:48:58.285929,Санкт-Петербург,cancelled,6,13057.470000000001,3917.241,2026-06,2026,2
4997,318,2026-06-16 23:48:58.285929,Уфа,completed,7,39758.4,11927.52,2026-06,2026,2
46,82,2026-06-17 23:48:58.273612,Екатеринбург,cancelled,3,14664.23,4399.268999999999,2026-06,2026,2
135,834,2026-06-17 23:48:58.273612,Новосибирск,processing,6,37112.91,11133.873000000001,2026-06,2026,2
246,528,2026-06-17 23:48:58.273612,Казань,completed,2,12991.45,3897.435,2026-06,2026,2
190,575,2026-06-17 23:48:58.273612,Казань,cancelled,2,1884.61,565.3829999999999,2026-06,2026,2
752,856,2026-06-17 23:48:58.274623,Москва,completed,11,26648.15,7994.445,2026-06,2026,2
426,407,2026-06-17 23:48:58.274623,Казань,completed,4,20208.24,6062.472000000001,2026-06,2026,2
739,718,2026-06-17 23:48:58.274623,Красноярск,completed,3,15437.1,4631.13,2026-06,2026,2
977,656,2026-06-17 23:48:58.275959,Новосибирск,completed,2,9882.66,2964.798,2026-06,2026,2
910,566,2026-06-17 23:48:58.275959,Санкт-Петербург,completed,2,4041.83,1212.549,2026-06,2026,2
2042,475,2026-06-17 23:48:58.277983,Красноярск,processing,10,30834.96,9250.488,2026-06,2026,2
1562,882,2026-06-17 23:48:58.277983,Красноярск,completed,1,9067.28,2720.184,2026-06,2026,2
1976,795,2026-06-17 23:48:58.277983,Уфа,completed,10,47817.71,14345.313,2026-06,2026,2
1723,80,2026-06-17 23:48:58.277983,Казань,completed,7,24786.510000000002,7435.953,2026-06,2026,2
2020,339,2026-06-17 23:48:58.277983,Ростов-на-Дону,completed,8,27327.52,8198.256,2026-06,2026,2
2372,662,2026-06-17 23:48:58.279317,Красноярск,completed,3,20440.699999999997,6132.209999999999,2026-06,2026,2
2597,552,2026-06-17 23:48:58.280322,Самара,completed,7,14872.43,4461.729,2026-06,2026,2
2711,847,2026-06-17 23:48:58.280322,Нижний Новгород,completed,7,25477.57,7643.271,2026-06,2026,2
3032,888,2026-06-17 23:48:58.280948,Москва,completed,5,15914.45,4774.335,2026-06,2026,2
3320,307,2026-06-17 23:48:58.280948,Ростов-на-Дону,processing,4,22380.82,6714.246,2026-06,2026,2
3064,630,2026-06-17 23:48:58.280948,Новосибирск,completed,11,35058.26,10517.478000000001,2026-06,2026,2
3340,176,2026-06-17 23:48:58.280948,Ростов-на-Дону,completed,13,36947.090000000004,11084.127,2026-06,2026,2
3807,131,2026-06-17 23:48:58.282485,Ростов-на-Дону,completed,8,21788.06,6536.418000000001,2026-06,2026,2
3410,836,2026-06-17 23:48:58.282485,Москва,completed,3,2537.2,761.16,2026-06,2026,2
3583,952,2026-06-17 23:48:58.282485,Казань,completed,9,35129.159999999996,10538.747999999998,2026-06,2026,2
3564,993,2026-06-17 23:48:58.282485,Красноярск,cancelled,2,13749.69,4124.907,2026-06,2026,2
3371,517,2026-06-17 23:48:58.282485,Уфа,completed,6,25439.93,7631.978999999999,2026-06,2026,2
4801,77,2026-06-17 23:48:58.285929,Екатеринбург,completed,3,7918.18,2375.454,2026-06,2026,2
4700,26,2026-06-17 23:48:58.285929,Самара,processing,3,13700.91,4110.273,2026-06,2026,2
45,301,2026-06-18 23:48:58.273612,Красноярск,completed,9,32618.35,9785.505,2026-06,2026,2
604,275,2026-06-18 23:48:58.274623,Ростов-на-Дону,completed,3,5114.68,1534.404,2026-06,2026,2
589,150,2026-06-18 23:48:58.274623,Самара,completed,11,57647.76,17294.328,2026-06,2026,2
319,839,2026-06-18 23:48:58.274623,Екатеринбург,completed,3,12613.52,3784.056,2026-06,2026,2
704,230,2026-06-18 23:48:58.274623,Казань,completed,9,54526.54,16357.962,2026-06,2026,2
467,308,2026-06-18 23:48:58.274623,Казань,processing,7,33209.19,9962.757,2026-06,2026,2
353,566,2026-06-18 23:48:58.274623,Санкт-Петербург,completed,6,18190.7,5457.21,2026-06,2026,2
1024,914,2026-06-18 23:48:58.275959,Ростов-на-Дону,processing,4,14626.880000000001,4388.064,2026-06,2026,2
1177,653,2026-06-18 23:48:58.276965,Самара,cancelled,2,12943.2,3882.96,2026-06,2026,2
1161,621,2026-06-18 23:48:58.276965,Москва,processing,2,13319.54,3995.862,2026-06,2026,2
1236,907,2026-06-18 23:48:58.276965,Казань,completed,6,5874.41,1762.3229999999999,2026-06,2026,2
1217,158,2026-06-18 23:48:58.276965,Самара,processing,3,12348.01,3704.403,2026-06,2026,2
1867,424,2026-06-18 23:48:58.277983,Екатеринбург,completed,3,10905.59,3271.677,2026-06,2026,2
1702,846,2026-06-18 23:48:58.277983,Уфа,processing,11,23584.75,7075.425,2026-06,2026,2
1597,193,2026-06-18 23:48:58.277983,Екатеринбург,completed,8,27779.6,8333.88,2026-06,2026,2
1618,959,2026-06-18 23:48:58.277983,Екатеринбург,completed,2,7995.870000000001,2398.761,2026-06,2026,2
1649,357,2026-06-18 23:48:58.277983,Ростов-на-Дону,cancelled,9,18935.38,5680.6140000000005,2026-06,2026,2
1658,245,2026-06-18 23:48:58.277983,Нижний Новгород,cancelled,6,33816.08,10144.824,2026-06,2026,2
1759,196,2026-06-18 23:48:58.277983,Уфа,completed,11,28437.68,8531.304,2026-06,2026,2
2603,400,2026-06-18 23:48:58.280322,Уфа,processing,7,44398.41,13319.523000000001,2026-06,2026,2
3053,622,2026-06-18 23:48:58.280948,Нижний Новгород,completed,10,17725.829999999998,5317.748999999999,2026-06,2026,2
3148,875,2026-06-18 23:48:58.280948,Казань,completed,5,16173.03,4851.909,2026-06,2026,2
2800,290,2026-06-18 23:48:58.280948,Уфа,completed,10,51109.89,15332.966999999999,2026-06,2026,2
2741,893,2026-06-18 23:48:58.280948,Екатеринбург,cancelled,6,12396.369999999999,3718.9109999999996,2026-06,2026,2
3105,679,2026-06-18 23:48:58.280948,Санкт-Петербург,completed,5,11061.400000000001,3318.4200000000005,2026-06,2026,2
3562,981,2026-06-18 23:48:58.282485,Москва,completed,3,3275.3100000000004,982.5930000000001,2026-06,2026,2
3842,677,2026-06-18 23:48:58.282485,Ростов-на-Дону,completed,7,50677.53,15203.258999999998,2026-06,2026,2
3415,366,2026-06-18 23:48:58.282485,Ростов-на-Дону,completed,7,28300.17,8490.051,2026-06,2026,2
4193,163,2026-06-18 23:48:58.283920,Нижний Новгород,completed,2,3966.64,1189.992,2026-06,2026,2
3972,93,2026-06-18 23:48:58.283920,Санкт-Петербург,completed,9,28055.52,8416.655999999999,2026-06,2026,2
4298,108,2026-06-18 23:48:58.284934,Екатеринбург,cancelled,5,14753.580000000002,4426.0740000000005,2026-06,2026,2
4525,715,2026-06-18 23:48:58.284934,Новосибирск,processing,6,17427.44,5228.231999999999,2026-06,2026,2
4934,536,2026-06-18 23:48:58.285929,Нижний Новгород,processing,5,14135.4,4240.62,2026-06,2026,2
4671,677,2026-06-18 23:48:58.285929,Ростов-на-Дону,completed,4,26497.25,7949.174999999999,2026-06,2026,2
4845,576,2026-06-18 23:48:58.285929,Екатеринбург,completed,3,9246.55,2773.9649999999997,2026-06,2026,2
4766,389,2026-06-18 23:48:58.285929,Ростов-на-Дону,completed,9,31957.86,9587.358,2026-06,2026,2
4886,804,2026-06-18 23:48:58.285929,Казань,completed,9,41136.5,12340.949999999999,2026-06,2026,2
78,991,2026-06-19 23:48:58.273612,Казань,cancelled,12,41208.0,12362.4,2026-06,2026,2
126,321,2026-06-19 23:48:58.273612,Екатеринбург,cancelled,3,4860.07,1458.021,2026-06,2026,2
705,427,2026-06-19 23:48:58.274623,Москва,completed,10,47313.35,14194.005,2026-06,2026,2
657,370,2026-06-19 23:48:58.274623,Уфа,completed,4,37163.16,11148.948,2026-06,2026,2
983,677,2026-06-19 23:48:58.275959,Ростов-на-Дону,cancelled,11,56711.18,17013.354,2026-06,2026,2
855,21,2026-06-19 23:48:58.275959,Санкт-Петербург,completed,2,14545.53,4363.659,2026-06,2026,2
839,356,2026-06-19 23:48:58.275959,Уфа,completed,4,15996.78,4799.034,2026-06,2026,2
1541,322,2026-06-19 23:48:58.276965,Новосибирск,cancelled,8,16084.390000000001,4825.317,2026-06,2026,2
1735,43,2026-06-19 23:48:58.277983,Казань,processing,1,3965.51,1189.653,2026-06,2026,2
1925,869,2026-06-19 23:48:58.277983,Санкт-Петербург,completed,6,27205.9,8161.77,2026-06,2026,2
1823,31,2026-06-19 23:48:58.277983,Красноярск,completed,6,26298.09,7889.427,2026-06,2026,2
2387,43,2026-06-19 23:48:58.279317,Казань,processing,3,1204.06,361.21799999999996,2026-06,2026,2
2689,647,2026-06-19 23:48:58.280322,Нижний Новгород,cancelled,4,22513.71,6754.112999999999,2026-06,2026,2
2708,421,2026-06-19 23:48:58.280322,Нижний Новгород,completed,3,5533.84,1660.152,2026-06,2026,2
3074,63,2026-06-19 23:48:58.280948,Нижний Новгород,completed,9,26770.65,8031.195,2026-06,2026,2
3446,285,2026-06-19 23:48:58.282485,Самара,cancelled,2,6335.3,1900.59,2026-06,2026,2
4132,512,2026-06-19 23:48:58.283920,Красноярск,completed,2,12836.74,3851.022,2026-06,2026,2
3967,151,2026-06-19 23:48:58.283920,Ростов-на-Дону,completed,13,30171.47,9051.441,2026-06,2026,2
4187,926,2026-06-19 23:48:58.283920,Екатеринбург,processing,6,23737.71,7121.312999999999,2026-06,2026,2
4130,681,2026-06-19 23:48:58.283920,Екатеринбург,completed,3,4816.01,1444.803,2026-06,2026,2
4101,67,2026-06-19 23:48:58.283920,Казань,completed,6,23621.53,7086.459,2026-06,2026,2
4309,130,2026-06-19 23:48:58.284934,Ростов-на-Дону,completed,13,33213.85,9964.154999999999,2026-06,2026,2
4273,326,2026-06-19 23:48:58.284934,Самара,completed,1,1124.24,337.272,2026-06,2026,2
4263,10,2026-06-19 23:48:58.284934,Красноярск,cancelled,7,26237.5,7871.25,2026-06,2026,2
4837,980,2026-06-19 23:48:58.285929,Москва,cancelled,1,6612.66,1983.7979999999998,2026-06,2026,2
4846,692,2026-06-19 23:48:58.285929,Самара,completed,9,36413.01,10923.903,2026-06,2026,2
4688,594,2026-06-19 23:48:58.285929,Ростов-на-Дону,completed,3,2629.98,788.994,2026-06,2026,2
184,452,2026-06-20 23:48:58.273612,Новосибирск,completed,7,15992.119999999999,4797.6359999999995,2026-06,2026,2
136,739,2026-06-20 23:48:58.273612,Ростов-на-Дону,completed,2,4593.35,1378.005,2026-06,2026,2
738,872,2026-06-20 23:48:58.274623,Казань,completed,10,55272.92,16581.876,2026-06,2026,2
414,184,2026-06-20 23:48:58.274623,Нижний Новгород,completed,3,37862.16,11358.648000000001,2026-06,2026,2
541,138,2026-06-20 23:48:58.274623,Новосибирск,completed,3,1528.23,458.469,2026-06,2026,2
469,491,2026-06-20 23:48:58.274623,Новосибирск,completed,3,18418.18,5525.454,2026-06,2026,2
1102,671,2026-06-20 23:48:58.275959,Самара,completed,5,14010.04,4203.012,2026-06,2026,2
1014,182,2026-06-20 23:48:58.275959,Казань,cancelled,9,44716.92,13415.076,2026-06,2026,2
1124,458,2026-06-20 23:48:58.275959,Новосибирск,completed,3,11664.87,3499.4610000000002,2026-06,2026,2
1517,547,2026-06-20 23:48:58.276965,Уфа,completed,1,4027.23,1208.1689999999999,2026-06,2026,2
1170,882,2026-06-20 23:48:58.276965,Красноярск,cancelled,7,43449.79,13034.937,2026-06,2026,2
1302,374,2026-06-20 23:48:58.276965,Москва,completed,8,38266.15,11479.845,2026-06,2026,2
1964,723,2026-06-20 23:48:58.277983,Санкт-Петербург,cancelled,4,18694.16,5608.248,2026-06,2026,2
1699,925,2026-06-20 23:48:58.277983,Казань,processing,2,6693.54,2008.062,2026-06,2026,2
1712,877,2026-06-20 23:48:58.277983,Санкт-Петербург,completed,8,30521.48,9156.444,2026-06,2026,2
2153,185,2026-06-20 23:48:58.279317,Санкт-Петербург,processing,2,809.12,242.736,2026-06,2026,2
2468,331,2026-06-20 23:48:58.279317,Казань,cancelled,7,23943.88,7183.164,2026-06,2026,2
2665,792,2026-06-20 23:48:58.280322,Новосибирск,completed,3,10828.33,3248.499,2026-06,2026,2
2523,780,2026-06-20 23:48:58.280322,Нижний Новгород,completed,6,25648.42,7694.525999999999,2026-06,2026,2
2569,461,2026-06-20 23:48:58.280322,Уфа,completed,3,12033.619999999999,3610.086,2026-06,2026,2
3174,387,2026-06-20 23:48:58.280948,Москва,cancelled,4,18310.629999999997,5493.188999999999,2026-06,2026,2
3155,460,2026-06-20 23:48:58.280948,Москва,completed,3,12111.66,3633.498,2026-06,2026,2
2956,761,2026-06-20 23:48:58.280948,Красноярск,completed,4,15051.76,4515.528,2026-06,2026,2
3693,712,2026-06-20 23:48:58.282485,Нижний Новгород,processing,8,17297.38,5189.214,2026-06,2026,2
3681,458,2026-06-20 23:48:58.282485,Новосибирск,completed,10,44082.47,13224.741,2026-06,2026,2
3749,417,2026-06-20 23:48:58.282485,Самара,completed,10,25020.91,7506.272999999999,2026-06,2026,2
4043,50,2026-06-20 23:48:58.283920,Москва,completed,7,29544.75,8863.425,2026-06,2026,2
4326,527,2026-06-20 23:48:58.284934,Москва,completed,4,26545.32,7963.596,2026-06,2026,2
4450,711,2026-06-20 23:48:58.284934,Санкт-Петербург,processing,2,4742.27,1422.681,2026-06,2026,2
4219,385,2026-06-20 23:48:58.284934,Казань,cancelled,6,29765.82,8929.746,2026-06,2026,2
4262,149,2026-06-20 23:48:58.284934,Ростов-на-Дону,completed,3,3430.84,1029.252,2026-06,2026,2
4738,350,2026-06-20 23:48:58.285929,Екатеринбург,completed,9,11804.949999999999,3541.4849999999997,2026-06,2026,2
4708,217,2026-06-20 23:48:58.285929,Казань,processing,4,29387.91,8816.373,2026-06,2026,2
4725,467,2026-06-20 23:48:58.285929,Москва,cancelled,1,6078.82,1823.646,2026-06,2026,2
90,68,2026-06-21 23:48:58.273612,Казань,completed,2,9219.64,2765.892,2026-06,2026,2
30,324,2026-06-21 23:48:58.273612,Уфа,processing,6,32780.43,9834.128999999999,2026-06,2026,2
712,793,2026-06-21 23:48:58.274623,Самара,completed,9,36338.25,10901.475,2026-06,2026,2
1999,73,2026-06-21 23:48:58.277983,Екатеринбург,processing,6,29073.489999999998,8722.046999999999,2026-06,2026,2
1884,316,2026-06-21 23:48:58.277983,Самара,cancelled,3,18144.95,5443.485,2026-06,2026,2
1986,592,2026-06-21 23:48:58.277983,Нижний Новгород,cancelled,11,48448.600000000006,14534.580000000002,2026-06,2026,2
1985,764,2026-06-21 23:48:58.277983,Ростов-на-Дону,completed,13,48903.77,14671.131,2026-06,2026,2
1570,547,2026-06-21 23:48:58.277983,Уфа,completed,4,14824.46,4447.338,2026-06,2026,2
1981,5,2026-06-21 23:48:58.277983,Уфа,completed,3,25838.37,7751.5109999999995,2026-06,2026,2
1811,994,2026-06-21 23:48:58.277983,Санкт-Петербург,processing,6,34781.91,10434.573,2026-06,2026,2
2593,664,2026-06-21 23:48:58.280322,Екатеринбург,processing,3,4613.32,1383.9959999999999,2026-06,2026,2
2530,615,2026-06-21 23:48:58.280322,Санкт-Петербург,cancelled,6,35124.4,10537.32,2026-06,2026,2
2574,138,2026-06-21 23:48:58.280322,Новосибирск,cancelled,8,40578.99,12173.696999999998,2026-06,2026,2
2646,817,2026-06-21 23:48:58.280322,Нижний Новгород,completed,9,41435.6,12430.679999999998,2026-06,2026,2
3199,131,2026-06-21 23:48:58.280948,Ростов-на-Дону,processing,3,8971.09,2691.3269999999998,2026-06,2026,2
2810,826,2026-06-21 23:48:58.280948,Ростов-на-Дону,cancelled,10,34500.259999999995,10350.077999999998,2026-06,2026,2
3041,816,2026-06-21 23:48:58.280948,Екатеринбург,processing,9,43830.82,13149.246,2026-06,2026,2
3348,962,2026-06-21 23:48:58.280948,Красноярск,processing,5,38602.1,11580.63,2026-06,2026,2
4044,967,2026-06-21 23:48:58.283920,Казань,completed,13,36908.1,11072.429999999998,2026-06,2026,2
3920,22,2026-06-21 23:48:58.283920,Санкт-Петербург,completed,9,32048.25,9614.475,2026-06,2026,2
4037,12,2026-06-21 23:48:58.283920,Уфа,completed,1,5076.11,1522.8329999999999,2026-06,2026,2
4069,785,2026-06-21 23:48:58.283920,Санкт-Петербург,processing,2,11627.24,3488.172,2026-06,2026,2
4477,644,2026-06-21 23:48:58.284934,Ростов-на-Дону,cancelled,7,36078.64,10823.591999999999,2026-06,2026,2
4574,513,2026-06-21 23:48:58.284934,Самара,completed,8,14166.470000000001,4249.941,2026-06,2026,2
4911,422,2026-06-21 23:48:58.285929,Самара,cancelled,5,12122.720000000001,3636.8160000000003,2026-06,2026,2
4946,6,2026-06-21 23:48:58.285929,Красноярск,cancelled,7,38311.64,11493.492,2026-06,2026,2
283,827,2026-06-22 23:48:58.273612,Новосибирск,cancelled,6,12979.3,3893.7899999999995,2026-06,2026,2
139,901,2026-06-22 23:48:58.273612,Красноярск,completed,2,9662.26,2898.678,2026-06,2026,2
47,303,2026-06-22 23:48:58.273612,Ростов-на-Дону,completed,3,14713.86,4414.158,2026-06,2026,2
439,6,2026-06-22 23:48:58.274623,Красноярск,completed,11,40357.97,12107.391,2026-06,2026,2
725,870,2026-06-22 23:48:58.274623,Уфа,completed,3,8298.35,2489.505,2026-06,2026,2
542,245,2026-06-22 23:48:58.274623,Нижний Новгород,completed,3,11692.08,3507.624,2026-06,2026,2
1000,893,2026-06-22 23:48:58.275959,Екатеринбург,completed,1,7272.79,2181.837,2026-06,2026,2
965,825,2026-06-22 23:48:58.275959,Красноярск,cancelled,4,10392.98,3117.894,2026-06,2026,2
1309,794,2026-06-22 23:48:58.276965,Санкт-Петербург,completed,5,32269.11,9680.733,2026-06,2026,2
1734,56,2026-06-22 23:48:58.277983,Самара,processing,4,12723.71,3817.1129999999994,2026-06,2026,2
1761,789,2026-06-22 23:48:58.277983,Красноярск,completed,5,19569.989999999998,5870.996999999999,2026-06,2026,2
2376,136,2026-06-22 23:48:58.279317,Нижний Новгород,completed,8,25292.269999999997,7587.680999999999,2026-06,2026,2
2595,890,2026-06-22 23:48:58.280322,Екатеринбург,completed,7,24364.16,7309.248,2026-06,2026,2
2703,644,2026-06-22 23:48:58.280322,Ростов-на-Дону,completed,4,7547.62,2264.286,2026-06,2026,2
3020,50,2026-06-22 23:48:58.280948,Москва,completed,4,8792.24,2637.672,2026-06,2026,2
3062,158,2026-06-22 23:48:58.280948,Самара,completed,2,10938.42,3281.526,2026-06,2026,2
3272,224,2026-06-22 23:48:58.280948,Новосибирск,completed,4,15995.900000000001,4798.77,2026-06,2026,2
3489,502,2026-06-22 23:48:58.282485,Самара,cancelled,7,24985.829999999998,7495.748999999999,2026-06,2026,2
3727,897,2026-06-22 23:48:58.282485,Красноярск,processing,1,8202.0,2460.6,2026-06,2026,2
4019,514,2026-06-22 23:48:58.283920,Самара,cancelled,1,13028.53,3908.559,2026-06,2026,2
4145,310,2026-06-22 23:48:58.283920,Москва,processing,5,10620.119999999999,3186.0359999999996,2026-06,2026,2
4370,489,2026-06-22 23:48:58.284934,Москва,cancelled,6,13624.49,4087.3469999999998,2026-06,2026,2
4956,747,2026-06-22 23:48:58.285929,Москва,completed,8,42019.68,12605.904,2026-06,2026,2
4670,128,2026-06-22 23:48:58.285929,Ростов-на-Дону,processing,7,33729.52,10118.855999999998,2026-06,2026,2
4632,237,2026-06-22 23:48:58.285929,Санкт-Петербург,cancelled,7,29174.879999999997,8752.463999999998,2026-06,2026,2
1054,10,2026-06-23 23:48:58.275959,Красноярск,completed,3,14947.630000000001,4484.289,2026-06,2026,2
969,478,2026-06-23 23:48:58.275959,Красноярск,cancelled,5,7800.790000000001,2340.237,2026-06,2026,2
821,345,2026-06-23 23:48:58.275959,Ростов-на-Дону,completed,9,36171.45,10851.435,2026-06,2026,2
1710,139,2026-06-23 23:48:58.277983,Уфа,completed,6,31723.04,9516.912,2026-06,2026,2
1859,906,2026-06-23 23:48:58.277983,Санкт-Петербург,completed,7,37084.29,11125.287,2026-06,2026,2
2029,812,2026-06-23 23:48:58.277983,Уфа,processing,2,7784.64,2335.392,2026-06,2026,2
2488,727,2026-06-23 23:48:58.279317,Казань,completed,9,46884.61,14065.383,2026-06,2026,2
2200,699,2026-06-23 23:48:58.279317,Уфа,completed,4,8245.04,2473.512,2026-06,2026,2
2439,44,2026-06-23 23:48:58.279317,Новосибирск,processing,11,35631.93,10689.579,2026-06,2026,2
2375,469,2026-06-23 23:48:58.279317,Самара,processing,5,26043.260000000002,7812.978,2026-06,2026,2
2469,820,2026-06-23 23:48:58.279317,Казань,completed,10,32590.28,9777.083999999999,2026-06,2026,2
2261,847,2026-06-23 23:48:58.279317,Нижний Новгород,completed,7,12603.8,3781.1399999999994,2026-06,2026,2
2560,157,2026-06-23 23:48:58.280322,Уфа,processing,9,37292.78,11187.833999999999,2026-06,2026,2
2500,68,2026-06-23 23:48:58.280322,Казань,cancelled,2,13155.34,3946.602,2026-06,2026,2
2572,676,2026-06-23 23:48:58.280322,Новосибирск,cancelled,3,6218.85,1865.655,2026-06,2026,2
2621,844,2026-06-23 23:48:58.280322,Уфа,processing,3,25599.059999999998,7679.717999999999,2026-06,2026,2
2974,853,2026-06-23 23:48:58.280948,Красноярск,cancelled,7,31453.61,9436.083,2026-06,2026,2
2853,499,2026-06-23 23:48:58.280948,Екатеринбург,processing,7,14655.95,4396.785,2026-06,2026,2
2752,391,2026-06-23 23:48:58.280948,Красноярск,completed,2,10469.41,3140.823,2026-06,2026,2
2955,567,2026-06-23 23:48:58.280948,Казань,cancelled,10,35596.44,10678.932,2026-06,2026,2
3330,917,2026-06-23 23:48:58.280948,Нижний Новгород,completed,13,33476.14,10042.841999999999,2026-06,2026,2
3422,421,2026-06-23 23:48:58.282485,Нижний Новгород,processing,8,40373.65,12112.095,2026-06,2026,2
3512,709,2026-06-23 23:48:58.282485,Самара,processing,9,39264.02,11779.205999999998,2026-06,2026,2
3637,871,2026-06-23 23:48:58.282485,Нижний Новгород,completed,11,10819.48,3245.8439999999996,2026-06,2026,2
3467,255,2026-06-23 23:48:58.282485,Нижний Новгород,completed,4,11055.9,3316.77,2026-06,2026,2
3847,343,2026-06-23 23:48:58.283920,Самара,completed,5,32123.739999999998,9637.122,2026-06,2026,2
3862,352,2026-06-23 23:48:58.283920,Ростов-на-Дону,cancelled,4,8729.9,2618.97,2026-06,2026,2
4304,50,2026-06-23 23:48:58.284934,Москва,completed,8,22552.23,6765.669,2026-06,2026,2
4438,943,2026-06-23 23:48:58.284934,Санкт-Петербург,processing,4,11691.2,3507.36,2026-06,2026,2
4386,103,2026-06-23 23:48:58.284934,Казань,cancelled,2,8767.48,2630.2439999999997,2026-06,2026,2
4458,929,2026-06-23 23:48:58.284934,Санкт-Петербург,completed,8,27753.29,8325.987,2026-06,2026,2
4444,205,2026-06-23 23:48:58.284934,Екатеринбург,completed,2,9808.07,2942.421,2026-06,2026,2
4622,455,2026-06-23 23:48:58.285929,Уфа,completed,2,8026.36,2407.908,2026-06,2026,2
167,758,2026-06-24 23:48:58.273612,Екатеринбург,processing,5,21027.7,6308.31,2026-06,2026,2
121,416,2026-06-24 23:48:58.273612,Самара,completed,7,34441.5,10332.449999999999,2026-06,2026,2
233,10,2026-06-24 23:48:58.273612,Красноярск,processing,1,5042.76,1512.828,2026-06,2026,2
170,577,2026-06-24 23:48:58.273612,Ростов-на-Дону,completed,6,20613.989999999998,6184.196999999999,2026-06,2026,2
199,572,2026-06-24 23:48:58.273612,Уфа,completed,3,5148.02,1544.4060000000002,2026-06,2026,2
200,965,2026-06-24 23:48:58.273612,Ростов-на-Дону,completed,11,45007.229999999996,13502.168999999998,2026-06,2026,2
398,232,2026-06-24 23:48:58.274623,Москва,cancelled,8,28862.969999999998,8658.891,2026-06,2026,2
539,723,2026-06-24 23:48:58.274623,Санкт-Петербург,processing,4,40152.51,12045.753,2026-06,2026,2
755,694,2026-06-24 23:48:58.274623,Ростов-на-Дону,completed,8,38364.01,11509.203,2026-06,2026,2
330,153,2026-06-24 23:48:58.274623,Москва,completed,8,30660.72,9198.216,2026-06,2026,2
514,69,2026-06-24 23:48:58.274623,Ростов-на-Дону,completed,2,12606.02,3781.806,2026-06,2026,2
992,520,2026-06-24 23:48:58.275959,Москва,completed,3,14240.92,4272.276,2026-06,2026,2
1008,543,2026-06-24 23:48:58.275959,Нижний Новгород,completed,10,36680.54,11004.162,2026-06,2026,2
1912,96,2026-06-24 23:48:58.277983,Красноярск,completed,1,4301.14,1290.342,2026-06,2026,2
1622,654,2026-06-24 23:48:58.277983,Новосибирск,completed,9,39032.11,11709.633,2026-06,2026,2
2443,269,2026-06-24 23:48:58.279317,Екатеринбург,cancelled,2,14637.04,4391.112,2026-06,2026,2
2622,824,2026-06-24 23:48:58.280322,Ростов-на-Дону,completed,5,18564.84,5569.452,2026-06,2026,2
2656,617,2026-06-24 23:48:58.280322,Санкт-Петербург,completed,5,20781.7,6234.51,2026-06,2026,2
2828,925,2026-06-24 23:48:58.280948,Казань,completed,5,25359.93,7607.978999999999,2026-06,2026,2
3297,9,2026-06-24 23:48:58.280948,Новосибирск,completed,3,10947.85,3284.355,2026-06,2026,2
2980,460,2026-06-24 23:48:58.280948,Москва,processing,6,35735.54,10720.662,2026-06,2026,2
2986,359,2026-06-24 23:48:58.280948,Москва,completed,4,10317.93,3095.379,2026-06,2026,2
3358,718,2026-06-24 23:48:58.282485,Красноярск,completed,1,5549.84,1664.952,2026-06,2026,2
3774,298,2026-06-24 23:48:58.282485,Красноярск,completed,10,38993.770000000004,11698.131000000001,2026-06,2026,2
3626,402,2026-06-24 23:48:58.282485,Ростов-на-Дону,cancelled,1,14868.32,4460.496,2026-06,2026,2
3689,255,2026-06-24 23:48:58.282485,Нижний Новгород,completed,9,27757.97,8327.391,2026-06,2026,2
4121,987,2026-06-24 23:48:58.283920,Нижний Новгород,completed,8,34231.74,10269.521999999999,2026-06,2026,2
4292,403,2026-06-24 23:48:58.284934,Самара,cancelled,5,15837.920000000002,4751.376,2026-06,2026,2
4445,88,2026-06-24 23:48:58.284934,Нижний Новгород,processing,6,24121.93,7236.579,2026-06,2026,2
4221,185,2026-06-24 23:48:58.284934,Санкт-Петербург,completed,6,14358.27,4307.481,2026-06,2026,2
4639,394,2026-06-24 23:48:58.285929,Красноярск,completed,8,6438.530000000001,1931.5590000000002,2026-06,2026,2
4769,238,2026-06-24 23:48:58.285929,Москва,completed,9,39990.86,11997.258,2026-06,2026,2
260,939,2026-06-25 23:48:58.273612,Самара,completed,4,16416.47,4924.941,2026-06,2026,2
506,108,2026-06-25 23:48:58.274623,Екатеринбург,completed,10,32858.26,9857.478000000001,2026-06,2026,2
652,402,2026-06-25 23:48:58.274623,Ростов-на-Дону,cancelled,7,19542.9,5862.87,2026-06,2026,2
994,186,2026-06-25 23:48:58.275959,Самара,completed,6,18862.030000000002,5658.609,2026-06,2026,2
985,510,2026-06-25 23:48:58.275959,Москва,completed,1,5543.62,1663.086,2026-06,2026,2
1165,994,2026-06-25 23:48:58.276965,Санкт-Петербург,completed,6,17177.8,5153.339999999999,2026-06,2026,2
1190,804,2026-06-25 23:48:58.276965,Казань,completed,3,24165.989999999998,7249.797,2026-06,2026,2
1646,573,2026-06-25 23:48:58.277983,Ростов-на-Дону,processing,2,12554.78,3766.434,2026-06,2026,2
2061,873,2026-06-25 23:48:58.277983,Санкт-Петербург,completed,6,35718.86,10715.658,2026-06,2026,2
1653,461,2026-06-25 23:48:58.277983,Уфа,completed,5,6604.55,1981.365,2026-06,2026,2
2300,226,2026-06-25 23:48:58.279317,Санкт-Петербург,processing,9,27146.59,8143.977,2026-06,2026,2
2105,362,2026-06-25 23:48:58.279317,Москва,completed,10,28292.25,8487.675,2026-06,2026,2
2953,997,2026-06-25 23:48:58.280948,Красноярск,completed,5,17902.45,5370.735,2026-06,2026,2
2895,905,2026-06-25 23:48:58.280948,Нижний Новгород,cancelled,10,41163.47,12349.041,2026-06,2026,2
3180,54,2026-06-25 23:48:58.280948,Нижний Новгород,completed,8,19605.809999999998,5881.7429999999995,2026-06,2026,2
3536,82,2026-06-25 23:48:58.282485,Екатеринбург,completed,3,6220.86,1866.2579999999998,2026-06,2026,2
3944,558,2026-06-25 23:48:58.283920,Москва,completed,4,12626.7,3788.01,2026-06,2026,2
4072,174,2026-06-25 23:48:58.283920,Красноярск,completed,6,37755.26,11326.578,2026-06,2026,2
4420,67,2026-06-25 23:48:58.284934,Казань,completed,6,24711.16,7413.348,2026-06,2026,2
4753,730,2026-06-25 23:48:58.285929,Казань,completed,1,1406.4,421.92,2026-06,2026,2
4832,493,2026-06-25 23:48:58.285929,Санкт-Петербург,completed,8,20231.649999999998,6069.494999999999,2026-06,2026,2
80,556,2026-06-26 23:48:58.273612,Самара,completed,1,4984.97,1495.491,2026-06,2026,2
232,191,2026-06-26 23:48:58.273612,Нижний Новгород,completed,1,13842.49,4152.746999999999,2026-06,2026,2
316,516,2026-06-26 23:48:58.274623,Ростов-на-Дону,completed,7,25741.23,7722.369,2026-06,2026,2
737,243,2026-06-26 23:48:58.274623,Москва,completed,13,46471.350000000006,13941.405,2026-06,2026,2
1032,306,2026-06-26 23:48:58.275959,Санкт-Петербург,completed,3,8917.34,2675.2019999999998,2026-06,2026,2
1173,640,2026-06-26 23:48:58.276965,Екатеринбург,cancelled,7,30651.41,9195.422999999999,2026-06,2026,2
1324,878,2026-06-26 23:48:58.276965,Самара,completed,8,26157.42,7847.225999999999,2026-06,2026,2
1915,67,2026-06-26 23:48:58.277983,Казань,completed,11,36332.01,10899.603000000001,2026-06,2026,2
1931,239,2026-06-26 23:48:58.277983,Новосибирск,completed,9,23102.54,6930.762,2026-06,2026,2
1742,443,2026-06-26 23:48:58.277983,Уфа,completed,7,27203.04,8160.912,2026-06,2026,2
2400,486,2026-06-26 23:48:58.279317,Екатеринбург,processing,2,8090.43,2427.129,2026-06,2026,2
2463,50,2026-06-26 23:48:58.279317,Москва,completed,2,669.41,200.82299999999998,2026-06,2026,2
3229,146,2026-06-26 23:48:58.280948,Уфа,completed,7,32187.05,9656.115,2026-06,2026,2
2927,161,2026-06-26 23:48:58.280948,Красноярск,cancelled,7,23106.739999999998,6932.021999999999,2026-06,2026,2
2877,568,2026-06-26 23:48:58.280948,Екатеринбург,completed,8,46599.64,13979.892,2026-06,2026,2
3640,495,2026-06-26 23:48:58.282485,Уфа,completed,7,24612.85,7383.855,2026-06,2026,2
4165,684,2026-06-26 23:48:58.283920,Екатеринбург,completed,2,3241.25,972.375,2026-06,2026,2
4417,536,2026-06-26 23:48:58.284934,Нижний Новгород,processing,5,23406.22,7021.866,2026-06,2026,2
4468,100,2026-06-26 23:48:58.284934,Уфа,processing,5,16310.06,4893.018,2026-06,2026,2
4383,697,2026-06-26 23:48:58.284934,Самара,completed,1,3096.47,928.9409999999999,2026-06,2026,2
33,196,2026-06-27 23:48:58.273612,Уфа,completed,5,21768.510000000002,6530.553000000001,2026-06,2026,2
290,33,2026-06-27 23:48:58.273612,Новосибирск,completed,10,41610.009999999995,12483.002999999999,2026-06,2026,2
225,775,2026-06-27 23:48:58.273612,Казань,completed,9,36688.0,11006.4,2026-06,2026,2
73,627,2026-06-27 23:48:58.273612,Казань,cancelled,9,26411.170000000002,7923.351000000001,2026-06,2026,2
562,551,2026-06-27 23:48:58.274623,Самара,completed,8,37782.43,11334.729,2026-06,2026,2
664,519,2026-06-27 23:48:58.274623,Санкт-Петербург,cancelled,9,37666.42,11299.926,2026-06,2026,2
1769,890,2026-06-27 23:48:58.277983,Екатеринбург,completed,2,22113.3,6633.99,2026-06,2026,2
2139,13,2026-06-27 23:48:58.279317,Новосибирск,completed,1,7977.2,2393.16,2026-06,2026,2
2383,549,2026-06-27 23:48:58.279317,Новосибирск,completed,3,6982.72,2094.816,2026-06,2026,2
2446,915,2026-06-27 23:48:58.279317,Нижний Новгород,completed,7,34431.18,10329.354,2026-06,2026,2
2641,844,2026-06-27 23:48:58.280322,Уфа,cancelled,3,18336.78,5501.034,2026-06,2026,2
2526,722,2026-06-27 23:48:58.280322,Красноярск,processing,6,8587.52,2576.256,2026-06,2026,2
3060,173,2026-06-27 23:48:58.280948,Новосибирск,completed,12,48087.19,14426.157000000001,2026-06,2026,2
3753,87,2026-06-27 23:48:58.282485,Новосибирск,processing,9,26260.42,7878.125999999999,2026-06,2026,2
3449,833,2026-06-27 23:48:58.282485,Екатеринбург,completed,6,33688.51,10106.553,2026-06,2026,2
4366,653,2026-06-27 23:48:58.284934,Самара,cancelled,8,31670.739999999998,9501.222,2026-06,2026,2
4367,611,2026-06-27 23:48:58.284934,Самара,cancelled,3,4955.52,1486.6560000000002,2026-06,2026,2
868,677,2026-06-28 23:48:58.275959,Ростов-на-Дону,completed,9,30764.66,9229.398,2026-06,2026,2
974,624,2026-06-28 23:48:58.275959,Новосибирск,completed,2,8305.73,2491.7189999999996,2026-06,2026,2
1448,563,2026-06-28 23:48:58.276965,Уфа,cancelled,7,43237.61,12971.283,2026-06,2026,2
1558,756,2026-06-28 23:48:58.276965,Красноярск,completed,5,23606.6,7081.98,2026-06,2026,2
1531,179,2026-06-28 23:48:58.276965,Екатеринбург,completed,8,30296.77,9089.030999999999,2026-06,2026,2
1939,707,2026-06-28 23:48:58.277983,Екатеринбург,completed,5,10782.57,3234.7709999999997,2026-06,2026,2
1781,62,2026-06-28 23:48:58.277983,Красноярск,completed,5,12636.49,3790.9469999999997,2026-06,2026,2
1663,628,2026-06-28 23:48:58.277983,Красноярск,completed,2,11600.12,3480.036,2026-06,2026,2
2065,882,2026-06-28 23:48:58.277983,Красноярск,completed,8,36887.21,11066.162999999999,2026-06,2026,2
2380,362,2026-06-28 23:48:58.279317,Москва,completed,5,16029.400000000001,4808.820000000001,2026-06,2026,2
2513,197,2026-06-28 23:48:58.280322,Уфа,completed,11,44170.520000000004,13251.156,2026-06,2026,2
2529,395,2026-06-28 23:48:58.280322,Санкт-Петербург,completed,6,32214.23,9664.269,2026-06,2026,2
2968,554,2026-06-28 23:48:58.280948,Екатеринбург,completed,3,12770.68,3831.2039999999997,2026-06,2026,2
3233,203,2026-06-28 23:48:58.280948,Красноярск,completed,1,10795.37,3238.6110000000003,2026-06,2026,2
2780,890,2026-06-28 23:48:58.280948,Екатеринбург,completed,14,27831.65,8349.495,2026-06,2026,2
2900,213,2026-06-28 23:48:58.280948,Самара,cancelled,8,41027.63,12308.288999999999,2026-06,2026,2
3480,465,2026-06-28 23:48:58.282485,Казань,completed,4,15900.36,4770.108,2026-06,2026,2
3816,297,2026-06-28 23:48:58.282485,Новосибирск,completed,9,28905.77,8671.731,2026-06,2026,2
3799,195,2026-06-28 23:48:58.282485,Екатеринбург,completed,7,17114.43,5134.329,2026-06,2026,2
3730,586,2026-06-28 23:48:58.282485,Уфа,processing,8,25977.75,7793.325,2026-06,2026,2
3613,616,2026-06-28 23:48:58.282485,Санкт-Петербург,completed,4,15211.0,4563.3,2026-06,2026,2
3632,290,2026-06-28 23:48:58.282485,Уфа,cancelled,1,5687.37,1706.211,2026-06,2026,2
4045,366,2026-06-28 23:48:58.283920,Ростов-на-Дону,completed,3,5591.0,1677.3,2026-06,2026,2
3953,105,2026-06-28 23:48:58.283920,Ростов-на-Дону,completed,6,52155.65,15646.695,2026-06,2026,2
4173,520,2026-06-28 23:48:58.283920,Москва,completed,4,16021.43,4806.429,2026-06,2026,2
4502,29,2026-06-28 23:48:58.284934,Екатеринбург,completed,5,26313.52,7894.056,2026-06,2026,2
4427,900,2026-06-28 23:48:58.284934,Новосибирск,processing,3,16063.689999999999,4819.106999999999,2026-06,2026,2
4816,509,2026-06-28 23:48:58.285929,Казань,completed,3,11606.46,3481.9379999999996,2026-06,2026,2
4699,437,2026-06-28 23:48:58.285929,Ростов-на-Дону,completed,8,22400.53,6720.159,2026-06,2026,2
4872,161,2026-06-28 23:48:58.285929,Красноярск,completed,7,36472.520000000004,10941.756000000001,2026-06,2026,2
4791,209,2026-06-28 23:48:58.285929,Москва,processing,7,24668.39,7400.517,2026-06,2026,2
4613,185,2026-06-28 23:48:58.285929,Санкт-Петербург,completed,3,3767.08,1130.124,2026-06,2026,2
67,666,2026-06-29 23:48:58.273612,Новосибирск,completed,5,22945.239999999998,6883.571999999999,2026-06,2026,2
412,948,2026-06-29 23:48:58.274623,Красноярск,processing,4,20499.57,6149.871,2026-06,2026,2
930,319,2026-06-29 23:48:58.275959,Казань,completed,5,28348.19,8504.456999999999,2026-06,2026,2
792,918,2026-06-29 23:48:58.275959,Нижний Новгород,completed,6,36532.61,10959.783,2026-06,2026,2
1312,862,2026-06-29 23:48:58.276965,Красноярск,completed,10,23654.12,7096.236,2026-06,2026,2
2115,872,2026-06-29 23:48:58.279317,Казань,completed,3,16144.880000000001,4843.464,2026-06,2026,2
2411,228,2026-06-29 23:48:58.279317,Красноярск,completed,5,21278.440000000002,6383.532,2026-06,2026,2
2651,809,2026-06-29 23:48:58.280322,Ростов-на-Дону,cancelled,9,30756.42,9226.926,2026-06,2026,2
2551,524,2026-06-29 23:48:58.280322,Красноярск,completed,8,21454.440000000002,6436.332,2026-06,2026,2
2506,965,2026-06-29 23:48:58.280322,Ростов-на-Дону,processing,6,28829.84,8648.952,2026-06,2026,2
2762,512,2026-06-29 23:48:58.280948,Красноярск,cancelled,9,28727.57,8618.270999999999,2026-06,2026,2
2957,9,2026-06-29 23:48:58.280948,Новосибирск,processing,5,28827.01,8648.103,2026-06,2026,2
3255,815,2026-06-29 23:48:58.280948,Казань,completed,7,49387.759999999995,14816.327999999998,2026-06,2026,2
3124,21,2026-06-29 23:48:58.280948,Санкт-Петербург,cancelled,7,47718.53,14315.559,2026-06,2026,2
3838,373,2026-06-29 23:48:58.282485,Москва,completed,5,37880.68,11364.204,2026-06,2026,2
3584,785,2026-06-29 23:48:58.282485,Санкт-Петербург,completed,4,17885.02,5365.506,2026-06,2026,2
3385,483,2026-06-29 23:48:58.282485,Красноярск,completed,3,13614.96,4084.4879999999994,2026-06,2026,2
3892,152,2026-06-29 23:48:58.283920,Казань,completed,6,25280.61,7584.183,2026-06,2026,2
3971,983,2026-06-29 23:48:58.283920,Новосибирск,completed,7,43846.49,13153.946999999998,2026-06,2026,2
4073,70,2026-06-29 23:48:58.283920,Санкт-Петербург,processing,10,38186.67,11456.000999999998,2026-06,2026,2
3903,225,2026-06-29 23:48:58.283920,Новосибирск,completed,8,39974.02,11992.205999999998,2026-06,2026,2
4243,704,2026-06-29 23:48:58.284934,Казань,completed,3,9213.77,2764.131,2026-06,2026,2
4768,603,2026-06-29 23:48:58.285929,Казань,completed,6,42935.68,12880.704,2026-06,2026,2
4640,62,2026-06-29 23:48:58.285929,Красноярск,processing,7,18326.52,5497.956,2026-06,2026,2
4776,532,2026-06-29 23:48:58.285929,Ростов-на-Дону,processing,4,17560.25,5268.075,2026-06,2026,2
4784,683,2026-06-29 23:48:58.285929,Нижний Новгород,completed,5,23147.82,6944.346,2026-06,2026,2
4638,277,2026-06-29 23:48:58.285929,Казань,processing,2,4135.24,1240.572,2026-06,2026,2
52,446,2026-06-30 23:48:58.273612,Екатеринбург,cancelled,5,23639.14,7091.741999999999,2026-06,2026,2
204,957,2026-06-30 23:48:58.273612,Самара,completed,9,36590.97,10977.291,2026-06,2026,2
387,740,2026-06-30 23:48:58.274623,Санкт-Петербург,processing,7,26425.71,7927.713,2026-06,2026,2
305,159,2026-06-30 23:48:58.274623,Новосибирск,completed,7,36456.31,10936.892999999998,2026-06,2026,2
561,34,2026-06-30 23:48:58.274623,Екатеринбург,completed,3,10645.33,3193.5989999999997,2026-06,2026,2
322,308,2026-06-30 23:48:58.274623,Казань,completed,2,18565.37,5569.611,2026-06,2026,2
946,204,2026-06-30 23:48:58.275959,Нижний Новгород,completed,7,39398.85,11819.654999999999,2026-06,2026,2
1342,649,2026-06-30 23:48:58.276965,Екатеринбург,cancelled,4,23197.1,6959.129999999999,2026-06,2026,2
1443,89,2026-06-30 23:48:58.276965,Казань,completed,11,28340.68,8502.204,2026-06,2026,2
1917,881,2026-06-30 23:48:58.277983,Красноярск,completed,4,26416.42,7924.9259999999995,2026-06,2026,2
1992,162,2026-06-30 23:48:58.277983,Уфа,completed,11,24759.93,7427.978999999999,2026-06,2026,2
1650,480,2026-06-30 23:48:58.277983,Санкт-Петербург,processing,8,27213.35,8164.004999999999,2026-06,2026,2
2449,123,2026-06-30 23:48:58.279317,Самара,completed,7,18376.77,5513.031,2026-06,2026,2
2171,465,2026-06-30 23:48:58.279317,Казань,completed,7,26193.309999999998,7857.992999999999,2026-06,2026,2
2360,169,2026-06-30 23:48:58.279317,Санкт-Петербург,completed,2,1808.69,542.607,2026-06,2026,2
3289,805,2026-06-30 23:48:58.280948,Екатеринбург,completed,6,28940.739999999998,8682.222,2026-06,2026,2
3141,802,2026-06-30 23:48:58.280948,Красноярск,completed,9,47986.3,14395.890000000001,2026-06,2026,2
3746,294,2026-06-30 23:48:58.282485,Екатеринбург,completed,10,54150.89,16245.267,2026-06,2026,2
3658,392,2026-06-30 23:48:58.282485,Новосибирск,cancelled,1,5851.86,1755.5579999999998,2026-06,2026,2
3617,127,2026-06-30 23:48:58.282485,Самара,cancelled,4,15153.97,4546.191,2026-06,2026,2
3854,666,2026-06-30 23:48:58.283920,Новосибирск,completed,6,34616.39,10384.917,2026-06,2026,2
4288,309,2026-06-30 23:48:58.284934,Уфа,completed,8,21668.67,6500.601,2026-06,2026,2
4236,275,2026-06-30 23:48:58.284934,Ростов-на-Дону,completed,8,29186.620000000003,8755.986,2026-06,2026,2
4966,620,2026-06-30 23:48:58.285929,Москва,cancelled,8,42112.18,12633.654,2026-06,2026,2
35,340,2026-07-01 23:48:58.273612,Красноярск,completed,2,12151.48,3645.444,2026-07,2026,3
238,480,2026-07-01 23:48:58.273612,Санкт-Петербург,completed,8,27503.75,8251.125,2026-07,2026,3
740,464,2026-07-01 23:48:58.274623,Екатеринбург,completed,3,4142.81,1242.843,2026-07,2026,3
427,650,2026-07-01 23:48:58.274623,Ростов-на-Дону,completed,8,25724.86,7717.458,2026-07,2026,3
410,487,2026-07-01 23:48:58.274623,Ростов-на-Дону,completed,3,2702.37,810.7109999999999,2026-07,2026,3
440,369,2026-07-01 23:48:58.274623,Москва,completed,1,14885.78,4465.734,2026-07,2026,3
1056,533,2026-07-01 23:48:58.275959,Самара,processing,9,34877.42,10463.225999999999,2026-07,2026,3
1965,33,2026-07-01 23:48:58.277983,Новосибирск,completed,3,14696.55,4408.964999999999,2026-07,2026,3
1991,121,2026-07-01 23:48:58.277983,Уфа,completed,5,11880.7,3564.21,2026-07,2026,3
1996,327,2026-07-01 23:48:58.277983,Екатеринбург,completed,3,7034.11,2110.2329999999997,2026-07,2026,3
1590,702,2026-07-01 23:48:58.277983,Уфа,completed,8,24525.32,7357.596,2026-07,2026,3
2434,937,2026-07-01 23:48:58.279317,Казань,completed,11,31351.56,9405.468,2026-07,2026,3
2146,344,2026-07-01 23:48:58.279317,Нижний Новгород,completed,1,12938.85,3881.6549999999997,2026-07,2026,3
2461,55,2026-07-01 23:48:58.279317,Самара,completed,11,35263.24,10578.972,2026-07,2026,3
2294,999,2026-07-01 23:48:58.279317,Екатеринбург,completed,10,34361.37,10308.411,2026-07,2026,3
2782,521,2026-07-01 23:48:58.280948,Нижний Новгород,processing,2,5936.87,1781.061,2026-07,2026,3
3104,464,2026-07-01 23:48:58.280948,Екатеринбург,completed,4,16180.79,4854.237,2026-07,2026,3
3469,207,2026-07-01 23:48:58.282485,Москва,completed,4,16126.48,4837.9439999999995,2026-07,2026,3
3717,80,2026-07-01 23:48:58.282485,Казань,completed,3,2716.06,814.818,2026-07,2026,3
3881,622,2026-07-01 23:48:58.283920,Нижний Новгород,completed,6,41137.58,12341.274,2026-07,2026,3
4112,434,2026-07-01 23:48:58.283920,Самара,completed,9,39835.87,11950.761,2026-07,2026,3
4248,611,2026-07-01 23:48:58.284934,Самара,completed,11,32194.730000000003,9658.419,2026-07,2026,3
4466,57,2026-07-01 23:48:58.284934,Екатеринбург,cancelled,7,38217.0,11465.1,2026-07,2026,3
4875,35,2026-07-01 23:48:58.285929,Новосибирск,cancelled,2,1186.35,355.905,2026-07,2026,3
4878,898,2026-07-01 23:48:58.285929,Москва,completed,6,38156.82,11447.046,2026-07,2026,3
251,458,2026-07-02 23:48:58.273612,Новосибирск,completed,6,14449.640000000001,4334.892,2026-07,2026,3
566,117,2026-07-02 23:48:58.274623,Санкт-Петербург,processing,9,38045.25,11413.574999999999,2026-07,2026,3
687,800,2026-07-02 23:48:58.274623,Красноярск,cancelled,4,15426.269999999999,4627.880999999999,2026-07,2026,3
453,143,2026-07-02 23:48:58.274623,Санкт-Петербург,completed,4,17830.51,5349.152999999999,2026-07,2026,3
592,648,2026-07-02 23:48:58.274623,Екатеринбург,cancelled,7,22015.4,6604.62,2026-07,2026,3
928,487,2026-07-02 23:48:58.275959,Ростов-на-Дону,completed,3,3666.81,1100.043,2026-07,2026,3
959,212,2026-07-02 23:48:58.275959,Екатеринбург,cancelled,3,12338.58,3701.5739999999996,2026-07,2026,3
1542,299,2026-07-02 23:48:58.276965,Санкт-Петербург,processing,1,3322.97,996.8909999999998,2026-07,2026,3
1502,243,2026-07-02 23:48:58.276965,Москва,completed,7,28642.35,8592.705,2026-07,2026,3
1600,289,2026-07-02 23:48:58.277983,Санкт-Петербург,completed,3,23972.989999999998,7191.896999999999,2026-07,2026,3
1608,58,2026-07-02 23:48:58.277983,Новосибирск,completed,8,46135.08,13840.524,2026-07,2026,3
2088,514,2026-07-02 23:48:58.279317,Самара,completed,7,27339.71,8201.912999999999,2026-07,2026,3
2190,400,2026-07-02 23:48:58.279317,Уфа,completed,7,22711.3,6813.389999999999,2026-07,2026,3
2347,362,2026-07-02 23:48:58.279317,Москва,processing,6,34318.87,10295.661,2026-07,2026,3
2729,969,2026-07-02 23:48:58.280322,Красноярск,completed,5,14859.69,4457.907,2026-07,2026,3
2936,88,2026-07-02 23:48:58.280948,Нижний Новгород,completed,4,7106.91,2132.073,2026-07,2026,3
3740,582,2026-07-02 23:48:58.282485,Самара,completed,3,12025.220000000001,3607.5660000000003,2026-07,2026,3
3794,550,2026-07-02 23:48:58.282485,Нижний Новгород,completed,8,23218.66,6965.598,2026-07,2026,3
3546,986,2026-07-02 23:48:58.282485,Нижний Новгород,completed,6,19021.45,5706.435,2026-07,2026,3
3911,333,2026-07-02 23:48:58.283920,Казань,completed,10,48129.46,14438.838,2026-07,2026,3
3888,726,2026-07-02 23:48:58.283920,Новосибирск,processing,6,25237.79,7571.3369999999995,2026-07,2026,3
3941,709,2026-07-02 23:48:58.283920,Самара,cancelled,8,36397.83,10919.349,2026-07,2026,3
4358,590,2026-07-02 23:48:58.284934,Ростов-на-Дону,completed,4,16879.64,5063.892,2026-07,2026,3
4721,325,2026-07-02 23:48:58.285929,Новосибирск,completed,8,34538.58,10361.574,2026-07,2026,3
4625,540,2026-07-02 23:48:58.285929,Ростов-на-Дону,completed,8,26359.66,7907.897999999999,2026-07,2026,3
71,121,2026-07-03 23:48:58.273612,Уфа,completed,10,22421.07,6726.321,2026-07,2026,3
662,15,2026-07-03 23:48:58.274623,Москва,completed,3,15465.93,4639.7789999999995,2026-07,2026,3
843,12,2026-07-03 23:48:58.275959,Уфа,completed,2,10908.86,3272.658,2026-07,2026,3
1075,304,2026-07-03 23:48:58.275959,Казань,completed,3,21060.690000000002,6318.207,2026-07,2026,3
1062,205,2026-07-03 23:48:58.275959,Екатеринбург,processing,7,42997.1,12899.13,2026-07,2026,3
1470,853,2026-07-03 23:48:58.276965,Красноярск,completed,6,32916.33,9874.899,2026-07,2026,3
1746,409,2026-07-03 23:48:58.277983,Екатеринбург,completed,5,16671.0,5001.3,2026-07,2026,3
1718,142,2026-07-03 23:48:58.277983,Самара,completed,9,26726.67,8018.000999999999,2026-07,2026,3
2176,265,2026-07-03 23:48:58.279317,Ростов-на-Дону,completed,3,1303.05,390.91499999999996,2026-07,2026,3
2132,658,2026-07-03 23:48:58.279317,Казань,completed,4,11373.18,3411.954,2026-07,2026,3
2736,298,2026-07-03 23:48:58.280322,Красноярск,completed,5,11186.92,3356.076,2026-07,2026,3
2612,295,2026-07-03 23:48:58.280322,Новосибирск,completed,3,14239.92,4271.976,2026-07,2026,3
2719,204,2026-07-03 23:48:58.280322,Нижний Новгород,cancelled,9,38107.47,11432.241,2026-07,2026,3
3234,225,2026-07-03 23:48:58.280948,Новосибирск,cancelled,8,20149.85,6044.954999999999,2026-07,2026,3
2764,925,2026-07-03 23:48:58.280948,Казань,processing,1,3264.98,979.4939999999999,2026-07,2026,3
2843,639,2026-07-03 23:48:58.280948,Нижний Новгород,completed,8,34143.13,10242.938999999998,2026-07,2026,3
2765,850,2026-07-03 23:48:58.280948,Москва,processing,9,47299.75,14189.925,2026-07,2026,3
3775,301,2026-07-03 23:48:58.282485,Красноярск,completed,7,16792.58,5037.774,2026-07,2026,3
3964,378,2026-07-03 23:48:58.283920,Самара,cancelled,1,6410.77,1923.231,2026-07,2026,3
4342,361,2026-07-03 23:48:58.284934,Самара,completed,9,45560.8,13668.24,2026-07,2026,3
4577,483,2026-07-03 23:48:58.284934,Красноярск,cancelled,6,31860.96,9558.287999999999,2026-07,2026,3
4316,95,2026-07-03 23:48:58.284934,Москва,completed,6,22463.17,6738.950999999999,2026-07,2026,3
4406,180,2026-07-03 23:48:58.284934,Нижний Новгород,cancelled,9,32603.11,9780.932999999999,2026-07,2026,3
4744,429,2026-07-03 23:48:58.285929,Новосибирск,processing,5,24175.82,7252.746,2026-07,2026,3
4962,183,2026-07-03 23:48:58.285929,Екатеринбург,processing,7,27880.67,8364.201,2026-07,2026,3
4889,103,2026-07-03 23:48:58.285929,Казань,cancelled,10,15247.859999999999,4574.357999999999,2026-07,2026,3
685,530,2026-07-04 23:48:58.274623,Самара,completed,10,21519.82,6455.946,2026-07,2026,3
1259,933,2026-07-04 23:48:58.276965,Уфа,completed,5,33327.47,9998.241,2026-07,2026,3
1453,5,2026-07-04 23:48:58.276965,Уфа,completed,7,13607.880000000001,4082.364,2026-07,2026,3
1775,769,2026-07-04 23:48:58.277983,Ростов-на-Дону,processing,1,14514.59,4354.3769999999995,2026-07,2026,3
2457,866,2026-07-04 23:48:58.279317,Нижний Новгород,completed,10,37791.06,11337.318,2026-07,2026,3
2453,890,2026-07-04 23:48:58.279317,Екатеринбург,cancelled,6,18148.81,5444.643,2026-07,2026,3
2377,809,2026-07-04 23:48:58.279317,Ростов-на-Дону,completed,5,22610.64,6783.192,2026-07,2026,3
2722,615,2026-07-04 23:48:58.280322,Санкт-Петербург,completed,12,33354.31,10006.293,2026-07,2026,3
2846,619,2026-07-04 23:48:58.280948,Екатеринбург,cancelled,7,25180.18,7554.054,2026-07,2026,3
2772,482,2026-07-04 23:48:58.280948,Красноярск,completed,5,25950.84,7785.2519999999995,2026-07,2026,3
2760,146,2026-07-04 23:48:58.280948,Уфа,completed,7,36302.61,10890.783,2026-07,2026,3
3103,651,2026-07-04 23:48:58.280948,Москва,cancelled,9,40057.94,12017.382,2026-07,2026,3
2908,903,2026-07-04 23:48:58.280948,Москва,completed,1,860.96,258.288,2026-07,2026,3
2973,607,2026-07-04 23:48:58.280948,Ростов-на-Дону,completed,11,39730.159999999996,11919.047999999999,2026-07,2026,3
3503,152,2026-07-04 23:48:58.282485,Казань,processing,6,24565.86,7369.758,2026-07,2026,3
4192,939,2026-07-04 23:48:58.283920,Самара,processing,7,30988.65,9296.595,2026-07,2026,3
4118,915,2026-07-04 23:48:58.283920,Нижний Новгород,completed,12,20549.2,6164.76,2026-07,2026,3
4018,729,2026-07-04 23:48:58.283920,Екатеринбург,processing,6,18383.74,5515.122,2026-07,2026,3
4524,539,2026-07-04 23:48:58.284934,Самара,completed,7,16924.66,5077.398,2026-07,2026,3
4579,432,2026-07-04 23:48:58.284934,Новосибирск,completed,1,3051.22,915.3659999999999,2026-07,2026,3
4737,621,2026-07-04 23:48:58.285929,Москва,completed,4,18618.52,5585.556,2026-07,2026,3
4681,185,2026-07-04 23:48:58.285929,Санкт-Петербург,completed,8,27166.1,8149.829999999999,2026-07,2026,3
4690,975,2026-07-04 23:48:58.285929,Казань,completed,2,5152.2300000000005,1545.669,2026-07,2026,3
4848,409,2026-07-04 23:48:58.285929,Екатеринбург,completed,11,35736.31,10720.892999999998,2026-07,2026,3
4782,962,2026-07-04 23:48:58.285929,Красноярск,processing,8,28729.12,8618.735999999999,2026-07,2026,3
369,346,2026-07-05 23:48:58.274623,Уфа,completed,2,5549.34,1664.802,2026-07,2026,3
337,249,2026-07-05 23:48:58.274623,Уфа,completed,5,23642.61,7092.783,2026-07,2026,3
845,359,2026-07-05 23:48:58.275959,Москва,completed,5,31872.81,9561.843,2026-07,2026,3
1526,571,2026-07-05 23:48:58.276965,Новосибирск,completed,10,40830.94,12249.282000000001,2026-07,2026,3
1522,834,2026-07-05 23:48:58.276965,Новосибирск,completed,3,3074.67,922.401,2026-07,2026,3
1214,867,2026-07-05 23:48:58.276965,Казань,completed,7,33025.87,9907.761,2026-07,2026,3
1720,239,2026-07-05 23:48:58.277983,Новосибирск,completed,8,18988.010000000002,5696.403,2026-07,2026,3
1780,45,2026-07-05 23:48:58.277983,Самара,completed,10,46367.45,13910.234999999999,2026-07,2026,3
1705,949,2026-07-05 23:48:58.277983,Казань,completed,2,8921.31,2676.3929999999996,2026-07,2026,3
2117,282,2026-07-05 23:48:58.279317,Ростов-на-Дону,completed,2,14351.92,4305.576,2026-07,2026,3
2642,165,2026-07-05 23:48:58.280322,Самара,cancelled,10,39327.21,11798.162999999999,2026-07,2026,3
2686,950,2026-07-05 23:48:58.280322,Казань,completed,1,3418.07,1025.421,2026-07,2026,3
3058,392,2026-07-05 23:48:58.280948,Новосибирск,completed,10,45729.09,13718.726999999999,2026-07,2026,3
3061,188,2026-07-05 23:48:58.280948,Санкт-Петербург,completed,12,36819.06,11045.717999999999,2026-07,2026,3
2835,364,2026-07-05 23:48:58.280948,Новосибирск,processing,8,37472.68,11241.804,2026-07,2026,3
3585,737,2026-07-05 23:48:58.282485,Казань,cancelled,6,8061.17,2418.351,2026-07,2026,3
4077,485,2026-07-05 23:48:58.283920,Самара,completed,4,4140.0,1242.0,2026-07,2026,3
4228,535,2026-07-05 23:48:58.284934,Ростов-на-Дону,completed,11,32910.42,9873.125999999998,2026-07,2026,3
16,383,2026-07-06 23:48:58.273612,Красноярск,cancelled,9,26736.579999999998,8020.973999999999,2026-07,2026,3
964,230,2026-07-06 23:48:58.275959,Казань,processing,3,12183.23,3654.9689999999996,2026-07,2026,3
968,471,2026-07-06 23:48:58.275959,Москва,completed,7,27731.43,8319.429,2026-07,2026,3
1051,561,2026-07-06 23:48:58.275959,Казань,completed,11,55092.5,16527.75,2026-07,2026,3
1257,183,2026-07-06 23:48:58.276965,Екатеринбург,processing,5,17787.84,5336.352,2026-07,2026,3
1408,600,2026-07-06 23:48:58.276965,Уфа,completed,10,38820.76,11646.228000000001,2026-07,2026,3
1201,14,2026-07-06 23:48:58.276965,Красноярск,completed,2,7752.78,2325.834,2026-07,2026,3
1188,700,2026-07-06 23:48:58.276965,Ростов-на-Дону,completed,1,1386.62,415.98599999999993,2026-07,2026,3
1347,530,2026-07-06 23:48:58.276965,Самара,completed,9,31719.82,9515.946,2026-07,2026,3
1518,308,2026-07-06 23:48:58.276965,Казань,processing,11,33836.11,10150.833,2026-07,2026,3
1644,138,2026-07-06 23:48:58.277983,Новосибирск,completed,3,11139.35,3341.805,2026-07,2026,3
1870,93,2026-07-06 23:48:58.277983,Санкт-Петербург,completed,7,31552.38,9465.714,2026-07,2026,3
1621,126,2026-07-06 23:48:58.277983,Самара,completed,7,30412.13,9123.639,2026-07,2026,3
2186,746,2026-07-06 23:48:58.279317,Новосибирск,completed,4,17337.09,5201.1269999999995,2026-07,2026,3
2159,291,2026-07-06 23:48:58.279317,Красноярск,completed,8,53399.44,16019.832,2026-07,2026,3
2553,126,2026-07-06 23:48:58.280322,Самара,completed,8,31176.83,9353.049,2026-07,2026,3
2499,122,2026-07-06 23:48:58.280322,Екатеринбург,completed,3,9756.349999999999,2926.9049999999993,2026-07,2026,3
3165,861,2026-07-06 23:48:58.280948,Новосибирск,completed,9,30996.85,9299.054999999998,2026-07,2026,3
3866,564,2026-07-06 23:48:58.283920,Санкт-Петербург,processing,11,46963.7,14089.109999999999,2026-07,2026,3
4537,627,2026-07-06 23:48:58.284934,Казань,completed,10,21282.8,6384.839999999999,2026-07,2026,3
4569,945,2026-07-06 23:48:58.284934,Уфа,completed,2,645.29,193.587,2026-07,2026,3
4668,676,2026-07-06 23:48:58.285929,Новосибирск,cancelled,11,33618.97,10085.691,2026-07,2026,3
4986,712,2026-07-06 23:48:58.285929,Нижний Новгород,cancelled,1,13911.91,4173.572999999999,2026-07,2026,3
134,429,2026-07-07 23:48:58.273612,Новосибирск,completed,10,36987.43,11096.229,2026-07,2026,3
198,981,2026-07-07 23:48:58.273612,Москва,completed,8,37595.82,11278.746,2026-07,2026,3
249,332,2026-07-07 23:48:58.273612,Ростов-на-Дону,completed,3,12121.13,3636.3389999999995,2026-07,2026,3
458,258,2026-07-07 23:48:58.274623,Санкт-Петербург,cancelled,10,39489.03,11846.708999999999,2026-07,2026,3
753,94,2026-07-07 23:48:58.274623,Екатеринбург,completed,15,45136.619999999995,13540.985999999999,2026-07,2026,3
492,788,2026-07-07 23:48:58.274623,Москва,cancelled,7,27174.75,8152.424999999999,2026-07,2026,3
433,818,2026-07-07 23:48:58.274623,Красноярск,cancelled,9,18382.15,5514.645,2026-07,2026,3
1109,678,2026-07-07 23:48:58.275959,Уфа,completed,8,34614.520000000004,10384.356000000002,2026-07,2026,3
1480,855,2026-07-07 23:48:58.276965,Санкт-Петербург,processing,11,43114.72,12934.416,2026-07,2026,3
1688,673,2026-07-07 23:48:58.277983,Нижний Новгород,processing,3,9035.34,2710.602,2026-07,2026,3
1612,125,2026-07-07 23:48:58.277983,Красноярск,completed,8,19685.949999999997,5905.784999999999,2026-07,2026,3
1584,405,2026-07-07 23:48:58.277983,Самара,completed,6,9954.45,2986.335,2026-07,2026,3
2308,894,2026-07-07 23:48:58.279317,Санкт-Петербург,completed,3,14467.84,4340.352,2026-07,2026,3
2705,162,2026-07-07 23:48:58.280322,Уфа,processing,11,54503.16,16350.948,2026-07,2026,3
2592,251,2026-07-07 23:48:58.280322,Екатеринбург,completed,3,2626.23,787.869,2026-07,2026,3
2675,700,2026-07-07 23:48:58.280322,Ростов-на-Дону,completed,9,62472.47,18741.740999999998,2026-07,2026,3
2989,756,2026-07-07 23:48:58.280948,Красноярск,completed,7,44000.71,13200.213,2026-07,2026,3
3353,620,2026-07-07 23:48:58.280948,Москва,processing,7,15702.31,4710.692999999999,2026-07,2026,3
3821,718,2026-07-07 23:48:58.282485,Красноярск,cancelled,4,17315.36,5194.608,2026-07,2026,3
3505,261,2026-07-07 23:48:58.282485,Ростов-на-Дону,processing,2,6506.09,1951.827,2026-07,2026,3
3742,725,2026-07-07 23:48:58.282485,Красноярск,cancelled,8,31723.260000000002,9516.978000000001,2026-07,2026,3
3931,136,2026-07-07 23:48:58.283920,Нижний Новгород,completed,7,20440.32,6132.096,2026-07,2026,3
4664,88,2026-07-07 23:48:58.285929,Нижний Новгород,processing,3,8428.38,2528.5139999999997,2026-07,2026,3
4868,567,2026-07-07 23:48:58.285929,Казань,completed,5,25773.95,7732.1849999999995,2026-07,2026,3
120,495,2026-07-08 23:48:58.273612,Уфа,cancelled,3,13491.08,4047.3239999999996,2026-07,2026,3
518,953,2026-07-08 23:48:58.274623,Самара,processing,2,4012.29,1203.687,2026-07,2026,3
397,579,2026-07-08 23:48:58.274623,Москва,cancelled,4,14425.94,4327.782,2026-07,2026,3
367,854,2026-07-08 23:48:58.274623,Ростов-на-Дону,completed,5,25619.25,7685.775,2026-07,2026,3
778,632,2026-07-08 23:48:58.275959,Новосибирск,cancelled,4,20324.47,6097.341,2026-07,2026,3
1461,496,2026-07-08 23:48:58.276965,Казань,completed,6,22311.59,6693.477,2026-07,2026,3
1998,588,2026-07-08 23:48:58.277983,Новосибирск,completed,8,18849.65,5654.895,2026-07,2026,3
1628,809,2026-07-08 23:48:58.277983,Ростов-на-Дону,completed,7,45883.16,13764.948,2026-07,2026,3
2448,661,2026-07-08 23:48:58.279317,Самара,completed,6,23015.63,6904.689,2026-07,2026,3
3197,191,2026-07-08 23:48:58.280948,Нижний Новгород,completed,4,16301.0,4890.3,2026-07,2026,3
3499,253,2026-07-08 23:48:58.282485,Москва,completed,2,11134.04,3340.212,2026-07,2026,3
3579,247,2026-07-08 23:48:58.282485,Екатеринбург,completed,7,35170.44,10551.132,2026-07,2026,3
3924,437,2026-07-08 23:48:58.283920,Ростов-на-Дону,completed,7,24871.38,7461.414,2026-07,2026,3
4004,81,2026-07-08 23:48:58.283920,Москва,completed,11,29101.089999999997,8730.327,2026-07,2026,3
4089,759,2026-07-08 23:48:58.283920,Красноярск,cancelled,11,42026.09,12607.827,2026-07,2026,3
4399,32,2026-07-08 23:48:58.284934,Санкт-Петербург,processing,12,33343.3,10002.99,2026-07,2026,3
4318,572,2026-07-08 23:48:58.284934,Уфа,cancelled,2,7870.42,2361.1259999999997,2026-07,2026,3
4615,671,2026-07-08 23:48:58.285929,Самара,completed,11,30691.989999999998,9207.597,2026-07,2026,3
4895,519,2026-07-08 23:48:58.285929,Санкт-Петербург,completed,8,38755.18,11626.554,2026-07,2026,3
4811,9,2026-07-08 23:48:58.285929,Новосибирск,completed,14,35439.96,10631.988,2026-07,2026,3
4723,933,2026-07-08 23:48:58.285929,Уфа,completed,11,42440.19,12732.057,2026-07,2026,3
1,49,2026-07-09 23:48:58.273612,Москва,completed,6,25025.850000000002,7507.755,2026-07,2026,3
8,362,2026-07-09 23:48:58.273612,Москва,processing,3,3380.91,1014.2729999999999,2026-07,2026,3
18,354,2026-07-09 23:48:58.273612,Казань,cancelled,2,15278.41,4583.523,2026-07,2026,3
392,153,2026-07-09 23:48:58.274623,Москва,completed,5,21055.82,6316.746,2026-07,2026,3
653,56,2026-07-09 23:48:58.274623,Самара,completed,12,50925.09,15277.526999999998,2026-07,2026,3
676,977,2026-07-09 23:48:58.274623,Казань,completed,3,20086.96,6026.088,2026-07,2026,3
483,311,2026-07-09 23:48:58.274623,Новосибирск,completed,7,21066.230000000003,6319.869000000001,2026-07,2026,3
981,784,2026-07-09 23:48:58.275959,Нижний Новгород,completed,5,19355.93,5806.7789999999995,2026-07,2026,3
1478,754,2026-07-09 23:48:58.276965,Самара,completed,4,16011.83,4803.549,2026-07,2026,3
1233,457,2026-07-09 23:48:58.276965,Новосибирск,cancelled,11,23274.88,6982.464,2026-07,2026,3
2031,424,2026-07-09 23:48:58.277983,Екатеринбург,processing,4,18634.53,5590.3589999999995,2026-07,2026,3
1588,641,2026-07-09 23:48:58.277983,Ростов-на-Дону,processing,2,3689.3,1106.79,2026-07,2026,3
2343,343,2026-07-09 23:48:58.279317,Самара,processing,11,44536.1,13360.83,2026-07,2026,3
2509,628,2026-07-09 23:48:58.280322,Красноярск,processing,5,14893.61,4468.083,2026-07,2026,3
2636,152,2026-07-09 23:48:58.280322,Казань,completed,2,2296.91,689.073,2026-07,2026,3
2804,183,2026-07-09 23:48:58.280948,Екатеринбург,completed,2,1461.98,438.594,2026-07,2026,3
3242,468,2026-07-09 23:48:58.280948,Екатеринбург,completed,8,46286.11,13885.833,2026-07,2026,3
3751,748,2026-07-09 23:48:58.282485,Уфа,completed,2,5656.46,1696.9379999999999,2026-07,2026,3
3402,384,2026-07-09 23:48:58.282485,Санкт-Петербург,completed,4,27886.1,8365.83,2026-07,2026,3
3550,837,2026-07-09 23:48:58.282485,Екатеринбург,completed,14,46647.450000000004,13994.235,2026-07,2026,3
4181,441,2026-07-09 23:48:58.283920,Уфа,processing,8,31149.420000000002,9344.826000000001,2026-07,2026,3
4034,29,2026-07-09 23:48:58.283920,Екатеринбург,completed,5,31084.339999999997,9325.301999999998,2026-07,2026,3
4338,113,2026-07-09 23:48:58.284934,Нижний Новгород,completed,5,22862.32,6858.696,2026-07,2026,3
4202,192,2026-07-09 23:48:58.284934,Новосибирск,cancelled,6,14164.17,4249.251,2026-07,2026,3
896,903,2026-07-10 23:48:58.275959,Москва,completed,12,32156.21,9646.863,2026-07,2026,3
1121,413,2026-07-10 23:48:58.275959,Красноярск,completed,2,11501.07,3450.321,2026-07,2026,3
1511,277,2026-07-10 23:48:58.276965,Казань,processing,6,24368.07,7310.420999999999,2026-07,2026,3
1548,129,2026-07-10 23:48:58.276965,Санкт-Петербург,cancelled,7,27409.92,8222.975999999999,2026-07,2026,3
2038,711,2026-07-10 23:48:58.277983,Санкт-Петербург,completed,3,13601.72,4080.5159999999996,2026-07,2026,3
2386,166,2026-07-10 23:48:58.279317,Уфа,completed,3,7684.42,2305.326,2026-07,2026,3
2087,868,2026-07-10 23:48:58.279317,Уфа,cancelled,1,2708.53,812.5590000000001,2026-07,2026,3
2280,917,2026-07-10 23:48:58.279317,Нижний Новгород,cancelled,7,22042.06,6612.618,2026-07,2026,3
2667,400,2026-07-10 23:48:58.280322,Уфа,completed,12,47464.39,14239.317,2026-07,2026,3
2684,548,2026-07-10 23:48:58.280322,Ростов-на-Дону,completed,3,10994.83,3298.449,2026-07,2026,3
2687,93,2026-07-10 23:48:58.280322,Санкт-Петербург,completed,2,5426.41,1627.923,2026-07,2026,3
2643,616,2026-07-10 23:48:58.280322,Санкт-Петербург,completed,2,11507.42,3452.226,2026-07,2026,3
2747,954,2026-07-10 23:48:58.280948,Ростов-на-Дону,completed,9,26389.54,7916.862,2026-07,2026,3
3169,814,2026-07-10 23:48:58.280948,Самара,completed,5,5911.7,1773.51,2026-07,2026,3
2982,348,2026-07-10 23:48:58.280948,Красноярск,cancelled,7,35616.95,10685.085,2026-07,2026,3
3271,884,2026-07-10 23:48:58.280948,Самара,completed,3,19090.32,5727.096,2026-07,2026,3
3443,39,2026-07-10 23:48:58.282485,Нижний Новгород,cancelled,10,44006.6,13201.98,2026-07,2026,3
3539,600,2026-07-10 23:48:58.282485,Уфа,completed,11,27539.24,8261.772,2026-07,2026,3
4533,815,2026-07-10 23:48:58.284934,Казань,completed,5,17405.39,5221.616999999999,2026-07,2026,3
4487,189,2026-07-10 23:48:58.284934,Новосибирск,processing,4,11373.539999999999,3412.0619999999994,2026-07,2026,3
4661,764,2026-07-10 23:48:58.285929,Ростов-на-Дону,completed,6,12338.21,3701.4629999999997,2026-07,2026,3
4825,598,2026-07-10 23:48:58.285929,Нижний Новгород,cancelled,8,40534.73,12160.419,2026-07,2026,3
228,588,2026-07-11 23:48:58.273612,Новосибирск,processing,10,48553.58,14566.074,2026-07,2026,3
218,654,2026-07-11 23:48:58.273612,Новосибирск,completed,7,21639.8,6491.94,2026-07,2026,3
314,450,2026-07-11 23:48:58.274623,Уфа,processing,8,42139.53,12641.858999999999,2026-07,2026,3
721,25,2026-07-11 23:48:58.274623,Москва,processing,14,49769.75,14930.925,2026-07,2026,3
730,944,2026-07-11 23:48:58.274623,Уфа,processing,6,35447.88,10634.364,2026-07,2026,3
1074,660,2026-07-11 23:48:58.275959,Москва,completed,6,31434.120000000003,9430.236,2026-07,2026,3
1336,379,2026-07-11 23:48:58.276965,Санкт-Петербург,completed,2,16976.18,5092.854,2026-07,2026,3
1639,500,2026-07-11 23:48:58.277983,Новосибирск,completed,11,27972.73,8391.819,2026-07,2026,3
1764,46,2026-07-11 23:48:58.277983,Екатеринбург,completed,8,32893.79,9868.137,2026-07,2026,3
1831,238,2026-07-11 23:48:58.277983,Москва,cancelled,5,7910.53,2373.1589999999997,2026-07,2026,3
1602,9,2026-07-11 23:48:58.277983,Новосибирск,completed,10,19355.82,5806.746,2026-07,2026,3
1581,612,2026-07-11 23:48:58.277983,Москва,completed,1,1911.53,573.459,2026-07,2026,3
1830,628,2026-07-11 23:48:58.277983,Красноярск,processing,7,41897.020000000004,12569.106000000002,2026-07,2026,3
2369,23,2026-07-11 23:48:58.279317,Нижний Новгород,processing,4,12934.4,3880.3199999999997,2026-07,2026,3
2554,510,2026-07-11 23:48:58.280322,Москва,cancelled,4,27902.97,8370.891,2026-07,2026,3
2545,126,2026-07-11 23:48:58.280322,Самара,completed,2,5654.34,1696.302,2026-07,2026,3
3077,649,2026-07-11 23:48:58.280948,Екатеринбург,completed,3,13827.220000000001,4148.166,2026-07,2026,3
3595,828,2026-07-11 23:48:58.282485,Уфа,completed,6,27723.3,8316.99,2026-07,2026,3
3565,455,2026-07-11 23:48:58.282485,Уфа,processing,7,38053.42,11416.026,2026-07,2026,3
3434,760,2026-07-11 23:48:58.282485,Нижний Новгород,processing,6,25655.620000000003,7696.686000000001,2026-07,2026,3
4056,96,2026-07-11 23:48:58.283920,Красноярск,completed,6,15725.65,4717.695,2026-07,2026,3
4532,332,2026-07-11 23:48:58.284934,Ростов-на-Дону,cancelled,9,24825.469999999998,7447.640999999999,2026-07,2026,3
4266,921,2026-07-11 23:48:58.284934,Екатеринбург,processing,1,10241.58,3072.4739999999997,2026-07,2026,3
4566,511,2026-07-11 23:48:58.284934,Екатеринбург,completed,9,35361.39,10608.417,2026-07,2026,3
4685,51,2026-07-11 23:48:58.285929,Нижний Новгород,completed,11,45051.96,13515.588,2026-07,2026,3
4900,407,2026-07-11 23:48:58.285929,Казань,completed,7,39182.64,11754.792,2026-07,2026,3
4828,861,2026-07-11 23:48:58.285929,Новосибирск,completed,4,12771.91,3831.573,2026-07,2026,3
177,592,2026-07-12 23:48:58.273612,Нижний Новгород,cancelled,7,21731.2,6519.36,2026-07,2026,3
628,73,2026-07-12 23:48:58.274623,Екатеринбург,completed,4,17061.33,5118.399,2026-07,2026,3
428,503,2026-07-12 23:48:58.274623,Новосибирск,completed,6,17872.879999999997,5361.863999999999,2026-07,2026,3
932,101,2026-07-12 23:48:58.275959,Казань,completed,6,14202.810000000001,4260.843,2026-07,2026,3
1419,122,2026-07-12 23:48:58.276965,Екатеринбург,completed,7,15766.96,4730.088,2026-07,2026,3
1479,212,2026-07-12 23:48:58.276965,Екатеринбург,completed,5,14091.779999999999,4227.534,2026-07,2026,3
1467,719,2026-07-12 23:48:58.276965,Москва,completed,12,40787.61,12236.283,2026-07,2026,3
1557,317,2026-07-12 23:48:58.276965,Уфа,completed,8,22024.93,6607.479,2026-07,2026,3
2491,705,2026-07-12 23:48:58.280322,Санкт-Петербург,completed,6,23618.76,7085.628,2026-07,2026,3
2940,807,2026-07-12 23:48:58.280948,Казань,completed,10,32651.78,9795.534,2026-07,2026,3
3303,234,2026-07-12 23:48:58.280948,Ростов-на-Дону,cancelled,7,12669.03,3800.709,2026-07,2026,3
3747,534,2026-07-12 23:48:58.282485,Самара,completed,9,24986.010000000002,7495.803,2026-07,2026,3
3981,842,2026-07-12 23:48:58.283920,Ростов-на-Дону,completed,10,29813.79,8944.137,2026-07,2026,3
4594,801,2026-07-12 23:48:58.284934,Уфа,completed,5,8148.51,2444.553,2026-07,2026,3
4608,11,2026-07-12 23:48:58.285929,Уфа,completed,8,36897.020000000004,11069.106000000002,2026-07,2026,3
4865,881,2026-07-12 23:48:58.285929,Красноярск,completed,8,33485.25,10045.574999999999,2026-07,2026,3
4873,25,2026-07-12 23:48:58.285929,Москва,cancelled,12,35193.42,10558.026,2026-07,2026,3
4689,567,2026-07-12 23:48:58.285929,Казань,completed,11,26552.25,7965.674999999999,2026-07,2026,3
102,958,2026-07-13 23:48:58.273612,Уфа,completed,9,28492.39,8547.716999999999,2026-07,2026,3
332,247,2026-07-13 23:48:58.274623,Екатеринбург,completed,5,29800.260000000002,8940.078,2026-07,2026,3
958,663,2026-07-13 23:48:58.275959,Казань,cancelled,7,43473.84,13042.151999999998,2026-07,2026,3
999,364,2026-07-13 23:48:58.275959,Новосибирск,cancelled,6,6634.26,1990.278,2026-07,2026,3
1027,255,2026-07-13 23:48:58.275959,Нижний Новгород,cancelled,1,14557.01,4367.103,2026-07,2026,3
886,270,2026-07-13 23:48:58.275959,Екатеринбург,completed,8,30906.29,9271.887,2026-07,2026,3
1039,234,2026-07-13 23:48:58.275959,Ростов-на-Дону,cancelled,3,17576.100000000002,5272.830000000001,2026-07,2026,3
1105,579,2026-07-13 23:48:58.275959,Москва,cancelled,12,33545.76,10063.728000000001,2026-07,2026,3
1194,576,2026-07-13 23:48:58.276965,Екатеринбург,cancelled,2,27139.82,8141.946,2026-07,2026,3
1348,997,2026-07-13 23:48:58.276965,Красноярск,processing,10,49347.29,14804.187,2026-07,2026,3
1838,198,2026-07-13 23:48:58.277983,Санкт-Петербург,completed,4,27899.97,8369.991,2026-07,2026,3
2016,238,2026-07-13 23:48:58.277983,Москва,completed,7,30581.91,9174.573,2026-07,2026,3
2346,215,2026-07-13 23:48:58.279317,Москва,completed,1,3999.2,1199.76,2026-07,2026,3
2614,824,2026-07-13 23:48:58.280322,Ростов-на-Дону,processing,10,34980.94,10494.282000000001,2026-07,2026,3
2821,693,2026-07-13 23:48:58.280948,Екатеринбург,cancelled,6,26234.1,7870.23,2026-07,2026,3
3158,756,2026-07-13 23:48:58.280948,Красноярск,cancelled,6,13821.189999999999,4146.356999999999,2026-07,2026,3
3317,348,2026-07-13 23:48:58.280948,Красноярск,completed,4,21553.620000000003,6466.086,2026-07,2026,3
3722,150,2026-07-13 23:48:58.282485,Самара,completed,7,34370.479999999996,10311.143999999998,2026-07,2026,3
3590,893,2026-07-13 23:48:58.282485,Екатеринбург,processing,11,33410.24,10023.071999999998,2026-07,2026,3
3791,257,2026-07-13 23:48:58.282485,Красноярск,completed,4,8499.46,2549.8379999999997,2026-07,2026,3
3623,957,2026-07-13 23:48:58.282485,Самара,cancelled,7,27731.07,8319.321,2026-07,2026,3
3946,2,2026-07-13 23:48:58.283920,Екатеринбург,completed,7,34059.380000000005,10217.814,2026-07,2026,3
3949,294,2026-07-13 23:48:58.283920,Екатеринбург,cancelled,1,3401.41,1020.4229999999999,2026-07,2026,3
4166,217,2026-07-13 23:48:58.283920,Казань,completed,11,44312.73,13293.819000000001,2026-07,2026,3
3994,216,2026-07-13 23:48:58.283920,Санкт-Петербург,completed,2,3190.31,957.093,2026-07,2026,3
4360,283,2026-07-13 23:48:58.284934,Красноярск,processing,13,40770.99,12231.296999999999,2026-07,2026,3
4568,24,2026-07-13 23:48:58.284934,Екатеринбург,completed,3,5502.56,1650.768,2026-07,2026,3
4546,293,2026-07-13 23:48:58.284934,Новосибирск,completed,9,35278.229999999996,10583.469,2026-07,2026,3
4296,30,2026-07-13 23:48:58.284934,Красноярск,completed,4,17791.63,5337.4890000000005,2026-07,2026,3
261,630,2026-07-14 23:48:58.273612,Новосибирск,completed,10,24659.730000000003,7397.919000000001,2026-07,2026,3
361,577,2026-07-14 23:48:58.274623,Ростов-на-Дону,cancelled,2,11520.509999999998,3456.1529999999993,2026-07,2026,3
560,32,2026-07-14 23:48:58.274623,Санкт-Петербург,completed,3,20432.67,6129.8009999999995,2026-07,2026,3
321,534,2026-07-14 23:48:58.274623,Самара,completed,3,9836.58,2950.9739999999997,2026-07,2026,3
989,352,2026-07-14 23:48:58.275959,Ростов-на-Дону,cancelled,6,14604.220000000001,4381.2660000000005,2026-07,2026,3
791,612,2026-07-14 23:48:58.275959,Москва,completed,7,30596.760000000002,9179.028,2026-07,2026,3
798,58,2026-07-14 23:48:58.275959,Новосибирск,processing,2,3593.37,1078.011,2026-07,2026,3
1334,42,2026-07-14 23:48:58.276965,Санкт-Петербург,completed,11,43670.16,13101.048,2026-07,2026,3
1466,808,2026-07-14 23:48:58.276965,Красноярск,cancelled,6,26920.629999999997,8076.1889999999985,2026-07,2026,3
1304,253,2026-07-14 23:48:58.276965,Москва,cancelled,2,1288.79,386.637,2026-07,2026,3
1711,308,2026-07-14 23:48:58.277983,Казань,completed,7,22042.36,6612.708,2026-07,2026,3
2158,360,2026-07-14 23:48:58.279317,Ростов-на-Дону,cancelled,3,15067.24,4520.172,2026-07,2026,3
2407,633,2026-07-14 23:48:58.279317,Екатеринбург,completed,10,38605.77,11581.730999999998,2026-07,2026,3
2287,385,2026-07-14 23:48:58.279317,Казань,completed,7,34952.05,10485.615,2026-07,2026,3
2477,516,2026-07-14 23:48:58.279317,Ростов-на-Дону,completed,4,29069.379999999997,8720.813999999998,2026-07,2026,3
3123,10,2026-07-14 23:48:58.280948,Красноярск,cancelled,10,28348.4,8504.52,2026-07,2026,3
3127,311,2026-07-14 23:48:58.280948,Новосибирск,completed,2,23062.29,6918.687,2026-07,2026,3
2891,520,2026-07-14 23:48:58.280948,Москва,processing,9,40499.32,12149.796,2026-07,2026,3
3724,993,2026-07-14 23:48:58.282485,Красноярск,completed,11,37063.67,11119.100999999999,2026-07,2026,3
3611,858,2026-07-14 23:48:58.282485,Красноярск,completed,6,22229.62,6668.8859999999995,2026-07,2026,3
3454,737,2026-07-14 23:48:58.282485,Казань,processing,11,31416.489999999998,9424.946999999998,2026-07,2026,3
3887,311,2026-07-14 23:48:58.283920,Новосибирск,completed,5,16440.46,4932.138,2026-07,2026,3
4024,58,2026-07-14 23:48:58.283920,Новосибирск,completed,9,44608.75,13382.625,2026-07,2026,3
4397,421,2026-07-14 23:48:58.284934,Нижний Новгород,cancelled,10,25914.69,7774.406999999999,2026-07,2026,3
4203,920,2026-07-14 23:48:58.284934,Ростов-на-Дону,completed,3,12624.54,3787.362,2026-07,2026,3
4800,763,2026-07-14 23:48:58.285929,Уфа,cancelled,1,10468.49,3140.547,2026-07,2026,3
267,846,2026-07-15 23:48:58.273612,Уфа,completed,5,10713.57,3214.071,2026-07,2026,3
639,881,2026-07-15 23:48:58.274623,Красноярск,completed,4,18790.14,5637.0419999999995,2026-07,2026,3
602,408,2026-07-15 23:48:58.274623,Уфа,completed,11,35581.61,10674.483,2026-07,2026,3
1229,301,2026-07-15 23:48:58.276965,Красноярск,processing,6,12122.529999999999,3636.7589999999996,2026-07,2026,3
1684,80,2026-07-15 23:48:58.277983,Казань,processing,7,32105.66,9631.698,2026-07,2026,3
1722,583,2026-07-15 23:48:58.277983,Самара,cancelled,6,30496.120000000003,9148.836000000001,2026-07,2026,3
2476,105,2026-07-15 23:48:58.279317,Ростов-на-Дону,completed,8,28622.65,8586.795,2026-07,2026,3
2423,90,2026-07-15 23:48:58.279317,Уфа,cancelled,11,43160.73,12948.219000000001,2026-07,2026,3
2305,501,2026-07-15 23:48:58.279317,Екатеринбург,processing,4,37203.14,11160.942,2026-07,2026,3
2162,673,2026-07-15 23:48:58.279317,Нижний Новгород,processing,5,27181.78,8154.534,2026-07,2026,3
2732,615,2026-07-15 23:48:58.280322,Санкт-Петербург,completed,4,13226.13,3967.8389999999995,2026-07,2026,3
2512,542,2026-07-15 23:48:58.280322,Самара,cancelled,10,46497.47,13949.241,2026-07,2026,3
3368,715,2026-07-15 23:48:58.282485,Новосибирск,completed,4,18945.06,5683.518,2026-07,2026,3
3699,307,2026-07-15 23:48:58.282485,Ростов-на-Дону,completed,1,2344.05,703.215,2026-07,2026,3
3619,849,2026-07-15 23:48:58.282485,Москва,completed,7,18420.34,5526.102,2026-07,2026,3
3777,404,2026-07-15 23:48:58.282485,Ростов-на-Дону,completed,3,14528.92,4358.6759999999995,2026-07,2026,3
3641,215,2026-07-15 23:48:58.282485,Москва,cancelled,5,10519.19,3155.757,2026-07,2026,3
3394,546,2026-07-15 23:48:58.282485,Москва,completed,10,39784.68,11935.404,2026-07,2026,3
4138,38,2026-07-15 23:48:58.283920,Нижний Новгород,cancelled,2,4635.76,1390.728,2026-07,2026,3
3883,586,2026-07-15 23:48:58.283920,Уфа,processing,5,19771.739999999998,5931.521999999999,2026-07,2026,3
4141,387,2026-07-15 23:48:58.283920,Москва,completed,8,28598.440000000002,8579.532000000001,2026-07,2026,3
4322,687,2026-07-15 23:48:58.284934,Новосибирск,completed,3,35123.0,10536.9,2026-07,2026,3
4233,921,2026-07-15 23:48:58.284934,Екатеринбург,completed,3,1441.9,432.57,2026-07,2026,3
4961,749,2026-07-15 23:48:58.285929,Самара,completed,2,1820.15,546.045,2026-07,2026,3
603,845,2026-07-16 23:48:58.274623,Новосибирск,completed,4,22899.47,6869.841,2026-07,2026,3
636,740,2026-07-16 23:48:58.274623,Санкт-Петербург,cancelled,3,617.67,185.301,2026-07,2026,3
936,453,2026-07-16 23:48:58.275959,Самара,completed,9,36935.08,11080.524,2026-07,2026,3
1040,135,2026-07-16 23:48:58.275959,Ростов-на-Дону,cancelled,1,2272.29,681.687,2026-07,2026,3
957,799,2026-07-16 23:48:58.275959,Ростов-на-Дону,completed,8,19602.84,5880.852,2026-07,2026,3
1227,227,2026-07-16 23:48:58.276965,Уфа,cancelled,2,8922.98,2676.894,2026-07,2026,3
1249,793,2026-07-16 23:48:58.276965,Самара,cancelled,3,22630.95,6789.285,2026-07,2026,3
1421,103,2026-07-16 23:48:58.276965,Казань,processing,9,36302.56,10890.767999999998,2026-07,2026,3
1354,288,2026-07-16 23:48:58.276965,Казань,completed,2,5164.59,1549.377,2026-07,2026,3
2240,857,2026-07-16 23:48:58.279317,Казань,completed,11,42453.61,12736.083,2026-07,2026,3
2220,122,2026-07-16 23:48:58.279317,Екатеринбург,cancelled,2,7634.280000000001,2290.284,2026-07,2026,3
2521,435,2026-07-16 23:48:58.280322,Москва,processing,4,27873.239999999998,8361.972,2026-07,2026,3
2669,180,2026-07-16 23:48:58.280322,Нижний Новгород,completed,5,15641.36,4692.408,2026-07,2026,3
3008,712,2026-07-16 23:48:58.280948,Нижний Новгород,completed,3,12200.34,3660.102,2026-07,2026,3
3530,581,2026-07-16 23:48:58.282485,Красноярск,completed,11,27640.9,8292.27,2026-07,2026,3
3414,238,2026-07-16 23:48:58.282485,Москва,completed,5,15568.97,4670.691,2026-07,2026,3
4110,485,2026-07-16 23:48:58.283920,Самара,completed,8,25283.61,7585.083,2026-07,2026,3
4117,538,2026-07-16 23:48:58.283920,Нижний Новгород,cancelled,2,12507.7,3752.31,2026-07,2026,3
4036,67,2026-07-16 23:48:58.283920,Казань,processing,6,34960.16,10488.048,2026-07,2026,3
4268,617,2026-07-16 23:48:58.284934,Санкт-Петербург,processing,5,36350.44,10905.132,2026-07,2026,3
4321,62,2026-07-16 23:48:58.284934,Красноярск,completed,5,18605.56,5581.668000000001,2026-07,2026,3
4819,768,2026-07-16 23:48:58.285929,Самара,completed,3,7035.93,2110.779,2026-07,2026,3
4982,863,2026-07-16 23:48:58.285929,Уфа,completed,5,15323.6,4597.08,2026-07,2026,3
201,722,2026-07-17 23:48:58.273612,Красноярск,cancelled,7,30588.66,9176.598,2026-07,2026,3
746,367,2026-07-17 23:48:58.274623,Ростов-на-Дону,completed,6,34498.95,10349.685,2026-07,2026,3
415,985,2026-07-17 23:48:58.274623,Новосибирск,processing,10,26012.940000000002,7803.8820000000005,2026-07,2026,3
347,491,2026-07-17 23:48:58.274623,Новосибирск,completed,9,42691.89,12807.567,2026-07,2026,3
1016,281,2026-07-17 23:48:58.275959,Екатеринбург,completed,6,26263.64,7879.092,2026-07,2026,3
1066,509,2026-07-17 23:48:58.275959,Казань,cancelled,11,46805.71,14041.713,2026-07,2026,3
1498,691,2026-07-17 23:48:58.276965,Санкт-Петербург,completed,5,20169.65,6050.895,2026-07,2026,3
1505,435,2026-07-17 23:48:58.276965,Москва,completed,5,28399.39,8519.817,2026-07,2026,3
1282,313,2026-07-17 23:48:58.276965,Самара,cancelled,7,43226.24,12967.872,2026-07,2026,3
1550,82,2026-07-17 23:48:58.276965,Екатеринбург,completed,8,8658.69,2597.607,2026-07,2026,3
1899,840,2026-07-17 23:48:58.277983,Нижний Новгород,completed,6,25804.94,7741.481999999999,2026-07,2026,3
1987,914,2026-07-17 23:48:58.277983,Ростов-на-Дону,completed,2,7660.74,2298.2219999999998,2026-07,2026,3
1616,682,2026-07-17 23:48:58.277983,Санкт-Петербург,completed,7,33244.17,9973.250999999998,2026-07,2026,3
1934,756,2026-07-17 23:48:58.277983,Красноярск,processing,9,48104.270000000004,14431.281,2026-07,2026,3
1676,953,2026-07-17 23:48:58.277983,Самара,cancelled,2,7264.81,2179.443,2026-07,2026,3
2267,676,2026-07-17 23:48:58.279317,Новосибирск,completed,3,2784.49,835.3469999999999,2026-07,2026,3
2333,590,2026-07-17 23:48:58.279317,Ростов-на-Дону,cancelled,8,36117.67,10835.301,2026-07,2026,3
2492,129,2026-07-17 23:48:58.280322,Санкт-Петербург,completed,10,34102.31,10230.693,2026-07,2026,3
2906,241,2026-07-17 23:48:58.280948,Екатеринбург,processing,6,30378.68,9113.604,2026-07,2026,3
3241,347,2026-07-17 23:48:58.280948,Уфа,completed,2,2667.31,800.193,2026-07,2026,3
3304,768,2026-07-17 23:48:58.280948,Самара,completed,1,8516.56,2554.968,2026-07,2026,3
3269,38,2026-07-17 23:48:58.280948,Нижний Новгород,completed,2,13961.61,4188.483,2026-07,2026,3
3412,640,2026-07-17 23:48:58.282485,Екатеринбург,processing,3,8153.549999999999,2446.0649999999996,2026-07,2026,3
3677,772,2026-07-17 23:48:58.282485,Санкт-Петербург,cancelled,1,6516.65,1954.995,2026-07,2026,3
3519,767,2026-07-17 23:48:58.282485,Новосибирск,cancelled,6,36632.4,10989.72,2026-07,2026,3
3622,848,2026-07-17 23:48:58.282485,Ростов-на-Дону,cancelled,2,9389.21,2816.7629999999995,2026-07,2026,3
4065,245,2026-07-17 23:48:58.283920,Нижний Новгород,processing,2,14411.17,4323.351,2026-07,2026,3
3894,255,2026-07-17 23:48:58.283920,Нижний Новгород,processing,1,2953.14,885.9419999999999,2026-07,2026,3
4214,935,2026-07-17 23:48:58.284934,Нижний Новгород,completed,3,12996.06,3898.8179999999998,2026-07,2026,3
4633,567,2026-07-17 23:48:58.285929,Казань,completed,2,23975.05,7192.514999999999,2026-07,2026,3
4775,43,2026-07-17 23:48:58.285929,Казань,completed,6,12581.95,3774.585,2026-07,2026,3
4862,532,2026-07-17 23:48:58.285929,Ростов-на-Дону,completed,2,9815.619999999999,2944.6859999999997,2026-07,2026,3
578,143,2026-07-18 23:48:58.274623,Санкт-Петербург,completed,8,11532.99,3459.897,2026-07,2026,3
528,220,2026-07-18 23:48:58.274623,Казань,completed,1,3467.28,1040.184,2026-07,2026,3
359,937,2026-07-18 23:48:58.274623,Казань,completed,6,25655.01,7696.502999999999,2026-07,2026,3
510,804,2026-07-18 23:48:58.274623,Казань,processing,8,30424.46,9127.338,2026-07,2026,3
1412,774,2026-07-18 23:48:58.276965,Екатеринбург,completed,2,13964.41,4189.322999999999,2026-07,2026,3
1337,685,2026-07-18 23:48:58.276965,Ростов-на-Дону,processing,3,6423.12,1926.936,2026-07,2026,3
1842,776,2026-07-18 23:48:58.277983,Самара,completed,5,33614.1,10084.23,2026-07,2026,3
1813,135,2026-07-18 23:48:58.277983,Ростов-на-Дону,cancelled,4,16746.05,5023.815,2026-07,2026,3
2362,155,2026-07-18 23:48:58.279317,Самара,processing,5,10175.66,3052.698,2026-07,2026,3
2342,575,2026-07-18 23:48:58.279317,Казань,completed,4,12406.2,3721.86,2026-07,2026,3
2728,731,2026-07-18 23:48:58.280322,Екатеринбург,completed,9,30878.94,9263.681999999999,2026-07,2026,3
2926,892,2026-07-18 23:48:58.280948,Москва,completed,11,21831.4,6549.42,2026-07,2026,3
3344,979,2026-07-18 23:48:58.280948,Самара,completed,9,28863.13,8658.939,2026-07,2026,3
3336,291,2026-07-18 23:48:58.280948,Красноярск,completed,11,46720.57,14016.171,2026-07,2026,3
3345,892,2026-07-18 23:48:58.280948,Москва,completed,4,3426.1000000000004,1027.8300000000002,2026-07,2026,3
3225,385,2026-07-18 23:48:58.280948,Казань,completed,6,34001.23,10200.369,2026-07,2026,3
3050,806,2026-07-18 23:48:58.280948,Нижний Новгород,completed,5,22142.350000000002,6642.705000000001,2026-07,2026,3
3451,249,2026-07-18 23:48:58.282485,Уфа,processing,5,26006.190000000002,7801.857,2026-07,2026,3
3442,385,2026-07-18 23:48:58.282485,Казань,cancelled,11,43662.44,13098.732,2026-07,2026,3
4319,663,2026-07-18 23:48:58.284934,Казань,cancelled,4,18374.77,5512.431,2026-07,2026,3
4364,508,2026-07-18 23:48:58.284934,Казань,completed,7,19594.36,5878.308,2026-07,2026,3
4365,805,2026-07-18 23:48:58.284934,Екатеринбург,completed,5,15845.92,4753.776,2026-07,2026,3
4401,369,2026-07-18 23:48:58.284934,Москва,cancelled,8,14176.849999999999,4253.054999999999,2026-07,2026,3
4785,99,2026-07-18 23:48:58.285929,Санкт-Петербург,processing,1,9144.01,2743.203,2026-07,2026,3
4696,243,2026-07-18 23:48:58.285929,Москва,completed,10,28275.29,8482.587,2026-07,2026,3
29,811,2026-07-19 23:48:58.273612,Москва,completed,3,17958.92,5387.6759999999995,2026-07,2026,3
28,301,2026-07-19 23:48:58.273612,Красноярск,completed,5,9124.25,2737.275,2026-07,2026,3
741,77,2026-07-19 23:48:58.274623,Екатеринбург,completed,9,33629.96,10088.988,2026-07,2026,3
1063,997,2026-07-19 23:48:58.275959,Красноярск,completed,3,19108.57,5732.571,2026-07,2026,3
943,897,2026-07-19 23:48:58.275959,Красноярск,completed,5,21267.9,6380.37,2026-07,2026,3
1477,511,2026-07-19 23:48:58.276965,Екатеринбург,completed,6,19731.37,5919.410999999999,2026-07,2026,3
1172,223,2026-07-19 23:48:58.276965,Москва,completed,9,40724.46,12217.338,2026-07,2026,3
1869,605,2026-07-19 23:48:58.277983,Екатеринбург,completed,8,23346.149999999998,7003.844999999999,2026-07,2026,3
1815,701,2026-07-19 23:48:58.277983,Нижний Новгород,completed,14,49737.36,14921.207999999999,2026-07,2026,3
2205,664,2026-07-19 23:48:58.279317,Екатеринбург,completed,6,24243.11,7272.933,2026-07,2026,3
2178,951,2026-07-19 23:48:58.279317,Красноярск,processing,12,32499.64,9749.892,2026-07,2026,3
2503,602,2026-07-19 23:48:58.280322,Казань,completed,3,15807.91,4742.373,2026-07,2026,3
3211,931,2026-07-19 23:48:58.280948,Нижний Новгород,completed,1,7916.03,2374.8089999999997,2026-07,2026,3
2932,869,2026-07-19 23:48:58.280948,Санкт-Петербург,completed,8,30262.379999999997,9078.713999999998,2026-07,2026,3
3210,1000,2026-07-19 23:48:58.280948,Екатеринбург,cancelled,6,18212.44,5463.731999999999,2026-07,2026,3
3270,917,2026-07-19 23:48:58.280948,Нижний Новгород,completed,1,14463.68,4339.104,2026-07,2026,3
2871,249,2026-07-19 23:48:58.280948,Уфа,completed,2,9261.5,2778.45,2026-07,2026,3
2813,525,2026-07-19 23:48:58.280948,Москва,completed,7,20037.32,6011.196,2026-07,2026,3
3069,54,2026-07-19 23:48:58.280948,Нижний Новгород,completed,9,27208.59,8162.576999999999,2026-07,2026,3
3441,304,2026-07-19 23:48:58.282485,Казань,completed,8,33685.84,10105.751999999999,2026-07,2026,3
3401,786,2026-07-19 23:48:58.282485,Нижний Новгород,completed,6,12448.7,3734.61,2026-07,2026,3
3863,486,2026-07-19 23:48:58.283920,Екатеринбург,processing,10,33585.04,10075.512,2026-07,2026,3
4038,565,2026-07-19 23:48:58.283920,Санкт-Петербург,cancelled,6,24084.07,7225.221,2026-07,2026,3
3936,88,2026-07-19 23:48:58.283920,Нижний Новгород,completed,7,39980.65,11994.195,2026-07,2026,3
4332,526,2026-07-19 23:48:58.284934,Екатеринбург,completed,3,11064.05,3319.2149999999997,2026-07,2026,3
4442,700,2026-07-19 23:48:58.284934,Ростов-на-Дону,completed,9,21535.34,6460.602,2026-07,2026,3
4947,193,2026-07-19 23:48:58.285929,Екатеринбург,cancelled,4,19121.12,5736.335999999999,2026-07,2026,3
4959,676,2026-07-19 23:48:58.285929,Новосибирск,completed,13,42003.82,12601.145999999999,2026-07,2026,3
460,632,2026-07-20 23:48:58.274623,Новосибирск,completed,11,36948.34,11084.501999999999,2026-07,2026,3
767,67,2026-07-20 23:48:58.274623,Казань,cancelled,2,14180.15,4254.045,2026-07,2026,3
365,157,2026-07-20 23:48:58.274623,Уфа,completed,4,12001.59,3600.477,2026-07,2026,3
762,134,2026-07-20 23:48:58.274623,Санкт-Петербург,completed,3,23760.78,7128.2339999999995,2026-07,2026,3
1061,510,2026-07-20 23:48:58.275959,Москва,processing,11,38063.15,11418.945,2026-07,2026,3
1750,573,2026-07-20 23:48:58.277983,Ростов-на-Дону,completed,8,34383.22,10314.966,2026-07,2026,3
2496,44,2026-07-20 23:48:58.280322,Новосибирск,completed,4,25728.809999999998,7718.642999999999,2026-07,2026,3
2543,373,2026-07-20 23:48:58.280322,Москва,completed,2,9352.68,2805.804,2026-07,2026,3
2964,795,2026-07-20 23:48:58.280948,Уфа,completed,8,30601.480000000003,9180.444000000001,2026-07,2026,3
3131,8,2026-07-20 23:48:58.280948,Санкт-Петербург,cancelled,3,12834.630000000001,3850.389,2026-07,2026,3
3787,504,2026-07-20 23:48:58.282485,Красноярск,completed,5,17928.57,5378.571,2026-07,2026,3
3465,169,2026-07-20 23:48:58.282485,Санкт-Петербург,completed,7,34203.979999999996,10261.193999999998,2026-07,2026,3
3798,368,2026-07-20 23:48:58.282485,Санкт-Петербург,completed,6,33736.770000000004,10121.031,2026-07,2026,3
4544,205,2026-07-20 23:48:58.284934,Екатеринбург,completed,8,24995.23,7498.5689999999995,2026-07,2026,3
4596,793,2026-07-20 23:48:58.284934,Самара,processing,3,17389.97,5216.991,2026-07,2026,3
4863,549,2026-07-20 23:48:58.285929,Новосибирск,completed,5,36662.270000000004,10998.681,2026-07,2026,3
4813,690,2026-07-20 23:48:58.285929,Красноярск,completed,10,41912.0,12573.6,2026-07,2026,3
1006,484,2026-07-21 23:48:58.275959,Уфа,processing,6,8215.98,2464.794,2026-07,2026,3
903,828,2026-07-21 23:48:58.275959,Уфа,completed,11,48971.56,14691.467999999999,2026-07,2026,3
1437,293,2026-07-21 23:48:58.276965,Новосибирск,completed,7,32574.0,9772.199999999999,2026-07,2026,3
1207,795,2026-07-21 23:48:58.276965,Уфа,completed,3,12918.93,3875.679,2026-07,2026,3
1687,195,2026-07-21 23:48:58.277983,Екатеринбург,processing,4,14699.47,4409.840999999999,2026-07,2026,3
1988,206,2026-07-21 23:48:58.277983,Самара,completed,3,34179.149999999994,10253.744999999997,2026-07,2026,3
1610,186,2026-07-21 23:48:58.277983,Самара,completed,5,27880.08,8364.024,2026-07,2026,3
2263,242,2026-07-21 23:48:58.279317,Новосибирск,completed,9,12026.67,3608.0009999999997,2026-07,2026,3
2465,527,2026-07-21 23:48:58.279317,Москва,cancelled,9,38770.29,11631.087,2026-07,2026,3
2268,55,2026-07-21 23:48:58.279317,Самара,completed,7,22249.9,6674.97,2026-07,2026,3
2212,37,2026-07-21 23:48:58.279317,Самара,completed,4,15563.369999999999,4669.0109999999995,2026-07,2026,3
2151,789,2026-07-21 23:48:58.279317,Красноярск,processing,7,24116.22,7234.866,2026-07,2026,3
2415,404,2026-07-21 23:48:58.279317,Ростов-на-Дону,completed,8,29064.18,8719.253999999999,2026-07,2026,3
3190,602,2026-07-21 23:48:58.280948,Казань,completed,7,23447.82,7034.346,2026-07,2026,3
3122,959,2026-07-21 23:48:58.280948,Екатеринбург,completed,9,22047.550000000003,6614.265,2026-07,2026,3
3193,809,2026-07-21 23:48:58.280948,Ростов-на-Дону,processing,5,14616.91,4385.072999999999,2026-07,2026,3
3156,402,2026-07-21 23:48:58.280948,Ростов-на-Дону,completed,6,32163.309999999998,9648.992999999999,2026-07,2026,3
2889,295,2026-07-21 23:48:58.280948,Новосибирск,completed,12,39733.38,11920.014,2026-07,2026,3
3459,977,2026-07-21 23:48:58.282485,Казань,completed,7,37579.81,11273.943,2026-07,2026,3
3405,841,2026-07-21 23:48:58.282485,Москва,cancelled,4,23405.91,7021.773,2026-07,2026,3
3532,188,2026-07-21 23:48:58.282485,Санкт-Петербург,completed,5,16636.65,4990.995,2026-07,2026,3
3711,662,2026-07-21 23:48:58.282485,Красноярск,cancelled,6,34783.83,10435.149,2026-07,2026,3
3571,622,2026-07-21 23:48:58.282485,Нижний Новгород,cancelled,7,20439.47,6131.841,2026-07,2026,3
3633,946,2026-07-21 23:48:58.282485,Нижний Новгород,cancelled,7,21770.309999999998,6531.092999999999,2026-07,2026,3
4046,513,2026-07-21 23:48:58.283920,Самара,completed,14,42523.09,12756.926999999998,2026-07,2026,3
4031,435,2026-07-21 23:48:58.283920,Москва,completed,9,62487.77,18746.331,2026-07,2026,3
3865,131,2026-07-21 23:48:58.283920,Ростов-на-Дону,completed,13,44916.740000000005,13475.022,2026-07,2026,3
4402,92,2026-07-21 23:48:58.284934,Самара,completed,7,9302.76,2790.828,2026-07,2026,3
4789,819,2026-07-21 23:48:58.285929,Санкт-Петербург,completed,11,37472.729999999996,11241.818999999998,2026-07,2026,3
4605,361,2026-07-21 23:48:58.285929,Самара,completed,4,13778.87,4133.661,2026-07,2026,3
4954,951,2026-07-21 23:48:58.285929,Красноярск,completed,9,32083.55,9625.064999999999,2026-07,2026,3
183,113,2026-07-22 23:48:58.273612,Нижний Новгород,completed,1,10825.65,3247.6949999999997,2026-07,2026,3
349,960,2026-07-22 23:48:58.274623,Самара,cancelled,8,26241.31,7872.393,2026-07,2026,3
341,850,2026-07-22 23:48:58.274623,Москва,completed,1,2134.91,640.473,2026-07,2026,3
651,522,2026-07-22 23:48:58.274623,Екатеринбург,cancelled,7,21260.92,6378.275999999999,2026-07,2026,3
1037,769,2026-07-22 23:48:58.275959,Ростов-на-Дону,completed,12,40852.45,12255.734999999999,2026-07,2026,3
865,211,2026-07-22 23:48:58.275959,Казань,completed,9,32223.18,9666.954,2026-07,2026,3
1401,264,2026-07-22 23:48:58.276965,Новосибирск,completed,4,21152.65,6345.795,2026-07,2026,3
1592,423,2026-07-22 23:48:58.277983,Нижний Новгород,completed,2,18435.309999999998,5530.592999999999,2026-07,2026,3
2211,449,2026-07-22 23:48:58.279317,Санкт-Петербург,completed,5,16295.21,4888.562999999999,2026-07,2026,3
2368,299,2026-07-22 23:48:58.279317,Санкт-Петербург,completed,10,45117.49,13535.247,2026-07,2026,3
2207,677,2026-07-22 23:48:58.279317,Ростов-на-Дону,completed,6,28069.690000000002,8420.907000000001,2026-07,2026,3
3212,350,2026-07-22 23:48:58.280948,Екатеринбург,cancelled,10,46817.4,14045.22,2026-07,2026,3
3309,867,2026-07-22 23:48:58.280948,Казань,completed,7,22159.21,6647.763,2026-07,2026,3
2858,15,2026-07-22 23:48:58.280948,Москва,completed,5,33292.41,9987.723,2026-07,2026,3
3252,602,2026-07-22 23:48:58.280948,Казань,processing,5,29311.64,8793.492,2026-07,2026,3
2860,994,2026-07-22 23:48:58.280948,Санкт-Петербург,completed,4,8626.11,2587.833,2026-07,2026,3
3046,535,2026-07-22 23:48:58.280948,Ростов-на-Дону,completed,2,14732.8,4419.839999999999,2026-07,2026,3
3825,186,2026-07-22 23:48:58.282485,Самара,processing,8,14726.74,4418.022,2026-07,2026,3
3510,531,2026-07-22 23:48:58.282485,Казань,completed,10,42591.82,12777.546,2026-07,2026,3
3484,159,2026-07-22 23:48:58.282485,Новосибирск,completed,5,28447.9,8534.37,2026-07,2026,3
3760,632,2026-07-22 23:48:58.282485,Новосибирск,cancelled,6,29651.04,8895.312,2026-07,2026,3
3698,38,2026-07-22 23:48:58.282485,Нижний Новгород,completed,1,5703.42,1711.026,2026-07,2026,3
4142,215,2026-07-22 23:48:58.283920,Москва,cancelled,7,38223.14,11466.942,2026-07,2026,3
3859,838,2026-07-22 23:48:58.283920,Казань,completed,3,34355.69,10306.707,2026-07,2026,3
4557,509,2026-07-22 23:48:58.284934,Казань,completed,7,27150.87,8145.2609999999995,2026-07,2026,3
4409,317,2026-07-22 23:48:58.284934,Уфа,completed,15,34740.12,10422.036,2026-07,2026,3
4351,302,2026-07-22 23:48:58.284934,Ростов-на-Дону,completed,1,7038.73,2111.6189999999997,2026-07,2026,3
4808,326,2026-07-22 23:48:58.285929,Самара,processing,8,22305.1,6691.53,2026-07,2026,3
69,754,2026-07-23 23:48:58.273612,Самара,completed,10,39523.32,11856.996,2026-07,2026,3
241,264,2026-07-23 23:48:58.273612,Новосибирск,completed,6,34759.78,10427.934,2026-07,2026,3
9,427,2026-07-23 23:48:58.273612,Москва,cancelled,8,23566.65,7069.995,2026-07,2026,3
39,998,2026-07-23 23:48:58.273612,Ростов-на-Дону,completed,1,5388.18,1616.454,2026-07,2026,3
523,189,2026-07-23 23:48:58.274623,Новосибирск,cancelled,6,9191.75,2757.525,2026-07,2026,3
551,144,2026-07-23 23:48:58.274623,Уфа,completed,5,21967.68,6590.304,2026-07,2026,3
775,220,2026-07-23 23:48:58.275959,Казань,completed,2,13277.1,3983.13,2026-07,2026,3
882,397,2026-07-23 23:48:58.275959,Москва,completed,11,44918.58,13475.574,2026-07,2026,3
1547,172,2026-07-23 23:48:58.276965,Санкт-Петербург,completed,8,50068.07,15020.420999999998,2026-07,2026,3
1504,375,2026-07-23 23:48:58.276965,Новосибирск,completed,8,23463.54,7039.062,2026-07,2026,3
1223,980,2026-07-23 23:48:58.276965,Москва,processing,3,26900.41,8070.123,2026-07,2026,3
1209,77,2026-07-23 23:48:58.276965,Екатеринбург,completed,8,40403.13,12120.938999999998,2026-07,2026,3
1792,91,2026-07-23 23:48:58.277983,Красноярск,completed,4,7863.5,2359.0499999999997,2026-07,2026,3
1648,581,2026-07-23 23:48:58.277983,Красноярск,processing,3,674.32,202.29600000000002,2026-07,2026,3
1656,389,2026-07-23 23:48:58.277983,Ростов-на-Дону,completed,5,17351.4,5205.42,2026-07,2026,3
1599,23,2026-07-23 23:48:58.277983,Нижний Новгород,completed,6,15745.43,4723.629,2026-07,2026,3
2168,713,2026-07-23 23:48:58.279317,Нижний Новгород,completed,5,17213.449999999997,5164.034999999999,2026-07,2026,3
2326,416,2026-07-23 23:48:58.279317,Самара,completed,1,10212.81,3063.843,2026-07,2026,3
2389,379,2026-07-23 23:48:58.279317,Санкт-Петербург,completed,14,41167.770000000004,12350.331,2026-07,2026,3
2437,205,2026-07-23 23:48:58.279317,Екатеринбург,completed,6,19688.010000000002,5906.403,2026-07,2026,3
2167,580,2026-07-23 23:48:58.279317,Екатеринбург,completed,3,1634.49,490.347,2026-07,2026,3
2518,604,2026-07-23 23:48:58.280322,Самара,completed,3,6117.6,1835.28,2026-07,2026,3
2700,657,2026-07-23 23:48:58.280322,Екатеринбург,cancelled,7,30160.440000000002,9048.132,2026-07,2026,3
2844,990,2026-07-23 23:48:58.280948,Самара,completed,11,42323.369999999995,12697.010999999999,2026-07,2026,3
3845,442,2026-07-23 23:48:58.282485,Ростов-на-Дону,completed,5,27757.79,8327.337,2026-07,2026,3
3819,524,2026-07-23 23:48:58.282485,Красноярск,completed,12,56058.2,16817.46,2026-07,2026,3
4259,440,2026-07-23 23:48:58.284934,Самара,completed,6,27789.489999999998,8336.847,2026-07,2026,3
4815,834,2026-07-23 23:48:58.285929,Новосибирск,cancelled,10,53105.24,15931.571999999998,2026-07,2026,3
44,617,2026-07-24 23:48:58.273612,Санкт-Петербург,processing,4,11548.64,3464.5919999999996,2026-07,2026,3
1095,449,2026-07-24 23:48:58.275959,Санкт-Петербург,processing,8,31324.059999999998,9397.217999999999,2026-07,2026,3
1012,324,2026-07-24 23:48:58.275959,Уфа,completed,3,3097.55,929.265,2026-07,2026,3
1488,503,2026-07-24 23:48:58.276965,Новосибирск,processing,3,9864.24,2959.272,2026-07,2026,3
1508,462,2026-07-24 23:48:58.276965,Екатеринбург,processing,6,13542.49,4062.747,2026-07,2026,3
1367,945,2026-07-24 23:48:58.276965,Уфа,processing,1,14655.23,4396.5689999999995,2026-07,2026,3
1886,642,2026-07-24 23:48:58.277983,Екатеринбург,completed,2,10031.720000000001,3009.516,2026-07,2026,3
1930,505,2026-07-24 23:48:58.277983,Новосибирск,processing,5,17090.2,5127.06,2026-07,2026,3
1695,812,2026-07-24 23:48:58.277983,Уфа,processing,9,37961.26,11388.378,2026-07,2026,3
2123,497,2026-07-24 23:48:58.279317,Ростов-на-Дону,processing,12,45191.520000000004,13557.456,2026-07,2026,3
2734,429,2026-07-24 23:48:58.280322,Новосибирск,completed,2,14498.82,4349.646,2026-07,2026,3
2713,377,2026-07-24 23:48:58.280322,Новосибирск,completed,3,9802.03,2940.609,2026-07,2026,3
2771,236,2026-07-24 23:48:58.280948,Казань,completed,4,11885.4,3565.62,2026-07,2026,3
3056,448,2026-07-24 23:48:58.280948,Новосибирск,completed,8,31622.48,9486.743999999999,2026-07,2026,3
2838,184,2026-07-24 23:48:58.280948,Нижний Новгород,completed,2,16672.24,5001.6720000000005,2026-07,2026,3
3021,221,2026-07-24 23:48:58.280948,Казань,cancelled,10,49943.65,14983.095,2026-07,2026,3
3528,499,2026-07-24 23:48:58.282485,Екатеринбург,processing,6,12288.59,3686.5769999999998,2026-07,2026,3
3744,469,2026-07-24 23:48:58.282485,Самара,completed,8,30955.38,9286.614,2026-07,2026,3
3456,330,2026-07-24 23:48:58.282485,Санкт-Петербург,completed,6,14673.35,4402.005,2026-07,2026,3
3916,508,2026-07-24 23:48:58.283920,Казань,completed,1,8166.33,2449.899,2026-07,2026,3
4098,88,2026-07-24 23:48:58.283920,Нижний Новгород,cancelled,9,40636.27,12190.881,2026-07,2026,3
4006,154,2026-07-24 23:48:58.283920,Екатеринбург,completed,5,18998.01,5699.402999999999,2026-07,2026,3
4212,269,2026-07-24 23:48:58.284934,Екатеринбург,completed,3,14112.75,4233.825,2026-07,2026,3
4522,675,2026-07-24 23:48:58.284934,Санкт-Петербург,processing,3,11416.92,3425.076,2026-07,2026,3
4258,118,2026-07-24 23:48:58.284934,Москва,completed,10,40386.32,12115.895999999999,2026-07,2026,3
4447,559,2026-07-24 23:48:58.284934,Красноярск,completed,9,32715.75,9814.725,2026-07,2026,3
4761,138,2026-07-24 23:48:58.285929,Новосибирск,cancelled,3,2362.26,708.678,2026-07,2026,3
4742,922,2026-07-24 23:48:58.285929,Красноярск,completed,1,7840.07,2352.0209999999997,2026-07,2026,3
4827,673,2026-07-24 23:48:58.285929,Нижний Новгород,completed,10,32235.59,9670.677,2026-07,2026,3
230,428,2026-07-25 23:48:58.273612,Новосибирск,completed,5,13278.64,3983.5919999999996,2026-07,2026,3
390,441,2026-07-25 23:48:58.274623,Уфа,completed,10,26629.15,7988.745,2026-07,2026,3
814,735,2026-07-25 23:48:58.275959,Новосибирск,completed,11,33720.05,10116.015000000001,2026-07,2026,3
951,457,2026-07-25 23:48:58.275959,Новосибирск,completed,8,30177.73,9053.319,2026-07,2026,3
831,131,2026-07-25 23:48:58.275959,Ростов-на-Дону,cancelled,5,51407.28,15422.184,2026-07,2026,3
1473,568,2026-07-25 23:48:58.276965,Екатеринбург,completed,1,14075.03,4222.509,2026-07,2026,3
1208,460,2026-07-25 23:48:58.276965,Москва,cancelled,3,28454.17,8536.250999999998,2026-07,2026,3
1868,26,2026-07-25 23:48:58.277983,Самара,completed,11,29029.58,8708.874,2026-07,2026,3
2005,402,2026-07-25 23:48:58.277983,Ростов-на-Дону,cancelled,1,13656.52,4096.956,2026-07,2026,3
1689,641,2026-07-25 23:48:58.277983,Ростов-на-Дону,processing,2,8055.1,2416.53,2026-07,2026,3
2179,403,2026-07-25 23:48:58.279317,Самара,cancelled,10,31734.93,9520.479,2026-07,2026,3
2652,564,2026-07-25 23:48:58.280322,Санкт-Петербург,cancelled,3,9416.6,2824.98,2026-07,2026,3
2571,34,2026-07-25 23:48:58.280322,Екатеринбург,processing,8,34994.68,10498.404,2026-07,2026,3
2558,996,2026-07-25 23:48:58.280322,Казань,completed,10,42485.78,12745.733999999999,2026-07,2026,3
3236,252,2026-07-25 23:48:58.280948,Красноярск,completed,7,22488.57,6746.571,2026-07,2026,3
3237,23,2026-07-25 23:48:58.280948,Нижний Новгород,completed,11,37125.8,11137.74,2026-07,2026,3
3263,476,2026-07-25 23:48:58.280948,Москва,completed,3,7550.88,2265.264,2026-07,2026,3
2755,595,2026-07-25 23:48:58.280948,Казань,completed,3,19984.32,5995.295999999999,2026-07,2026,3
3332,567,2026-07-25 23:48:58.280948,Казань,completed,5,21492.35,6447.704999999999,2026-07,2026,3
3387,103,2026-07-25 23:48:58.282485,Казань,completed,7,31856.550000000003,9556.965,2026-07,2026,3
3392,367,2026-07-25 23:48:58.282485,Ростов-на-Дону,completed,11,18717.63,5615.289,2026-07,2026,3
3360,256,2026-07-25 23:48:58.282485,Нижний Новгород,processing,7,44417.33,13325.199,2026-07,2026,3
3466,435,2026-07-25 23:48:58.282485,Москва,processing,3,3250.2599999999998,975.0779999999999,2026-07,2026,3
3957,155,2026-07-25 23:48:58.283920,Самара,completed,5,9434.9,2830.47,2026-07,2026,3
4151,949,2026-07-25 23:48:58.283920,Казань,completed,8,19602.47,5880.741,2026-07,2026,3
4113,651,2026-07-25 23:48:58.283920,Москва,completed,5,21126.079999999998,6337.824,2026-07,2026,3
3921,907,2026-07-25 23:48:58.283920,Казань,completed,6,19036.190000000002,5710.857000000001,2026-07,2026,3
3917,190,2026-07-25 23:48:58.283920,Екатеринбург,completed,4,8528.7,2558.61,2026-07,2026,3
4075,73,2026-07-25 23:48:58.283920,Екатеринбург,cancelled,8,18738.11,5621.433,2026-07,2026,3
4376,22,2026-07-25 23:48:58.284934,Санкт-Петербург,completed,2,12715.53,3814.659,2026-07,2026,3
4222,926,2026-07-25 23:48:58.284934,Екатеринбург,cancelled,7,15557.85,4667.355,2026-07,2026,3
4672,868,2026-07-25 23:48:58.285929,Уфа,completed,3,21478.48,6443.544,2026-07,2026,3
4822,728,2026-07-25 23:48:58.285929,Красноярск,completed,11,42707.39,12812.216999999999,2026-07,2026,3
4836,119,2026-07-25 23:48:58.285929,Санкт-Петербург,completed,5,10781.72,3234.5159999999996,2026-07,2026,3
4774,776,2026-07-25 23:48:58.285929,Самара,completed,6,30341.5,9102.449999999999,2026-07,2026,3
76,463,2026-07-26 23:48:58.273612,Москва,cancelled,5,14471.88,4341.563999999999,2026-07,2026,3
192,322,2026-07-26 23:48:58.273612,Новосибирск,completed,7,24404.57,7321.371,2026-07,2026,3
756,840,2026-07-26 23:48:58.274623,Нижний Новгород,completed,9,31938.4,9581.52,2026-07,2026,3
324,934,2026-07-26 23:48:58.274623,Ростов-на-Дону,cancelled,7,12989.32,3896.796,2026-07,2026,3
774,437,2026-07-26 23:48:58.274623,Ростов-на-Дону,completed,3,20130.19,6039.057,2026-07,2026,3
538,633,2026-07-26 23:48:58.274623,Екатеринбург,cancelled,12,32919.259999999995,9875.777999999998,2026-07,2026,3
549,954,2026-07-26 23:48:58.274623,Ростов-на-Дону,processing,1,13185.02,3955.506,2026-07,2026,3
922,39,2026-07-26 23:48:58.275959,Нижний Новгород,completed,9,29160.11,8748.033,2026-07,2026,3
829,835,2026-07-26 23:48:58.275959,Красноярск,completed,9,24635.73,7390.718999999999,2026-07,2026,3
825,325,2026-07-26 23:48:58.275959,Новосибирск,cancelled,7,20826.57,6247.971,2026-07,2026,3
808,317,2026-07-26 23:48:58.275959,Уфа,completed,3,9504.25,2851.275,2026-07,2026,3
942,30,2026-07-26 23:48:58.275959,Красноярск,completed,6,24910.91,7473.272999999999,2026-07,2026,3
800,958,2026-07-26 23:48:58.275959,Уфа,completed,10,30902.15,9270.645,2026-07,2026,3
1344,584,2026-07-26 23:48:58.276965,Самара,completed,8,21656.54,6496.962,2026-07,2026,3
1434,969,2026-07-26 23:48:58.276965,Красноярск,cancelled,10,36329.39,10898.817,2026-07,2026,3
2121,379,2026-07-26 23:48:58.279317,Санкт-Петербург,completed,5,9305.44,2791.632,2026-07,2026,3
2384,997,2026-07-26 23:48:58.279317,Красноярск,cancelled,7,30174.43,9052.329,2026-07,2026,3
2257,245,2026-07-26 23:48:58.279317,Нижний Новгород,processing,8,45973.26,13791.978000000001,2026-07,2026,3
2241,608,2026-07-26 23:48:58.279317,Санкт-Петербург,completed,11,20403.11,6120.933,2026-07,2026,3
2340,376,2026-07-26 23:48:58.279317,Красноярск,cancelled,8,46045.34,13813.601999999999,2026-07,2026,3
3478,567,2026-07-26 23:48:58.282485,Казань,completed,8,34490.45,10347.134999999998,2026-07,2026,3
3359,628,2026-07-26 23:48:58.282485,Красноярск,completed,5,11115.779999999999,3334.7339999999995,2026-07,2026,3
4014,619,2026-07-26 23:48:58.283920,Екатеринбург,processing,5,18123.95,5437.185,2026-07,2026,3
4186,400,2026-07-26 23:48:58.283920,Уфа,completed,6,21092.69,6327.807,2026-07,2026,3
4534,922,2026-07-26 23:48:58.284934,Красноярск,cancelled,6,27193.940000000002,8158.182000000001,2026-07,2026,3
4242,257,2026-07-26 23:48:58.284934,Красноярск,completed,4,14121.83,4236.549,2026-07,2026,3
4439,319,2026-07-26 23:48:58.284934,Казань,processing,11,13630.09,4089.027,2026-07,2026,3
110,158,2026-07-27 23:48:58.273612,Самара,cancelled,10,52793.47,15838.041,2026-07,2026,3
404,720,2026-07-27 23:48:58.274623,Нижний Новгород,completed,2,13928.81,4178.643,2026-07,2026,3
1082,663,2026-07-27 23:48:58.275959,Казань,completed,6,40640.23,12192.069000000001,2026-07,2026,3
857,351,2026-07-27 23:48:58.275959,Самара,completed,6,21314.08,6394.224,2026-07,2026,3
1440,630,2026-07-27 23:48:58.276965,Новосибирск,cancelled,5,26699.93,8009.978999999999,2026-07,2026,3
1560,540,2026-07-27 23:48:58.276965,Ростов-на-Дону,completed,8,41347.59,12404.276999999998,2026-07,2026,3
1880,787,2026-07-27 23:48:58.277983,Ростов-на-Дону,completed,5,37789.38,11336.813999999998,2026-07,2026,3
2110,593,2026-07-27 23:48:58.279317,Самара,processing,2,4912.67,1473.801,2026-07,2026,3
2299,429,2026-07-27 23:48:58.279317,Новосибирск,completed,6,24070.36,7221.108,2026-07,2026,3
2302,928,2026-07-27 23:48:58.279317,Красноярск,processing,8,23908.11,7172.433,2026-07,2026,3
2232,626,2026-07-27 23:48:58.279317,Казань,processing,14,46786.72,14036.016,2026-07,2026,3
2720,873,2026-07-27 23:48:58.280322,Санкт-Петербург,completed,5,27970.690000000002,8391.207,2026-07,2026,3
2596,346,2026-07-27 23:48:58.280322,Уфа,completed,9,23347.460000000003,7004.238,2026-07,2026,3
2542,105,2026-07-27 23:48:58.280322,Ростов-на-Дону,completed,3,10543.439999999999,3163.0319999999997,2026-07,2026,3
2781,855,2026-07-27 23:48:58.280948,Санкт-Петербург,cancelled,1,12318.89,3695.6669999999995,2026-07,2026,3
3063,695,2026-07-27 23:48:58.280948,Казань,completed,2,9006.14,2701.8419999999996,2026-07,2026,3
3085,554,2026-07-27 23:48:58.280948,Екатеринбург,completed,2,13368.2,4010.46,2026-07,2026,3
3646,862,2026-07-27 23:48:58.282485,Красноярск,completed,9,64283.28,19284.984,2026-07,2026,3
3389,401,2026-07-27 23:48:58.282485,Нижний Новгород,completed,1,3129.11,938.733,2026-07,2026,3
3521,7,2026-07-27 23:48:58.282485,Москва,completed,2,6716.0,2014.8,2026-07,2026,3
3889,122,2026-07-27 23:48:58.283920,Екатеринбург,completed,6,2748.88,824.664,2026-07,2026,3
4180,344,2026-07-27 23:48:58.283920,Нижний Новгород,processing,7,9556.05,2866.8149999999996,2026-07,2026,3
4371,245,2026-07-27 23:48:58.284934,Нижний Новгород,completed,3,24081.48,7224.4439999999995,2026-07,2026,3
4307,716,2026-07-27 23:48:58.284934,Самара,completed,3,14065.66,4219.697999999999,2026-07,2026,3
4277,464,2026-07-27 23:48:58.284934,Екатеринбург,processing,7,32600.36,9780.108,2026-07,2026,3
4781,230,2026-07-27 23:48:58.285929,Казань,completed,10,31010.379999999997,9303.114,2026-07,2026,3
4905,575,2026-07-27 23:48:58.285929,Казань,completed,4,15650.49,4695.147,2026-07,2026,3
274,154,2026-07-28 23:48:58.273612,Екатеринбург,completed,9,46880.119999999995,14064.035999999998,2026-07,2026,3
577,439,2026-07-28 23:48:58.274623,Красноярск,processing,8,38204.32,11461.296,2026-07,2026,3
455,65,2026-07-28 23:48:58.274623,Самара,completed,8,32533.32,9759.996,2026-07,2026,3
848,430,2026-07-28 23:48:58.275959,Ростов-на-Дону,completed,1,12711.13,3813.3389999999995,2026-07,2026,3
1116,891,2026-07-28 23:48:58.275959,Самара,completed,7,17941.5,5382.45,2026-07,2026,3
902,972,2026-07-28 23:48:58.275959,Уфа,completed,9,30322.53,9096.759,2026-07,2026,3
1090,665,2026-07-28 23:48:58.275959,Ростов-на-Дону,completed,2,3078.26,923.4780000000001,2026-07,2026,3
1143,919,2026-07-28 23:48:58.275959,Уфа,completed,10,36518.02,10955.405999999999,2026-07,2026,3
1536,890,2026-07-28 23:48:58.276965,Екатеринбург,cancelled,7,47237.17,14171.151,2026-07,2026,3
1377,271,2026-07-28 23:48:58.276965,Ростов-на-Дону,cancelled,3,12453.51,3736.053,2026-07,2026,3
1352,451,2026-07-28 23:48:58.276965,Казань,completed,14,49531.03,14859.309,2026-07,2026,3
1366,58,2026-07-28 23:48:58.276965,Новосибирск,completed,4,10049.8,3014.9399999999996,2026-07,2026,3
1961,863,2026-07-28 23:48:58.277983,Уфа,processing,8,35255.67,10576.701,2026-07,2026,3
1860,473,2026-07-28 23:48:58.277983,Санкт-Петербург,completed,8,32581.85,9774.554999999998,2026-07,2026,3
1626,16,2026-07-28 23:48:58.277983,Казань,completed,10,40551.46,12165.438,2026-07,2026,3
2133,54,2026-07-28 23:48:58.279317,Нижний Новгород,completed,7,21349.23,6404.768999999999,2026-07,2026,3
2381,980,2026-07-28 23:48:58.279317,Москва,processing,3,11448.13,3434.439,2026-07,2026,3
2467,771,2026-07-28 23:48:58.279317,Ростов-на-Дону,processing,5,15251.82,4575.545999999999,2026-07,2026,3
3260,67,2026-07-28 23:48:58.280948,Казань,processing,1,6810.5,2043.1499999999999,2026-07,2026,3
2948,412,2026-07-28 23:48:58.280948,Ростов-на-Дону,completed,5,27163.58,8149.0740000000005,2026-07,2026,3
2867,120,2026-07-28 23:48:58.280948,Нижний Новгород,completed,5,22716.94,6815.081999999999,2026-07,2026,3
3160,202,2026-07-28 23:48:58.280948,Екатеринбург,completed,8,18450.03,5535.008999999999,2026-07,2026,3
3039,887,2026-07-28 23:48:58.280948,Екатеринбург,cancelled,9,33701.29,10110.387,2026-07,2026,3
3372,462,2026-07-28 23:48:58.282485,Екатеринбург,completed,2,10705.15,3211.5449999999996,2026-07,2026,3
3408,172,2026-07-28 23:48:58.282485,Санкт-Петербург,completed,8,30189.92,9056.975999999999,2026-07,2026,3
3471,387,2026-07-28 23:48:58.282485,Москва,completed,6,39854.1,11956.23,2026-07,2026,3
4140,560,2026-07-28 23:48:58.283920,Новосибирск,processing,6,13879.380000000001,4163.814,2026-07,2026,3
4253,461,2026-07-28 23:48:58.284934,Уфа,completed,7,29972.940000000002,8991.882,2026-07,2026,3
4334,434,2026-07-28 23:48:58.284934,Самара,cancelled,12,48696.75,14609.025,2026-07,2026,3
4245,320,2026-07-28 23:48:58.284934,Самара,completed,5,26329.71,7898.913,2026-07,2026,3
4936,666,2026-07-28 23:48:58.285929,Новосибирск,completed,7,20889.170000000002,6266.751,2026-07,2026,3
4925,125,2026-07-28 23:48:58.285929,Красноярск,completed,7,33067.01,9920.103000000001,2026-07,2026,3
4853,587,2026-07-28 23:48:58.285929,Самара,processing,4,15401.150000000001,4620.345,2026-07,2026,3
4743,16,2026-07-28 23:48:58.285929,Казань,completed,5,20854.89,6256.467,2026-07,2026,3
4748,707,2026-07-28 23:48:58.285929,Екатеринбург,completed,12,33216.12,9964.836000000001,2026-07,2026,3
101,169,2026-07-29 23:48:58.273612,Санкт-Петербург,completed,3,6155.91,1846.773,2026-07,2026,3
683,12,2026-07-29 23:48:58.274623,Уфа,completed,6,19968.06,5990.418000000001,2026-07,2026,3
417,307,2026-07-29 23:48:58.274623,Ростов-на-Дону,processing,5,37732.17,11319.651,2026-07,2026,3
956,51,2026-07-29 23:48:58.275959,Нижний Новгород,processing,5,15339.32,4601.795999999999,2026-07,2026,3
953,353,2026-07-29 23:48:58.275959,Ростов-на-Дону,completed,1,8198.28,2459.484,2026-07,2026,3
1285,146,2026-07-29 23:48:58.276965,Уфа,completed,7,42790.17,12837.051,2026-07,2026,3
1213,134,2026-07-29 23:48:58.276965,Санкт-Петербург,processing,1,8666.42,2599.926,2026-07,2026,3
1187,274,2026-07-29 23:48:58.276965,Казань,completed,5,16083.24,4824.972,2026-07,2026,3
1872,816,2026-07-29 23:48:58.277983,Екатеринбург,cancelled,11,23206.97,6962.091,2026-07,2026,3
2173,264,2026-07-29 23:48:58.279317,Новосибирск,completed,3,10901.54,3270.462,2026-07,2026,3
2322,313,2026-07-29 23:48:58.279317,Самара,cancelled,8,26122.85,7836.855,2026-07,2026,3
2393,999,2026-07-29 23:48:58.279317,Екатеринбург,processing,11,13730.21,4119.062999999999,2026-07,2026,3
2382,947,2026-07-29 23:48:58.279317,Красноярск,cancelled,3,9374.75,2812.4249999999997,2026-07,2026,3
2694,845,2026-07-29 23:48:58.280322,Новосибирск,cancelled,2,4453.33,1335.999,2026-07,2026,3
2688,216,2026-07-29 23:48:58.280322,Санкт-Петербург,completed,1,4132.93,1239.8790000000001,2026-07,2026,3
2899,819,2026-07-29 23:48:58.280948,Санкт-Петербург,processing,11,30730.7,9219.21,2026-07,2026,3
3095,47,2026-07-29 23:48:58.280948,Уфа,cancelled,6,15772.18,4731.6539999999995,2026-07,2026,3
3705,926,2026-07-29 23:48:58.282485,Екатеринбург,completed,5,4285.7699999999995,1285.7309999999998,2026-07,2026,3
3638,671,2026-07-29 23:48:58.282485,Самара,processing,1,7172.79,2151.837,2026-07,2026,3
3938,836,2026-07-29 23:48:58.283920,Москва,completed,6,25111.86,7533.558,2026-07,2026,3
4058,145,2026-07-29 23:48:58.283920,Москва,processing,4,28673.11,8601.932999999999,2026-07,2026,3
4124,706,2026-07-29 23:48:58.283920,Красноярск,cancelled,3,27154.52,8146.356,2026-07,2026,3
4547,760,2026-07-29 23:48:58.284934,Нижний Новгород,completed,2,835.15,250.545,2026-07,2026,3
4866,821,2026-07-29 23:48:58.285929,Красноярск,completed,13,29263.79,8779.137,2026-07,2026,3
56,696,2026-07-30 23:48:58.273612,Москва,completed,5,23301.37,6990.410999999999,2026-07,2026,3
81,872,2026-07-30 23:48:58.273612,Казань,cancelled,3,19250.25,5775.075,2026-07,2026,3
137,782,2026-07-30 23:48:58.273612,Москва,completed,12,48020.729999999996,14406.219,2026-07,2026,3
614,310,2026-07-30 23:48:58.274623,Москва,completed,2,9185.52,2755.656,2026-07,2026,3
695,377,2026-07-30 23:48:58.274623,Новосибирск,completed,8,29681.02,8904.306,2026-07,2026,3
1017,591,2026-07-30 23:48:58.275959,Ростов-на-Дону,completed,5,10402.7,3120.81,2026-07,2026,3
795,998,2026-07-30 23:48:58.275959,Ростов-на-Дону,completed,2,15760.869999999999,4728.2609999999995,2026-07,2026,3
1092,61,2026-07-30 23:48:58.275959,Красноярск,completed,9,40574.61,12172.383,2026-07,2026,3
822,140,2026-07-30 23:48:58.275959,Казань,cancelled,3,17694.27,5308.281,2026-07,2026,3
939,528,2026-07-30 23:48:58.275959,Казань,completed,1,3682.16,1104.648,2026-07,2026,3
1114,957,2026-07-30 23:48:58.275959,Самара,processing,6,26762.730000000003,8028.819,2026-07,2026,3
1272,486,2026-07-30 23:48:58.276965,Екатеринбург,processing,3,7280.35,2184.105,2026-07,2026,3
1330,457,2026-07-30 23:48:58.276965,Новосибирск,completed,8,49947.87,14984.361,2026-07,2026,3
1355,192,2026-07-30 23:48:58.276965,Новосибирск,completed,12,22192.73,6657.8189999999995,2026-07,2026,3
1797,763,2026-07-30 23:48:58.277983,Уфа,completed,5,19277.8,5783.339999999999,2026-07,2026,3
1697,674,2026-07-30 23:48:58.277983,Санкт-Петербург,processing,6,13767.470000000001,4130.241,2026-07,2026,3
1878,973,2026-07-30 23:48:58.277983,Уфа,completed,1,8826.65,2647.995,2026-07,2026,3
2271,181,2026-07-30 23:48:58.279317,Екатеринбург,cancelled,2,14652.58,4395.773999999999,2026-07,2026,3
2649,207,2026-07-30 23:48:58.280322,Москва,completed,2,3823.76,1147.128,2026-07,2026,3
2909,694,2026-07-30 23:48:58.280948,Ростов-на-Дону,completed,3,37566.990000000005,11270.097000000002,2026-07,2026,3
2903,205,2026-07-30 23:48:58.280948,Екатеринбург,processing,7,23652.34,7095.702,2026-07,2026,3
3341,401,2026-07-30 23:48:58.280948,Нижний Новгород,completed,3,8623.99,2587.1969999999997,2026-07,2026,3
3365,246,2026-07-30 23:48:58.282485,Санкт-Петербург,completed,5,16213.89,4864.1669999999995,2026-07,2026,3
3627,935,2026-07-30 23:48:58.282485,Нижний Новгород,completed,11,28341.35,8502.404999999999,2026-07,2026,3
4002,892,2026-07-30 23:48:58.283920,Москва,completed,6,17475.33,5242.599,2026-07,2026,3
4092,385,2026-07-30 23:48:58.283920,Казань,processing,11,40669.64,12200.892,2026-07,2026,3
4529,873,2026-07-30 23:48:58.284934,Санкт-Петербург,completed,7,40869.7,12260.909999999998,2026-07,2026,3
4571,894,2026-07-30 23:48:58.284934,Санкт-Петербург,completed,4,13852.93,4155.879,2026-07,2026,3
4510,10,2026-07-30 23:48:58.284934,Красноярск,completed,4,15377.189999999999,4613.156999999999,2026-07,2026,3
100,531,2026-07-31 23:48:58.273612,Казань,completed,6,14768.54,4430.562,2026-07,2026,3
484,675,2026-07-31 23:48:58.274623,Санкт-Петербург,cancelled,6,20809.12,6242.736,2026-07,2026,3
671,998,2026-07-31 23:48:58.274623,Ростов-на-Дону,processing,1,2384.82,715.446,2026-07,2026,3
1052,719,2026-07-31 23:48:58.275959,Москва,completed,6,27099.17,8129.750999999999,2026-07,2026,3
1254,703,2026-07-31 23:48:58.276965,Красноярск,completed,2,11136.45,3340.935,2026-07,2026,3
1481,365,2026-07-31 23:48:58.276965,Нижний Новгород,completed,4,10757.55,3227.265,2026-07,2026,3
1216,960,2026-07-31 23:48:58.276965,Самара,completed,10,40238.049999999996,12071.414999999999,2026-07,2026,3
1574,267,2026-07-31 23:48:58.277983,Нижний Новгород,completed,6,36754.86,11026.458,2026-07,2026,3
1810,587,2026-07-31 23:48:58.277983,Самара,completed,8,30460.410000000003,9138.123000000001,2026-07,2026,3
2126,957,2026-07-31 23:48:58.279317,Самара,completed,1,13501.27,4050.381,2026-07,2026,3
2822,703,2026-07-31 23:48:58.280948,Красноярск,completed,3,11398.76,3419.628,2026-07,2026,3
3391,280,2026-07-31 23:48:58.282485,Москва,completed,3,556.62,166.986,2026-07,2026,3
3738,526,2026-07-31 23:48:58.282485,Екатеринбург,cancelled,6,12982.49,3894.747,2026-07,2026,3
3790,8,2026-07-31 23:48:58.282485,Санкт-Петербург,cancelled,8,40889.13,12266.739,2026-07,2026,3
3810,130,2026-07-31 23:48:58.282485,Ростов-на-Дону,completed,7,13301.25,3990.375,2026-07,2026,3
3818,633,2026-07-31 23:48:58.282485,Екатеринбург,cancelled,7,19082.739999999998,5724.821999999999,2026-07,2026,3
3864,739,2026-07-31 23:48:58.283920,Ростов-на-Дону,completed,8,20067.73,6020.3189999999995,2026-07,2026,3
4012,114,2026-07-31 23:48:58.283920,Красноярск,completed,3,9983.7,2995.11,2026-07,2026,3
4105,559,2026-07-31 23:48:58.283920,Красноярск,completed,8,25583.87,7675.160999999999,2026-07,2026,3
4231,525,2026-07-31 23:48:58.284934,Москва,completed,5,14566.619999999999,4369.986,2026-07,2026,3
4476,873,2026-07-31 23:48:58.284934,Санкт-Петербург,completed,7,35217.270000000004,10565.181,2026-07,2026,3
4960,607,2026-07-31 23:48:58.285929,Ростов-на-Дону,completed,3,10101.04,3030.3120000000004,2026-07,2026,3
637,767,2026-08-01 23:48:58.274623,Новосибирск,completed,1,6522.84,1956.8519999999999,2026-08,2026,3
701,393,2026-08-01 23:48:58.274623,Екатеринбург,completed,6,24999.649999999998,7499.894999999999,2026-08,2026,3
379,70,2026-08-01 23:48:58.274623,Санкт-Петербург,completed,5,12980.69,3894.207,2026-08,2026,3
1009,56,2026-08-01 23:48:58.275959,Самара,completed,6,18715.69,5614.706999999999,2026-08,2026,3
980,193,2026-08-01 23:48:58.275959,Екатеринбург,processing,4,13979.699999999999,4193.91,2026-08,2026,3
1071,506,2026-08-01 23:48:58.275959,Санкт-Петербург,completed,10,32870.68,9861.204,2026-08,2026,3
1513,150,2026-08-01 23:48:58.276965,Самара,completed,1,13101.38,3930.4139999999998,2026-08,2026,3
1736,579,2026-08-01 23:48:58.277983,Москва,completed,5,12835.050000000001,3850.5150000000003,2026-08,2026,3
1958,993,2026-08-01 23:48:58.277983,Красноярск,completed,3,4157.79,1247.337,2026-08,2026,3
1826,281,2026-08-01 23:48:58.277983,Екатеринбург,completed,10,42918.05,12875.415,2026-08,2026,3
1804,231,2026-08-01 23:48:58.277983,Казань,completed,7,32389.71,9716.912999999999,2026-08,2026,3
2269,816,2026-08-01 23:48:58.279317,Екатеринбург,cancelled,8,34203.91,10261.173,2026-08,2026,3
3253,302,2026-08-01 23:48:58.280948,Ростов-на-Дону,completed,10,40757.09,12227.126999999999,2026-08,2026,3
3302,780,2026-08-01 23:48:58.280948,Нижний Новгород,completed,9,33298.880000000005,9989.664,2026-08,2026,3
2770,194,2026-08-01 23:48:58.280948,Самара,completed,2,9929.19,2978.757,2026-08,2026,3
2917,918,2026-08-01 23:48:58.280948,Нижний Новгород,cancelled,9,45336.6,13600.98,2026-08,2026,3
3966,883,2026-08-01 23:48:58.283920,Нижний Новгород,cancelled,3,19221.92,5766.575999999999,2026-08,2026,3
4054,166,2026-08-01 23:48:58.283920,Уфа,cancelled,7,47351.86,14205.557999999999,2026-08,2026,3
4051,515,2026-08-01 23:48:58.283920,Екатеринбург,completed,3,6612.179999999999,1983.6539999999998,2026-08,2026,3
4712,673,2026-08-01 23:48:58.285929,Нижний Новгород,completed,7,29525.4,8857.62,2026-08,2026,3
4706,953,2026-08-01 23:48:58.285929,Самара,processing,2,22453.1,6735.929999999999,2026-08,2026,3
4883,942,2026-08-01 23:48:58.285929,Екатеринбург,completed,5,53114.43,15934.329,2026-08,2026,3
4814,482,2026-08-01 23:48:58.285929,Красноярск,completed,3,3361.99,1008.5969999999999,2026-08,2026,3
4912,346,2026-08-01 23:48:58.285929,Уфа,completed,7,16052.85,4815.855,2026-08,2026,3
4763,86,2026-08-01 23:48:58.285929,Уфа,completed,8,44604.46,13381.338,2026-08,2026,3
1185,391,2026-08-02 23:48:58.276965,Красноярск,completed,6,8358.380000000001,2507.514,2026-08,2026,3
1332,894,2026-08-02 23:48:58.276965,Санкт-Петербург,cancelled,9,27362.09,8208.627,2026-08,2026,3
2051,776,2026-08-02 23:48:58.277983,Самара,cancelled,4,21514.300000000003,6454.290000000001,2026-08,2026,3
1882,167,2026-08-02 23:48:58.277983,Москва,completed,5,20853.85,6256.155,2026-08,2026,3
1763,639,2026-08-02 23:48:58.277983,Нижний Новгород,completed,9,46962.91,14088.873000000001,2026-08,2026,3
1822,326,2026-08-02 23:48:58.277983,Самара,cancelled,1,9907.8,2972.3399999999997,2026-08,2026,3
1818,441,2026-08-02 23:48:58.277983,Уфа,cancelled,4,24656.5,7396.95,2026-08,2026,3
1900,190,2026-08-02 23:48:58.277983,Екатеринбург,completed,3,6045.46,1813.638,2026-08,2026,3
2401,683,2026-08-02 23:48:58.279317,Нижний Новгород,processing,2,5426.89,1628.067,2026-08,2026,3
2361,714,2026-08-02 23:48:58.279317,Ростов-на-Дону,completed,1,5744.61,1723.3829999999998,2026-08,2026,3
2125,87,2026-08-02 23:48:58.279317,Новосибирск,processing,1,2347.22,704.1659999999999,2026-08,2026,3
2505,93,2026-08-02 23:48:58.280322,Санкт-Петербург,cancelled,4,14094.14,4228.241999999999,2026-08,2026,3
2735,812,2026-08-02 23:48:58.280322,Уфа,completed,6,36306.5,10891.949999999999,2026-08,2026,3
2676,901,2026-08-02 23:48:58.280322,Красноярск,completed,4,20871.66,6261.498,2026-08,2026,3
2778,888,2026-08-02 23:48:58.280948,Москва,completed,1,9935.35,2980.605,2026-08,2026,3
2992,101,2026-08-02 23:48:58.280948,Казань,cancelled,3,16087.21,4826.163,2026-08,2026,3
2958,626,2026-08-02 23:48:58.280948,Казань,cancelled,1,13542.93,4062.879,2026-08,2026,3
3644,695,2026-08-02 23:48:58.282485,Казань,completed,4,31143.7,9343.11,2026-08,2026,3
3610,324,2026-08-02 23:48:58.282485,Уфа,completed,7,17697.35,5309.204999999999,2026-08,2026,3
3829,197,2026-08-02 23:48:58.282485,Уфа,completed,12,32138.89,9641.667,2026-08,2026,3
4129,632,2026-08-02 23:48:58.283920,Новосибирск,completed,12,31657.29,9497.187,2026-08,2026,3
4336,105,2026-08-02 23:48:58.284934,Ростов-на-Дону,completed,13,41955.5,12586.65,2026-08,2026,3
4385,774,2026-08-02 23:48:58.284934,Екатеринбург,completed,11,42791.83,12837.549,2026-08,2026,3
4740,518,2026-08-02 23:48:58.285929,Самара,processing,6,43171.16,12951.348,2026-08,2026,3
6,248,2026-08-03 23:48:58.273612,Уфа,completed,8,24997.12,7499.1359999999995,2026-08,2026,3
591,502,2026-08-03 23:48:58.274623,Самара,processing,4,11056.9,3317.0699999999997,2026-08,2026,3
333,879,2026-08-03 23:48:58.274623,Красноярск,completed,3,23448.94,7034.682,2026-08,2026,3
508,852,2026-08-03 23:48:58.274623,Красноярск,completed,1,540.54,162.16199999999998,2026-08,2026,3
728,996,2026-08-03 23:48:58.274623,Казань,cancelled,10,44190.23,13257.069000000001,2026-08,2026,3
320,310,2026-08-03 23:48:58.274623,Москва,cancelled,5,27425.14,8227.542,2026-08,2026,3
923,413,2026-08-03 23:48:58.275959,Красноярск,processing,6,30082.989999999998,9024.896999999999,2026-08,2026,3
2429,89,2026-08-03 23:48:58.279317,Казань,completed,3,12915.75,3874.725,2026-08,2026,3
2225,754,2026-08-03 23:48:58.279317,Самара,completed,8,53694.350000000006,16108.305,2026-08,2026,3
2668,224,2026-08-03 23:48:58.280322,Новосибирск,completed,6,8845.539999999999,2653.662,2026-08,2026,3
2540,123,2026-08-03 23:48:58.280322,Самара,completed,8,35175.21,10552.563,2026-08,2026,3
3084,209,2026-08-03 23:48:58.280948,Москва,completed,6,7167.46,2150.238,2026-08,2026,3
3018,811,2026-08-03 23:48:58.280948,Москва,completed,1,10190.25,3057.075,2026-08,2026,3
3739,130,2026-08-03 23:48:58.282485,Ростов-на-Дону,completed,3,2806.22,841.8659999999999,2026-08,2026,3
3518,834,2026-08-03 23:48:58.282485,Новосибирск,completed,4,20509.61,6152.883,2026-08,2026,3
3460,650,2026-08-03 23:48:58.282485,Ростов-на-Дону,completed,4,13607.48,4082.2439999999997,2026-08,2026,3
3992,472,2026-08-03 23:48:58.283920,Самара,processing,8,37822.06,11346.617999999999,2026-08,2026,3
3923,72,2026-08-03 23:48:58.283920,Самара,completed,10,33605.37,10081.611,2026-08,2026,3
3932,275,2026-08-03 23:48:58.283920,Ростов-на-Дону,cancelled,3,8636.36,2590.908,2026-08,2026,3
4211,110,2026-08-03 23:48:58.284934,Уфа,completed,2,22288.72,6686.616,2026-08,2026,3
4207,85,2026-08-03 23:48:58.284934,Екатеринбург,cancelled,2,13327.619999999999,3998.2859999999996,2026-08,2026,3
4430,278,2026-08-03 23:48:58.284934,Красноярск,cancelled,10,45925.05,13777.515000000001,2026-08,2026,3
4634,382,2026-08-03 23:48:58.285929,Нижний Новгород,completed,3,5112.91,1533.8729999999998,2026-08,2026,3
4903,341,2026-08-03 23:48:58.285929,Москва,cancelled,2,20887.28,6266.183999999999,2026-08,2026,3
4971,151,2026-08-03 23:48:58.285929,Ростов-на-Дону,completed,5,28071.71,8421.512999999999,2026-08,2026,3
4984,729,2026-08-03 23:48:58.285929,Екатеринбург,completed,1,1014.45,304.335,2026-08,2026,3
221,698,2026-08-04 23:48:58.273612,Санкт-Петербург,completed,6,22014.52,6604.356,2026-08,2026,3
85,812,2026-08-04 23:48:58.273612,Уфа,completed,9,34954.479999999996,10486.344,2026-08,2026,3
65,588,2026-08-04 23:48:58.273612,Новосибирск,processing,7,31397.23,9419.169,2026-08,2026,3
248,190,2026-08-04 23:48:58.273612,Екатеринбург,completed,1,3068.05,920.4150000000001,2026-08,2026,3
214,279,2026-08-04 23:48:58.273612,Ростов-на-Дону,completed,7,41236.47,12370.941,2026-08,2026,3
760,824,2026-08-04 23:48:58.274623,Ростов-на-Дону,completed,1,5903.73,1771.119,2026-08,2026,3
482,512,2026-08-04 23:48:58.274623,Красноярск,cancelled,4,7463.43,2239.029,2026-08,2026,3
644,811,2026-08-04 23:48:58.274623,Москва,completed,4,25594.72,7678.416,2026-08,2026,3
420,394,2026-08-04 23:48:58.274623,Красноярск,cancelled,8,32108.62,9632.586,2026-08,2026,3
682,725,2026-08-04 23:48:58.274623,Красноярск,cancelled,3,1115.53,334.659,2026-08,2026,3
1081,873,2026-08-04 23:48:58.275959,Санкт-Петербург,cancelled,4,23730.68,7119.204,2026-08,2026,3
782,393,2026-08-04 23:48:58.275959,Екатеринбург,completed,3,9087.2,2726.1600000000003,2026-08,2026,3
1418,754,2026-08-04 23:48:58.276965,Самара,cancelled,5,28044.67,8413.401,2026-08,2026,3
1837,486,2026-08-04 23:48:58.277983,Екатеринбург,completed,5,16222.7,4866.81,2026-08,2026,3
2071,487,2026-08-04 23:48:58.277983,Ростов-на-Дону,completed,6,26580.17,7974.0509999999995,2026-08,2026,3
2049,223,2026-08-04 23:48:58.277983,Москва,processing,6,19307.83,5792.349,2026-08,2026,3
2239,559,2026-08-04 23:48:58.279317,Красноярск,completed,5,37103.96,11131.188,2026-08,2026,3
2325,475,2026-08-04 23:48:58.279317,Красноярск,cancelled,4,20118.059999999998,6035.417999999999,2026-08,2026,3
2473,14,2026-08-04 23:48:58.279317,Красноярск,processing,5,7849.889999999999,2354.9669999999996,2026-08,2026,3
2659,407,2026-08-04 23:48:58.280322,Казань,completed,4,23843.16,7152.947999999999,2026-08,2026,3
3322,945,2026-08-04 23:48:58.280948,Уфа,completed,5,23802.53,7140.758999999999,2026-08,2026,3
2931,839,2026-08-04 23:48:58.280948,Екатеринбург,completed,8,14561.43,4368.429,2026-08,2026,3
3313,384,2026-08-04 23:48:58.280948,Санкт-Петербург,processing,11,41263.86,12379.158,2026-08,2026,3
3029,781,2026-08-04 23:48:58.280948,Казань,processing,4,22822.91,6846.873,2026-08,2026,3
3555,412,2026-08-04 23:48:58.282485,Ростов-на-Дону,completed,8,28339.25,8501.775,2026-08,2026,3
3796,166,2026-08-04 23:48:58.282485,Уфа,completed,7,34808.19,10442.457,2026-08,2026,3
3991,870,2026-08-04 23:48:58.283920,Уфа,completed,8,35964.16,10789.248000000001,2026-08,2026,3
4078,666,2026-08-04 23:48:58.283920,Новосибирск,completed,6,47796.68,14339.003999999999,2026-08,2026,3
3995,765,2026-08-04 23:48:58.283920,Санкт-Петербург,completed,7,26029.73,7808.919,2026-08,2026,3
4007,762,2026-08-04 23:48:58.283920,Екатеринбург,cancelled,3,11920.2,3576.06,2026-08,2026,3
4234,336,2026-08-04 23:48:58.284934,Нижний Новгород,completed,9,42491.9,12747.57,2026-08,2026,3
4508,986,2026-08-04 23:48:58.284934,Нижний Новгород,completed,5,13576.970000000001,4073.0910000000003,2026-08,2026,3
4457,774,2026-08-04 23:48:58.284934,Екатеринбург,processing,9,38852.8,11655.84,2026-08,2026,3
4426,258,2026-08-04 23:48:58.284934,Санкт-Петербург,completed,7,49911.19,14973.357,2026-08,2026,3
4517,733,2026-08-04 23:48:58.284934,Москва,completed,9,53317.16,15995.148000000001,2026-08,2026,3
4929,499,2026-08-04 23:48:58.285929,Екатеринбург,cancelled,5,22261.39,6678.4169999999995,2026-08,2026,3
4631,934,2026-08-04 23:48:58.285929,Ростов-на-Дону,processing,4,25102.71,7530.812999999999,2026-08,2026,3
291,185,2026-08-05 23:48:58.273612,Санкт-Петербург,cancelled,3,12721.95,3816.585,2026-08,2026,3
237,911,2026-08-05 23:48:58.273612,Красноярск,processing,9,35893.15,10767.945,2026-08,2026,3
147,442,2026-08-05 23:48:58.273612,Ростов-на-Дону,completed,13,19158.17,5747.450999999999,2026-08,2026,3
262,981,2026-08-05 23:48:58.273612,Москва,completed,8,30514.260000000002,9154.278,2026-08,2026,3
75,126,2026-08-05 23:48:58.273612,Самара,completed,8,14962.77,4488.831,2026-08,2026,3
26,187,2026-08-05 23:48:58.273612,Красноярск,completed,1,3405.89,1021.7669999999999,2026-08,2026,3
461,110,2026-08-05 23:48:58.274623,Уфа,completed,2,4197.49,1259.2469999999998,2026-08,2026,3
554,497,2026-08-05 23:48:58.274623,Ростов-на-Дону,completed,7,45869.75,13760.925,2026-08,2026,3
336,543,2026-08-05 23:48:58.274623,Нижний Новгород,completed,9,33768.72,10130.616,2026-08,2026,3
1273,226,2026-08-05 23:48:58.276965,Санкт-Петербург,cancelled,3,21108.3,6332.49,2026-08,2026,3
1166,825,2026-08-05 23:48:58.276965,Красноярск,completed,10,15552.99,4665.897,2026-08,2026,3
2078,448,2026-08-05 23:48:58.277983,Новосибирск,completed,4,13765.01,4129.503,2026-08,2026,3
1949,662,2026-08-05 23:48:58.277983,Красноярск,completed,7,29390.97,8817.291,2026-08,2026,3
1866,560,2026-08-05 23:48:58.277983,Новосибирск,completed,5,35729.32,10718.796,2026-08,2026,3
1749,781,2026-08-05 23:48:58.277983,Казань,completed,7,50290.36,15087.108,2026-08,2026,3
1576,835,2026-08-05 23:48:58.277983,Красноярск,completed,2,13695.49,4108.647,2026-08,2026,3
1593,187,2026-08-05 23:48:58.277983,Красноярск,completed,1,4471.65,1341.495,2026-08,2026,3
2297,288,2026-08-05 23:48:58.279317,Казань,completed,3,4824.98,1447.494,2026-08,2026,3
2709,490,2026-08-05 23:48:58.280322,Санкт-Петербург,completed,7,16540.739999999998,4962.221999999999,2026-08,2026,3
2555,966,2026-08-05 23:48:58.280322,Уфа,completed,9,45820.23,13746.069000000001,2026-08,2026,3
3756,521,2026-08-05 23:48:58.282485,Нижний Новгород,completed,3,13736.42,4120.9259999999995,2026-08,2026,3
3527,721,2026-08-05 23:48:58.282485,Казань,completed,6,23921.21,7176.362999999999,2026-08,2026,3
3380,940,2026-08-05 23:48:58.282485,Новосибирск,completed,4,22426.35,6727.905,2026-08,2026,3
3768,860,2026-08-05 23:48:58.282485,Ростов-на-Дону,processing,8,31209.84,9362.952,2026-08,2026,3
3587,682,2026-08-05 23:48:58.282485,Санкт-Петербург,processing,4,22213.93,6664.179,2026-08,2026,3
3899,271,2026-08-05 23:48:58.283920,Ростов-на-Дону,completed,5,28536.68,8561.003999999999,2026-08,2026,3
4942,738,2026-08-05 23:48:58.285929,Москва,completed,11,42561.71,12768.512999999999,2026-08,2026,3
98,787,2026-08-06 23:48:58.273612,Ростов-на-Дону,completed,7,9457.84,2837.352,2026-08,2026,3
627,711,2026-08-06 23:48:58.274623,Санкт-Петербург,completed,7,26037.010000000002,7811.103,2026-08,2026,3
613,706,2026-08-06 23:48:58.274623,Красноярск,cancelled,6,21988.870000000003,6596.661000000001,2026-08,2026,3
588,719,2026-08-06 23:48:58.274623,Москва,completed,5,31715.769999999997,9514.730999999998,2026-08,2026,3
813,207,2026-08-06 23:48:58.275959,Москва,completed,7,49350.630000000005,14805.189,2026-08,2026,3
962,486,2026-08-06 23:48:58.275959,Екатеринбург,cancelled,2,3247.26,974.178,2026-08,2026,3
1098,997,2026-08-06 23:48:58.275959,Красноярск,completed,7,46973.26,14091.978000000001,2026-08,2026,3
1667,856,2026-08-06 23:48:58.277983,Москва,completed,2,13657.3,4097.19,2026-08,2026,3
1887,921,2026-08-06 23:48:58.277983,Екатеринбург,completed,10,26478.269999999997,7943.480999999999,2026-08,2026,3
1978,693,2026-08-06 23:48:58.277983,Екатеринбург,completed,8,30547.300000000003,9164.19,2026-08,2026,3
1827,110,2026-08-06 23:48:58.277983,Уфа,completed,5,41797.97,12539.391,2026-08,2026,3
1743,152,2026-08-06 23:48:58.277983,Казань,completed,6,37559.61,11267.883,2026-08,2026,3
1927,363,2026-08-06 23:48:58.277983,Ростов-на-Дону,processing,7,17126.13,5137.839,2026-08,2026,3
2365,555,2026-08-06 23:48:58.279317,Казань,completed,3,1760.93,528.279,2026-08,2026,3
2483,839,2026-08-06 23:48:58.279317,Екатеринбург,completed,12,37489.11,11246.733,2026-08,2026,3
2811,618,2026-08-06 23:48:58.280948,Казань,completed,11,38096.729999999996,11429.018999999998,2026-08,2026,3
2902,495,2026-08-06 23:48:58.280948,Уфа,completed,2,21375.43,6412.629,2026-08,2026,3
3247,904,2026-08-06 23:48:58.280948,Санкт-Петербург,completed,2,5786.61,1735.983,2026-08,2026,3
2995,910,2026-08-06 23:48:58.280948,Уфа,completed,9,44485.5,13345.65,2026-08,2026,3
3635,100,2026-08-06 23:48:58.282485,Уфа,completed,5,26496.65,7948.995,2026-08,2026,3
4048,365,2026-08-06 23:48:58.283920,Нижний Новгород,cancelled,10,36065.04,10819.512,2026-08,2026,3
3873,714,2026-08-06 23:48:58.283920,Ростов-на-Дону,completed,1,2401.61,720.4830000000001,2026-08,2026,3
4061,805,2026-08-06 23:48:58.283920,Екатеринбург,completed,11,38238.94,11471.682,2026-08,2026,3
4329,937,2026-08-06 23:48:58.284934,Казань,completed,2,8970.12,2691.036,2026-08,2026,3
4200,752,2026-08-06 23:48:58.284934,Ростов-на-Дону,completed,3,16595.260000000002,4978.578,2026-08,2026,3
4589,970,2026-08-06 23:48:58.284934,Екатеринбург,completed,8,33230.68,9969.204,2026-08,2026,3
4856,338,2026-08-06 23:48:58.285929,Москва,processing,6,22559.019999999997,6767.705999999999,2026-08,2026,3
4877,411,2026-08-06 23:48:58.285929,Самара,cancelled,6,26562.47,7968.741,2026-08,2026,3
106,282,2026-08-07 23:48:58.273612,Ростов-на-Дону,cancelled,5,26878.64,8063.592,2026-08,2026,3
93,76,2026-08-07 23:48:58.273612,Уфа,completed,7,30985.25,9295.574999999999,2026-08,2026,3
96,353,2026-08-07 23:48:58.273612,Ростов-на-Дону,processing,5,22430.46,6729.138,2026-08,2026,3
686,381,2026-08-07 23:48:58.274623,Екатеринбург,cancelled,1,5339.56,1601.8680000000002,2026-08,2026,3
299,542,2026-08-07 23:48:58.274623,Самара,cancelled,6,29751.2,8925.36,2026-08,2026,3
768,455,2026-08-07 23:48:58.274623,Уфа,completed,8,40272.58,12081.774,2026-08,2026,3
995,483,2026-08-07 23:48:58.275959,Красноярск,cancelled,10,45827.06,13748.117999999999,2026-08,2026,3
1559,642,2026-08-07 23:48:58.276965,Екатеринбург,completed,7,24716.97,7415.091,2026-08,2026,3
1159,749,2026-08-07 23:48:58.276965,Самара,completed,1,4818.3,1445.49,2026-08,2026,3
2025,589,2026-08-07 23:48:58.277983,Новосибирск,processing,7,33728.979999999996,10118.693999999998,2026-08,2026,3
2295,344,2026-08-07 23:48:58.279317,Нижний Новгород,completed,2,5480.82,1644.2459999999999,2026-08,2026,3
2254,709,2026-08-07 23:48:58.279317,Самара,completed,9,27321.75,8196.525,2026-08,2026,3
2857,90,2026-08-07 23:48:58.280948,Уфа,completed,9,35631.619999999995,10689.485999999999,2026-08,2026,3
3081,805,2026-08-07 23:48:58.280948,Екатеринбург,completed,6,16527.68,4958.304,2026-08,2026,3
3314,895,2026-08-07 23:48:58.280948,Красноярск,completed,3,27726.33,8317.899,2026-08,2026,3
2827,153,2026-08-07 23:48:58.280948,Москва,cancelled,10,55395.72,16618.716,2026-08,2026,3
2967,737,2026-08-07 23:48:58.280948,Казань,processing,10,35180.44,10554.132,2026-08,2026,3
3175,67,2026-08-07 23:48:58.280948,Казань,completed,10,46808.13,14042.438999999998,2026-08,2026,3
3669,586,2026-08-07 23:48:58.282485,Уфа,completed,7,24522.870000000003,7356.861000000001,2026-08,2026,3
3600,377,2026-08-07 23:48:58.282485,Новосибирск,completed,11,47255.68,14176.704,2026-08,2026,3
3682,41,2026-08-07 23:48:58.282485,Екатеринбург,processing,2,17146.78,5144.034,2026-08,2026,3
3606,957,2026-08-07 23:48:58.282485,Самара,processing,9,34431.81,10329.543,2026-08,2026,3
4185,440,2026-08-07 23:48:58.283920,Самара,cancelled,9,27000.5,8100.15,2026-08,2026,3
4189,102,2026-08-07 23:48:58.283920,Самара,processing,7,16472.14,4941.642,2026-08,2026,3
4022,387,2026-08-07 23:48:58.283920,Москва,cancelled,2,24080.83,7224.249000000001,2026-08,2026,3
4564,81,2026-08-07 23:48:58.284934,Москва,processing,1,13816.87,4145.061,2026-08,2026,3
4751,363,2026-08-07 23:48:58.285929,Ростов-на-Дону,completed,4,19023.239999999998,5706.971999999999,2026-08,2026,3
4746,104,2026-08-07 23:48:58.285929,Уфа,completed,7,31349.45,9404.835,2026-08,2026,3
4923,385,2026-08-07 23:48:58.285929,Казань,completed,6,16301.550000000001,4890.465,2026-08,2026,3
4963,105,2026-08-07 23:48:58.285929,Ростов-на-Дону,processing,2,21071.5,6321.45,2026-08,2026,3
4612,59,2026-08-07 23:48:58.285929,Уфа,completed,11,23306.77,6992.031,2026-08,2026,3
84,230,2026-08-08 23:48:58.273612,Казань,completed,6,28408.53,8522.559,2026-08,2026,3
610,17,2026-08-08 23:48:58.274623,Ростов-на-Дону,completed,5,12363.83,3709.149,2026-08,2026,3
641,771,2026-08-08 23:48:58.274623,Ростов-на-Дону,processing,14,31557.47,9467.241,2026-08,2026,3
1042,174,2026-08-08 23:48:58.275959,Красноярск,completed,8,32601.7,9780.51,2026-08,2026,3
1151,603,2026-08-08 23:48:58.276965,Казань,completed,9,36058.03,10817.409,2026-08,2026,3
1873,751,2026-08-08 23:48:58.277983,Самара,completed,2,7784.55,2335.365,2026-08,2026,3
1916,138,2026-08-08 23:48:58.277983,Новосибирск,cancelled,11,42149.68,12644.904,2026-08,2026,3
2163,654,2026-08-08 23:48:58.279317,Новосибирск,cancelled,10,34112.35,10233.705,2026-08,2026,3
2394,309,2026-08-08 23:48:58.279317,Уфа,completed,8,24628.41,7388.522999999999,2026-08,2026,3
3042,661,2026-08-08 23:48:58.280948,Самара,cancelled,3,2113.03,633.909,2026-08,2026,3
3117,689,2026-08-08 23:48:58.280948,Уфа,completed,7,30527.11,9158.133,2026-08,2026,3
3098,716,2026-08-08 23:48:58.280948,Самара,completed,15,61698.69,18509.607,2026-08,2026,3
2978,363,2026-08-08 23:48:58.280948,Ростов-на-Дону,completed,5,18689.0,5606.7,2026-08,2026,3
3437,778,2026-08-08 23:48:58.282485,Санкт-Петербург,completed,11,30775.239999999998,9232.571999999998,2026-08,2026,3
3661,85,2026-08-08 23:48:58.282485,Екатеринбург,completed,6,23538.61,7061.583,2026-08,2026,3
3556,617,2026-08-08 23:48:58.282485,Санкт-Петербург,processing,5,18865.93,5659.7789999999995,2026-08,2026,3
3537,387,2026-08-08 23:48:58.282485,Москва,completed,7,13254.189999999999,3976.2569999999996,2026-08,2026,3
3789,421,2026-08-08 23:48:58.282485,Нижний Новгород,completed,12,34441.79,10332.537,2026-08,2026,3
4146,839,2026-08-08 23:48:58.283920,Екатеринбург,cancelled,12,49513.31,14853.992999999999,2026-08,2026,3
3942,557,2026-08-08 23:48:58.283920,Самара,completed,4,14985.779999999999,4495.7339999999995,2026-08,2026,3
4294,991,2026-08-08 23:48:58.284934,Казань,completed,7,19095.89,5728.767,2026-08,2026,3
259,707,2026-08-09 23:48:58.273612,Екатеринбург,cancelled,3,20647.78,6194.334,2026-08,2026,3
155,626,2026-08-09 23:48:58.273612,Казань,completed,9,39436.9,11831.07,2026-08,2026,3
688,908,2026-08-09 23:48:58.274623,Новосибирск,completed,6,23965.75,7189.724999999999,2026-08,2026,3
681,180,2026-08-09 23:48:58.274623,Нижний Новгород,completed,3,1381.64,414.492,2026-08,2026,3
745,417,2026-08-09 23:48:58.274623,Самара,processing,11,42074.45,12622.335,2026-08,2026,3
748,873,2026-08-09 23:48:58.274623,Санкт-Петербург,completed,4,20256.98,6077.094,2026-08,2026,3
574,450,2026-08-09 23:48:58.274623,Уфа,completed,4,22606.15,6781.845,2026-08,2026,3
707,382,2026-08-09 23:48:58.274623,Нижний Новгород,processing,11,36950.38,11085.114,2026-08,2026,3
626,352,2026-08-09 23:48:58.274623,Ростов-на-Дону,completed,4,24911.91,7473.572999999999,2026-08,2026,3
1003,475,2026-08-09 23:48:58.275959,Красноярск,completed,9,32285.38,9685.614,2026-08,2026,3
1146,193,2026-08-09 23:48:58.275959,Екатеринбург,completed,2,7758.68,2327.604,2026-08,2026,3
1495,469,2026-08-09 23:48:58.276965,Самара,cancelled,5,26452.79,7935.8369999999995,2026-08,2026,3
1403,536,2026-08-09 23:48:58.276965,Нижний Новгород,processing,2,17495.739999999998,5248.721999999999,2026-08,2026,3
1356,617,2026-08-09 23:48:58.276965,Санкт-Петербург,cancelled,3,14789.08,4436.724,2026-08,2026,3
1387,771,2026-08-09 23:48:58.276965,Ростов-на-Дону,completed,2,7336.1900000000005,2200.857,2026-08,2026,3
1821,546,2026-08-09 23:48:58.277983,Москва,completed,5,17478.9,5243.67,2026-08,2026,3
1730,953,2026-08-09 23:48:58.277983,Самара,completed,12,34122.16,10236.648000000001,2026-08,2026,3
1932,2,2026-08-09 23:48:58.277983,Екатеринбург,completed,8,29375.17,8812.551,2026-08,2026,3
1627,599,2026-08-09 23:48:58.277983,Самара,completed,10,23466.15,7039.845,2026-08,2026,3
2489,763,2026-08-09 23:48:58.279317,Уфа,completed,8,13458.22,4037.4659999999994,2026-08,2026,3
2242,65,2026-08-09 23:48:58.279317,Самара,completed,9,35402.130000000005,10620.639000000001,2026-08,2026,3
2164,981,2026-08-09 23:48:58.279317,Москва,completed,10,34223.74,10267.122,2026-08,2026,3
2455,838,2026-08-09 23:48:58.279317,Казань,completed,12,38716.63,11614.989,2026-08,2026,3
2727,507,2026-08-09 23:48:58.280322,Новосибирск,completed,6,39140.729999999996,11742.219,2026-08,2026,3
2568,441,2026-08-09 23:48:58.280322,Уфа,completed,2,3159.72,947.9159999999999,2026-08,2026,3
2661,513,2026-08-09 23:48:58.280322,Самара,processing,3,3139.89,941.9669999999999,2026-08,2026,3
2913,233,2026-08-09 23:48:58.280948,Нижний Новгород,processing,4,13398.29,4019.487,2026-08,2026,3
3246,67,2026-08-09 23:48:58.280948,Казань,completed,2,7152.9,2145.87,2026-08,2026,3
3011,944,2026-08-09 23:48:58.280948,Уфа,processing,10,33173.96,9952.188,2026-08,2026,3
3015,157,2026-08-09 23:48:58.280948,Уфа,completed,2,10661.39,3198.417,2026-08,2026,3
3290,101,2026-08-09 23:48:58.280948,Казань,completed,9,26703.02,8010.906,2026-08,2026,3
2808,158,2026-08-09 23:48:58.280948,Самара,completed,5,18714.0,5614.2,2026-08,2026,3
3660,12,2026-08-09 23:48:58.282485,Уфа,completed,7,27629.65,8288.895,2026-08,2026,3
3827,235,2026-08-09 23:48:58.282485,Новосибирск,completed,9,8376.39,2512.917,2026-08,2026,3
3804,273,2026-08-09 23:48:58.282485,Екатеринбург,completed,6,47651.19,14295.357,2026-08,2026,3
3678,920,2026-08-09 23:48:58.282485,Ростов-на-Дону,completed,3,1055.38,316.61400000000003,2026-08,2026,3
3652,35,2026-08-09 23:48:58.282485,Новосибирск,completed,1,8796.53,2638.9590000000003,2026-08,2026,3
4276,432,2026-08-09 23:48:58.284934,Новосибирск,completed,6,25943.85,7783.154999999999,2026-08,2026,3
4779,170,2026-08-09 23:48:58.285929,Санкт-Петербург,completed,9,28569.53,8570.858999999999,2026-08,2026,3
4795,724,2026-08-09 23:48:58.285929,Уфа,completed,11,40950.56,12285.168,2026-08,2026,3
68,984,2026-08-10 23:48:58.273612,Санкт-Петербург,completed,3,22324.489999999998,6697.346999999999,2026-08,2026,3
697,691,2026-08-10 23:48:58.274623,Санкт-Петербург,completed,8,31967.510000000002,9590.253,2026-08,2026,3
515,830,2026-08-10 23:48:58.274623,Санкт-Петербург,completed,3,11208.34,3362.502,2026-08,2026,3
1079,437,2026-08-10 23:48:58.275959,Ростов-на-Дону,completed,4,21372.33,6411.6990000000005,2026-08,2026,3
1049,707,2026-08-10 23:48:58.275959,Екатеринбург,completed,1,3097.68,929.3039999999999,2026-08,2026,3
1060,290,2026-08-10 23:48:58.275959,Уфа,completed,3,5257.31,1577.193,2026-08,2026,3
1237,938,2026-08-10 23:48:58.276965,Нижний Новгород,completed,3,24982.42,7494.725999999999,2026-08,2026,3
1287,199,2026-08-10 23:48:58.276965,Екатеринбург,completed,9,32130.58,9639.174,2026-08,2026,3
1464,494,2026-08-10 23:48:58.276965,Новосибирск,completed,5,23119.21,6935.763,2026-08,2026,3
1358,738,2026-08-10 23:48:58.276965,Москва,completed,14,31498.98,9449.694,2026-08,2026,3
1963,610,2026-08-10 23:48:58.277983,Нижний Новгород,completed,5,39231.55,11769.465,2026-08,2026,3
2481,775,2026-08-10 23:48:58.279317,Казань,completed,13,28156.14,8446.841999999999,2026-08,2026,3
2279,528,2026-08-10 23:48:58.279317,Казань,completed,6,21922.94,6576.882,2026-08,2026,3
2644,245,2026-08-10 23:48:58.280322,Нижний Новгород,completed,1,1652.14,495.642,2026-08,2026,3
2912,441,2026-08-10 23:48:58.280948,Уфа,processing,8,29311.58,8793.474,2026-08,2026,3
3073,973,2026-08-10 23:48:58.280948,Уфа,completed,6,15866.34,4759.902,2026-08,2026,3
3820,288,2026-08-10 23:48:58.282485,Казань,completed,6,26198.600000000002,7859.58,2026-08,2026,3
3596,266,2026-08-10 23:48:58.282485,Нижний Новгород,completed,8,35517.42,10655.225999999999,2026-08,2026,3
3379,257,2026-08-10 23:48:58.282485,Красноярск,cancelled,2,17751.72,5325.5160000000005,2026-08,2026,3
3599,763,2026-08-10 23:48:58.282485,Уфа,processing,8,27184.62,8155.3859999999995,2026-08,2026,3
3507,13,2026-08-10 23:48:58.282485,Новосибирск,completed,2,1739.03,521.709,2026-08,2026,3
4926,449,2026-08-10 23:48:58.285929,Санкт-Петербург,completed,6,25036.86,7511.058,2026-08,2026,3
4726,996,2026-08-10 23:48:58.285929,Казань,cancelled,7,22095.82,6628.746,2026-08,2026,3
239,829,2026-08-11 23:48:58.273612,Нижний Новгород,completed,5,8097.48,2429.2439999999997,2026-08,2026,3
3,65,2026-08-11 23:48:58.273612,Самара,completed,7,31222.65,9366.795,2026-08,2026,3
654,396,2026-08-11 23:48:58.274623,Красноярск,completed,9,26880.170000000002,8064.051,2026-08,2026,3
306,960,2026-08-11 23:48:58.274623,Самара,completed,5,37511.25,11253.375,2026-08,2026,3
565,524,2026-08-11 23:48:58.274623,Красноярск,processing,9,32194.190000000002,9658.257,2026-08,2026,3
817,793,2026-08-11 23:48:58.275959,Самара,processing,6,29856.18,8956.854,2026-08,2026,3
1624,224,2026-08-11 23:48:58.277983,Новосибирск,completed,5,39138.93,11741.679,2026-08,2026,3
2022,487,2026-08-11 23:48:58.277983,Ростов-на-Дону,completed,9,36201.45,10860.435,2026-08,2026,3
1969,180,2026-08-11 23:48:58.277983,Нижний Новгород,completed,6,21801.159999999996,6540.347999999999,2026-08,2026,3
2403,706,2026-08-11 23:48:58.279317,Красноярск,cancelled,5,33169.03,9950.708999999999,2026-08,2026,3
2118,760,2026-08-11 23:48:58.279317,Нижний Новгород,processing,7,20539.809999999998,6161.942999999999,2026-08,2026,3
2284,236,2026-08-11 23:48:58.279317,Казань,completed,11,36533.92,10960.176,2026-08,2026,3
2092,378,2026-08-11 23:48:58.279317,Самара,processing,3,13180.05,3954.0149999999994,2026-08,2026,3
2494,782,2026-08-11 23:48:58.280322,Москва,completed,10,46784.92,14035.475999999999,2026-08,2026,3
2524,478,2026-08-11 23:48:58.280322,Красноярск,processing,8,29558.54,8867.562,2026-08,2026,3
2673,717,2026-08-11 23:48:58.280322,Новосибирск,completed,2,5923.96,1777.1879999999999,2026-08,2026,3
2921,986,2026-08-11 23:48:58.280948,Нижний Новгород,completed,5,13497.150000000001,4049.1450000000004,2026-08,2026,3
3132,406,2026-08-11 23:48:58.280948,Казань,completed,12,24314.81,7294.443,2026-08,2026,3
2777,505,2026-08-11 23:48:58.280948,Новосибирск,cancelled,7,57370.35,17211.105,2026-08,2026,3
3837,312,2026-08-11 23:48:58.282485,Самара,completed,3,12958.699999999999,3887.6099999999997,2026-08,2026,3
3771,383,2026-08-11 23:48:58.282485,Красноярск,completed,11,20947.620000000003,6284.286000000001,2026-08,2026,3
3718,545,2026-08-11 23:48:58.282485,Ростов-на-Дону,cancelled,1,7229.58,2168.874,2026-08,2026,3
3597,90,2026-08-11 23:48:58.282485,Уфа,completed,9,27923.04,8376.912,2026-08,2026,3
3529,972,2026-08-11 23:48:58.282485,Уфа,completed,8,29292.11,8787.633,2026-08,2026,3
3951,843,2026-08-11 23:48:58.283920,Казань,completed,4,7809.710000000001,2342.913,2026-08,2026,3
3952,174,2026-08-11 23:48:58.283920,Красноярск,completed,7,9020.95,2706.2850000000003,2026-08,2026,3
3929,22,2026-08-11 23:48:58.283920,Санкт-Петербург,completed,5,37078.45,11123.534999999998,2026-08,2026,3
3989,944,2026-08-11 23:48:58.283920,Уфа,completed,7,23769.27,7130.781,2026-08,2026,3
4394,496,2026-08-11 23:48:58.284934,Казань,completed,10,19728.87,5918.660999999999,2026-08,2026,3
4576,715,2026-08-11 23:48:58.284934,Новосибирск,processing,8,20250.8,6075.24,2026-08,2026,3
4356,255,2026-08-11 23:48:58.284934,Нижний Новгород,completed,8,33001.43,9900.429,2026-08,2026,3
4381,484,2026-08-11 23:48:58.284934,Уфа,completed,2,983.89,295.167,2026-08,2026,3
4794,941,2026-08-11 23:48:58.285929,Казань,cancelled,4,14329.05,4298.714999999999,2026-08,2026,3
4833,225,2026-08-11 23:48:58.285929,Новосибирск,completed,6,15502.86,4650.858,2026-08,2026,3
234,618,2026-08-12 23:48:58.273612,Казань,completed,8,29057.64,8717.292,2026-08,2026,3
129,576,2026-08-12 23:48:58.273612,Екатеринбург,completed,9,20986.74,6296.022,2026-08,2026,3
743,160,2026-08-12 23:48:58.274623,Новосибирск,completed,8,35698.1,10709.429999999998,2026-08,2026,3
438,370,2026-08-12 23:48:58.274623,Уфа,completed,9,44273.04,13281.912,2026-08,2026,3
975,701,2026-08-12 23:48:58.275959,Нижний Новгород,completed,9,32383.62,9715.086,2026-08,2026,3
1047,678,2026-08-12 23:48:58.275959,Уфа,cancelled,9,30633.5,9190.05,2026-08,2026,3
1142,719,2026-08-12 23:48:58.275959,Москва,completed,2,12785.91,3835.7729999999997,2026-08,2026,3
1381,136,2026-08-12 23:48:58.276965,Нижний Новгород,completed,3,9131.02,2739.306,2026-08,2026,3
1310,565,2026-08-12 23:48:58.276965,Санкт-Петербург,completed,10,25241.14,7572.342,2026-08,2026,3
1184,536,2026-08-12 23:48:58.276965,Нижний Новгород,completed,6,17366.5,5209.95,2026-08,2026,3
1691,765,2026-08-12 23:48:58.277983,Санкт-Петербург,cancelled,5,25380.550000000003,7614.165000000001,2026-08,2026,3
1787,886,2026-08-12 23:48:58.277983,Екатеринбург,completed,11,36054.05,10816.215,2026-08,2026,3
2027,816,2026-08-12 23:48:58.277983,Екатеринбург,completed,6,26517.24,7955.1720000000005,2026-08,2026,3
2003,52,2026-08-12 23:48:58.277983,Екатеринбург,completed,9,32531.82,9759.546,2026-08,2026,3
2045,613,2026-08-12 23:48:58.277983,Санкт-Петербург,cancelled,2,6383.97,1915.191,2026-08,2026,3
1852,534,2026-08-12 23:48:58.277983,Самара,completed,8,32271.17,9681.350999999999,2026-08,2026,3
1638,811,2026-08-12 23:48:58.277983,Москва,completed,4,21435.34,6430.602,2026-08,2026,3
2180,504,2026-08-12 23:48:58.279317,Красноярск,completed,4,6634.1900000000005,1990.257,2026-08,2026,3
2233,66,2026-08-12 23:48:58.279317,Москва,completed,9,40215.22,12064.566,2026-08,2026,3
2519,690,2026-08-12 23:48:58.280322,Красноярск,completed,11,35878.69,10763.607,2026-08,2026,3
2791,605,2026-08-12 23:48:58.280948,Екатеринбург,completed,3,15792.57,4737.771,2026-08,2026,3
3328,487,2026-08-12 23:48:58.280948,Ростов-на-Дону,completed,11,31282.87,9384.860999999999,2026-08,2026,3
3809,113,2026-08-12 23:48:58.282485,Нижний Новгород,completed,8,36925.22,11077.566,2026-08,2026,3
3608,228,2026-08-12 23:48:58.282485,Красноярск,completed,7,20423.739999999998,6127.121999999999,2026-08,2026,3
3581,92,2026-08-12 23:48:58.282485,Самара,completed,10,29882.93,8964.878999999999,2026-08,2026,3
3934,981,2026-08-12 23:48:58.283920,Москва,processing,4,19034.75,5710.425,2026-08,2026,3
3856,909,2026-08-12 23:48:58.283920,Самара,completed,10,42231.18,12669.354,2026-08,2026,3
4541,329,2026-08-12 23:48:58.284934,Нижний Новгород,cancelled,3,17825.87,5347.7609999999995,2026-08,2026,3
4337,898,2026-08-12 23:48:58.284934,Москва,cancelled,7,25390.04,7617.012,2026-08,2026,3
4249,638,2026-08-12 23:48:58.284934,Санкт-Петербург,processing,5,22596.199999999997,6778.859999999999,2026-08,2026,3
4403,655,2026-08-12 23:48:58.284934,Нижний Новгород,completed,3,18419.98,5525.994,2026-08,2026,3
4500,820,2026-08-12 23:48:58.284934,Казань,completed,11,49895.64,14968.692,2026-08,2026,3
4783,772,2026-08-12 23:48:58.285929,Санкт-Петербург,completed,6,27130.839999999997,8139.251999999999,2026-08,2026,3
4707,27,2026-08-12 23:48:58.285929,Санкт-Петербург,processing,9,47395.6,14218.679999999998,2026-08,2026,3
4898,732,2026-08-12 23:48:58.285929,Казань,completed,5,29377.9,8813.37,2026-08,2026,3
629,92,2026-08-13 23:48:58.274623,Самара,completed,8,33824.71,10147.412999999999,2026-08,2026,3
530,592,2026-08-13 23:48:58.274623,Нижний Новгород,processing,3,3717.24,1115.1719999999998,2026-08,2026,3
696,792,2026-08-13 23:48:58.274623,Новосибирск,processing,9,40718.369999999995,12215.510999999999,2026-08,2026,3
570,436,2026-08-13 23:48:58.274623,Екатеринбург,cancelled,1,5940.28,1782.0839999999998,2026-08,2026,3
856,975,2026-08-13 23:48:58.275959,Казань,completed,7,29439.54,8831.862,2026-08,2026,3
971,599,2026-08-13 23:48:58.275959,Самара,completed,9,31234.18,9370.253999999999,2026-08,2026,3
1029,133,2026-08-13 23:48:58.275959,Москва,completed,2,24021.760000000002,7206.528,2026-08,2026,3
1058,429,2026-08-13 23:48:58.275959,Новосибирск,processing,7,25553.74,7666.122,2026-08,2026,3
1250,435,2026-08-13 23:48:58.276965,Москва,completed,4,21926.18,6577.854,2026-08,2026,3
1551,407,2026-08-13 23:48:58.276965,Казань,completed,1,3447.53,1034.259,2026-08,2026,3
1694,438,2026-08-13 23:48:58.277983,Новосибирск,completed,8,23637.0,7091.099999999999,2026-08,2026,3
1994,527,2026-08-13 23:48:58.277983,Москва,completed,9,28215.4,8464.62,2026-08,2026,3
2184,266,2026-08-13 23:48:58.279317,Нижний Новгород,completed,8,26311.49,7893.447,2026-08,2026,3
2276,45,2026-08-13 23:48:58.279317,Самара,cancelled,7,16647.89,4994.366999999999,2026-08,2026,3
3331,176,2026-08-13 23:48:58.280948,Ростов-на-Дону,cancelled,8,47538.87,14261.661,2026-08,2026,3
2919,686,2026-08-13 23:48:58.280948,Нижний Новгород,cancelled,11,23651.600000000002,7095.4800000000005,2026-08,2026,3
2923,801,2026-08-13 23:48:58.280948,Уфа,processing,10,34561.59,10368.476999999999,2026-08,2026,3
3218,167,2026-08-13 23:48:58.280948,Москва,completed,1,12103.67,3631.101,2026-08,2026,3
3423,512,2026-08-13 23:48:58.282485,Красноярск,cancelled,3,4281.66,1284.4979999999998,2026-08,2026,3
3725,975,2026-08-13 23:48:58.282485,Казань,completed,3,11755.51,3526.653,2026-08,2026,3
4032,112,2026-08-13 23:48:58.283920,Новосибирск,completed,10,46758.34,14027.501999999999,2026-08,2026,3
3962,357,2026-08-13 23:48:58.283920,Ростов-на-Дону,completed,11,31075.53,9322.659,2026-08,2026,3
4159,826,2026-08-13 23:48:58.283920,Ростов-на-Дону,completed,3,22215.59,6664.677,2026-08,2026,3
4091,159,2026-08-13 23:48:58.283920,Новосибирск,completed,6,10895.9,3268.77,2026-08,2026,3
4269,223,2026-08-13 23:48:58.284934,Москва,processing,11,36579.47,10973.841,2026-08,2026,3
4324,500,2026-08-13 23:48:58.284934,Новосибирск,completed,8,33709.97,10112.991,2026-08,2026,3
4209,888,2026-08-13 23:48:58.284934,Москва,completed,10,39504.52,11851.355999999998,2026-08,2026,3
4483,210,2026-08-13 23:48:58.284934,Нижний Новгород,completed,6,25141.27,7542.380999999999,2026-08,2026,3
640,919,2026-08-14 23:48:58.274623,Уфа,completed,6,12314.39,3694.3169999999996,2026-08,2026,3
498,11,2026-08-14 23:48:58.274623,Уфа,completed,8,44661.72,13398.516,2026-08,2026,3
864,55,2026-08-14 23:48:58.275959,Самара,completed,9,46233.4,13870.02,2026-08,2026,3
1055,678,2026-08-14 23:48:58.275959,Уфа,cancelled,11,48377.39,14513.216999999999,2026-08,2026,3
1076,52,2026-08-14 23:48:58.275959,Екатеринбург,completed,2,13379.86,4013.958,2026-08,2026,3
917,577,2026-08-14 23:48:58.275959,Ростов-на-Дону,completed,8,17860.12,5358.035999999999,2026-08,2026,3
1073,741,2026-08-14 23:48:58.275959,Санкт-Петербург,completed,12,45774.0,13732.199999999999,2026-08,2026,3
916,597,2026-08-14 23:48:58.275959,Уфа,completed,6,30188.46,9056.537999999999,2026-08,2026,3
1296,241,2026-08-14 23:48:58.276965,Екатеринбург,completed,2,12424.2,3727.26,2026-08,2026,3
1520,408,2026-08-14 23:48:58.276965,Уфа,cancelled,6,29281.46,8784.438,2026-08,2026,3
1499,595,2026-08-14 23:48:58.276965,Казань,completed,6,28442.95,8532.885,2026-08,2026,3
1510,235,2026-08-14 23:48:58.276965,Новосибирск,cancelled,3,11496.48,3448.944,2026-08,2026,3
1292,257,2026-08-14 23:48:58.276965,Красноярск,completed,1,6332.18,1899.654,2026-08,2026,3
1685,100,2026-08-14 23:48:58.277983,Уфа,cancelled,4,16620.21,4986.062999999999,2026-08,2026,3
1977,788,2026-08-14 23:48:58.277983,Москва,processing,7,27083.489999999998,8125.046999999999,2026-08,2026,3
1790,727,2026-08-14 23:48:58.277983,Казань,completed,10,24283.98,7285.1939999999995,2026-08,2026,3
2285,234,2026-08-14 23:48:58.279317,Ростов-на-Дону,completed,10,27165.35,8149.605,2026-08,2026,3
2156,422,2026-08-14 23:48:58.279317,Самара,processing,2,14270.42,4281.126,2026-08,2026,3
2247,137,2026-08-14 23:48:58.279317,Санкт-Петербург,cancelled,5,21175.9,6352.77,2026-08,2026,3
2147,822,2026-08-14 23:48:58.279317,Санкт-Петербург,completed,8,33196.92,9959.076,2026-08,2026,3
2515,997,2026-08-14 23:48:58.280322,Красноярск,completed,7,10395.05,3118.515,2026-08,2026,3
3059,118,2026-08-14 23:48:58.280948,Москва,processing,9,18795.64,5638.692,2026-08,2026,3
3066,400,2026-08-14 23:48:58.280948,Уфа,completed,9,25219.07,7565.721,2026-08,2026,3
3238,933,2026-08-14 23:48:58.280948,Уфа,completed,2,9311.66,2793.498,2026-08,2026,3
2904,504,2026-08-14 23:48:58.280948,Красноярск,completed,6,25230.33,7569.099,2026-08,2026,3
2929,751,2026-08-14 23:48:58.280948,Самара,completed,10,45724.9,13717.47,2026-08,2026,3
3079,692,2026-08-14 23:48:58.280948,Самара,completed,5,23687.96,7106.388,2026-08,2026,3
3723,11,2026-08-14 23:48:58.282485,Уфа,completed,2,12876.03,3862.809,2026-08,2026,3
3696,705,2026-08-14 23:48:58.282485,Санкт-Петербург,cancelled,7,27335.260000000002,8200.578,2026-08,2026,3
3786,10,2026-08-14 23:48:58.282485,Красноярск,completed,6,10069.3,3020.7899999999995,2026-08,2026,3
4158,961,2026-08-14 23:48:58.283920,Нижний Новгород,completed,6,21058.899999999998,6317.669999999999,2026-08,2026,3
4362,403,2026-08-14 23:48:58.284934,Самара,completed,2,20553.57,6166.071,2026-08,2026,3
4437,991,2026-08-14 23:48:58.284934,Казань,completed,7,23491.47,7047.441,2026-08,2026,3
4348,379,2026-08-14 23:48:58.284934,Санкт-Петербург,completed,2,3968.06,1190.418,2026-08,2026,3
4565,306,2026-08-14 23:48:58.284934,Санкт-Петербург,completed,10,50053.67,15016.100999999999,2026-08,2026,3
156,999,2026-08-15 23:48:58.273612,Екатеринбург,completed,8,41352.21,12405.662999999999,2026-08,2026,3
132,145,2026-08-15 23:48:58.273612,Москва,completed,8,34395.05,10318.515000000001,2026-08,2026,3
407,879,2026-08-15 23:48:58.274623,Красноярск,processing,5,17557.02,5267.106,2026-08,2026,3
621,721,2026-08-15 23:48:58.274623,Казань,completed,2,2381.75,714.525,2026-08,2026,3
585,835,2026-08-15 23:48:58.274623,Красноярск,completed,4,2541.09,762.327,2026-08,2026,3
391,941,2026-08-15 23:48:58.274623,Казань,processing,8,56597.229999999996,16979.168999999998,2026-08,2026,3
869,244,2026-08-15 23:48:58.275959,Новосибирск,completed,8,32071.41,9621.422999999999,2026-08,2026,3
1108,634,2026-08-15 23:48:58.275959,Екатеринбург,completed,1,2200.39,660.117,2026-08,2026,3
1245,971,2026-08-15 23:48:58.276965,Самара,completed,5,10182.04,3054.612,2026-08,2026,3
1384,621,2026-08-15 23:48:58.276965,Москва,completed,3,6407.32,1922.196,2026-08,2026,3
1615,472,2026-08-15 23:48:58.277983,Самара,processing,3,12475.63,3742.6889999999994,2026-08,2026,3
1716,159,2026-08-15 23:48:58.277983,Новосибирск,completed,3,9825.36,2947.608,2026-08,2026,3
2013,480,2026-08-15 23:48:58.277983,Санкт-Петербург,completed,2,3754.39,1126.317,2026-08,2026,3
1665,114,2026-08-15 23:48:58.277983,Красноярск,processing,3,4741.1,1422.3300000000002,2026-08,2026,3
2231,841,2026-08-15 23:48:58.279317,Москва,completed,9,32158.37,9647.510999999999,2026-08,2026,3
2471,372,2026-08-15 23:48:58.279317,Санкт-Петербург,processing,1,11176.37,3352.911,2026-08,2026,3
2264,543,2026-08-15 23:48:58.279317,Нижний Новгород,processing,2,9187.42,2756.226,2026-08,2026,3
2466,188,2026-08-15 23:48:58.279317,Санкт-Петербург,processing,3,5356.76,1607.028,2026-08,2026,3
2561,639,2026-08-15 23:48:58.280322,Нижний Новгород,completed,8,37703.38,11311.014,2026-08,2026,3
2501,11,2026-08-15 23:48:58.280322,Уфа,completed,2,5766.62,1729.9859999999999,2026-08,2026,3
2589,390,2026-08-15 23:48:58.280322,Новосибирск,completed,6,24918.739999999998,7475.621999999999,2026-08,2026,3
2833,423,2026-08-15 23:48:58.280948,Нижний Новгород,completed,2,9552.75,2865.825,2026-08,2026,3
2745,75,2026-08-15 23:48:58.280948,Санкт-Петербург,processing,3,9492.95,2847.885,2026-08,2026,3
2812,682,2026-08-15 23:48:58.280948,Санкт-Петербург,completed,10,38012.06,11403.617999999999,2026-08,2026,3
3171,450,2026-08-15 23:48:58.280948,Уфа,cancelled,3,24510.09,7353.027,2026-08,2026,3
3162,641,2026-08-15 23:48:58.280948,Ростов-на-Дону,completed,9,26094.100000000002,7828.2300000000005,2026-08,2026,3
3181,412,2026-08-15 23:48:58.280948,Ростов-на-Дону,processing,8,23216.19,6964.856999999999,2026-08,2026,3
3522,2,2026-08-15 23:48:58.282485,Екатеринбург,completed,4,14932.220000000001,4479.666,2026-08,2026,3
3407,982,2026-08-15 23:48:58.282485,Уфа,cancelled,4,26839.98,8051.994,2026-08,2026,3
3425,258,2026-08-15 23:48:58.282485,Санкт-Петербург,processing,10,27253.44,8176.031999999999,2026-08,2026,3
4049,691,2026-08-15 23:48:58.283920,Санкт-Петербург,completed,7,47258.59,14177.577,2026-08,2026,3
4368,4,2026-08-15 23:48:58.284934,Санкт-Петербург,completed,3,2689.85,806.9549999999999,2026-08,2026,3
4482,533,2026-08-15 23:48:58.284934,Самара,completed,10,34607.64,10382.292,2026-08,2026,3
4949,339,2026-08-15 23:48:58.285929,Ростов-на-Дону,completed,9,42829.62,12848.886,2026-08,2026,3
140,24,2026-08-16 23:48:58.273612,Екатеринбург,completed,2,5420.18,1626.054,2026-08,2026,3
729,287,2026-08-16 23:48:58.274623,Самара,completed,8,22179.47,6653.841,2026-08,2026,3
1128,1,2026-08-16 23:48:58.275959,Санкт-Петербург,processing,10,26401.64,7920.491999999999,2026-08,2026,3
809,39,2026-08-16 23:48:58.275959,Нижний Новгород,completed,5,13698.5,4109.55,2026-08,2026,3
859,965,2026-08-16 23:48:58.275959,Ростов-на-Дону,completed,12,25627.809999999998,7688.342999999999,2026-08,2026,3
1084,275,2026-08-16 23:48:58.275959,Ростов-на-Дону,completed,3,12811.11,3843.333,2026-08,2026,3
1426,824,2026-08-16 23:48:58.276965,Ростов-на-Дону,completed,3,9328.91,2798.673,2026-08,2026,3
1471,295,2026-08-16 23:48:58.276965,Новосибирск,completed,4,11956.5,3586.95,2026-08,2026,3
1226,414,2026-08-16 23:48:58.276965,Нижний Новгород,completed,4,29036.18,8710.854,2026-08,2026,3
1971,936,2026-08-16 23:48:58.277983,Нижний Новгород,completed,7,20912.46,6273.737999999999,2026-08,2026,3
1741,517,2026-08-16 23:48:58.277983,Уфа,completed,4,29414.08,8824.224,2026-08,2026,3
2012,135,2026-08-16 23:48:58.277983,Ростов-на-Дону,cancelled,11,35472.68,10641.804,2026-08,2026,3
2408,366,2026-08-16 23:48:58.279317,Ростов-на-Дону,completed,5,15252.98,4575.893999999999,2026-08,2026,3
2615,761,2026-08-16 23:48:58.280322,Красноярск,cancelled,4,15476.57,4642.971,2026-08,2026,3
2779,358,2026-08-16 23:48:58.280948,Красноярск,completed,3,19767.89,5930.366999999999,2026-08,2026,3
2816,434,2026-08-16 23:48:58.280948,Самара,completed,8,25283.879999999997,7585.163999999999,2026-08,2026,3
2819,437,2026-08-16 23:48:58.280948,Ростов-на-Дону,completed,1,7990.15,2397.0449999999996,2026-08,2026,3
3356,41,2026-08-16 23:48:58.282485,Екатеринбург,completed,1,4702.55,1410.765,2026-08,2026,3
3461,129,2026-08-16 23:48:58.282485,Санкт-Петербург,completed,9,38388.14,11516.442,2026-08,2026,3
4021,279,2026-08-16 23:48:58.283920,Ростов-на-Дону,processing,9,10709.720000000001,3212.916,2026-08,2026,3
4194,96,2026-08-16 23:48:58.284934,Красноярск,completed,1,13077.35,3923.205,2026-08,2026,3
4237,205,2026-08-16 23:48:58.284934,Екатеринбург,completed,3,21921.579999999998,6576.473999999999,2026-08,2026,3
4607,238,2026-08-16 23:48:58.285929,Москва,processing,7,21788.54,6536.562,2026-08,2026,3
4970,222,2026-08-16 23:48:58.285929,Екатеринбург,processing,6,15570.62,4671.186,2026-08,2026,3
227,930,2026-08-17 23:48:58.273612,Уфа,cancelled,8,42568.67,12770.600999999999,2026-08,2026,3
77,456,2026-08-17 23:48:58.273612,Екатеринбург,cancelled,3,4892.87,1467.8609999999999,2026-08,2026,3
441,136,2026-08-17 23:48:58.274623,Нижний Новгород,completed,5,6140.4,1842.12,2026-08,2026,3
677,251,2026-08-17 23:48:58.274623,Екатеринбург,completed,8,4179.120000000001,1253.736,2026-08,2026,3
781,63,2026-08-17 23:48:58.275959,Нижний Новгород,completed,7,14134.449999999999,4240.334999999999,2026-08,2026,3
873,438,2026-08-17 23:48:58.275959,Новосибирск,completed,5,44539.04,13361.712,2026-08,2026,3
1123,459,2026-08-17 23:48:58.275959,Казань,completed,1,4371.45,1311.435,2026-08,2026,3
1069,688,2026-08-17 23:48:58.275959,Москва,completed,9,47656.78,14297.034,2026-08,2026,3
998,671,2026-08-17 23:48:58.275959,Самара,completed,1,6626.13,1987.839,2026-08,2026,3
935,662,2026-08-17 23:48:58.275959,Красноярск,completed,3,6263.57,1879.071,2026-08,2026,3
1018,805,2026-08-17 23:48:58.275959,Екатеринбург,completed,9,51168.96,15350.687999999998,2026-08,2026,3
840,652,2026-08-17 23:48:58.275959,Москва,cancelled,10,20503.01,6150.902999999999,2026-08,2026,3
1269,622,2026-08-17 23:48:58.276965,Нижний Новгород,completed,3,16010.28,4803.084,2026-08,2026,3
1904,340,2026-08-17 23:48:58.277983,Красноярск,completed,3,19013.71,5704.112999999999,2026-08,2026,3
1572,825,2026-08-17 23:48:58.277983,Красноярск,completed,10,30848.66,9254.598,2026-08,2026,3
1632,381,2026-08-17 23:48:58.277983,Екатеринбург,completed,6,30852.2,9255.66,2026-08,2026,3
1806,141,2026-08-17 23:48:58.277983,Казань,cancelled,7,33015.09,9904.526999999998,2026-08,2026,3
2004,56,2026-08-17 23:48:58.277983,Самара,completed,4,23940.46,7182.138,2026-08,2026,3
2414,688,2026-08-17 23:48:58.279317,Москва,processing,5,30854.4,9256.32,2026-08,2026,3
2251,949,2026-08-17 23:48:58.279317,Казань,cancelled,6,15075.83,4522.749,2026-08,2026,3
2260,974,2026-08-17 23:48:58.279317,Екатеринбург,cancelled,4,20213.510000000002,6064.053000000001,2026-08,2026,3
2718,929,2026-08-17 23:48:58.280322,Санкт-Петербург,completed,7,18011.95,5403.585,2026-08,2026,3
2901,768,2026-08-17 23:48:58.280948,Самара,cancelled,4,15628.11,4688.433,2026-08,2026,3
2864,196,2026-08-17 23:48:58.280948,Уфа,completed,7,20491.21,6147.362999999999,2026-08,2026,3
2758,136,2026-08-17 23:48:58.280948,Нижний Новгород,completed,2,2820.47,846.141,2026-08,2026,3
3097,308,2026-08-17 23:48:58.280948,Казань,completed,4,20061.82,6018.545999999999,2026-08,2026,3
3516,891,2026-08-17 23:48:58.282485,Самара,completed,6,16440.9,4932.27,2026-08,2026,3
3748,651,2026-08-17 23:48:58.282485,Москва,completed,7,13793.45,4138.035,2026-08,2026,3
4070,889,2026-08-17 23:48:58.283920,Уфа,completed,8,25504.46,7651.338,2026-08,2026,3
4429,977,2026-08-17 23:48:58.284934,Казань,cancelled,4,5319.68,1595.904,2026-08,2026,3
4300,175,2026-08-17 23:48:58.284934,Красноярск,completed,6,27243.2,8172.96,2026-08,2026,3
4797,270,2026-08-17 23:48:58.285929,Екатеринбург,completed,11,37986.229999999996,11395.868999999999,2026-08,2026,3
10,685,2026-08-18 23:48:58.273612,Ростов-на-Дону,processing,3,1753.06,525.918,2026-08,2026,3
42,821,2026-08-18 23:48:58.273612,Красноярск,cancelled,1,5680.04,1704.012,2026-08,2026,3
491,654,2026-08-18 23:48:58.274623,Новосибирск,completed,4,16031.84,4809.552,2026-08,2026,3
669,285,2026-08-18 23:48:58.274623,Самара,completed,5,27828.059999999998,8348.418,2026-08,2026,3
507,943,2026-08-18 23:48:58.274623,Санкт-Петербург,completed,2,7276.04,2182.812,2026-08,2026,3
540,605,2026-08-18 23:48:58.274623,Екатеринбург,cancelled,3,22686.59,6805.977,2026-08,2026,3
434,76,2026-08-18 23:48:58.274623,Уфа,completed,2,8630.94,2589.282,2026-08,2026,3
559,172,2026-08-18 23:48:58.274623,Санкт-Петербург,processing,7,40937.1,12281.13,2026-08,2026,3
732,470,2026-08-18 23:48:58.274623,Нижний Новгород,processing,7,27031.739999999998,8109.521999999999,2026-08,2026,3
616,257,2026-08-18 23:48:58.274623,Красноярск,completed,5,24697.39,7409.217,2026-08,2026,3
449,798,2026-08-18 23:48:58.274623,Новосибирск,cancelled,4,17756.699999999997,5327.009999999999,2026-08,2026,3
889,100,2026-08-18 23:48:58.275959,Уфа,cancelled,4,10424.89,3127.4669999999996,2026-08,2026,3
1399,932,2026-08-18 23:48:58.276965,Казань,completed,1,8673.1,2601.93,2026-08,2026,3
1554,537,2026-08-18 23:48:58.276965,Санкт-Петербург,completed,3,7160.96,2148.288,2026-08,2026,3
1371,970,2026-08-18 23:48:58.276965,Екатеринбург,completed,8,21027.09,6308.1269999999995,2026-08,2026,3
1766,776,2026-08-18 23:48:58.277983,Самара,completed,3,10142.95,3042.885,2026-08,2026,3
2412,24,2026-08-18 23:48:58.279317,Екатеринбург,processing,6,37015.59,11104.676999999998,2026-08,2026,3
2210,499,2026-08-18 23:48:58.279317,Екатеринбург,cancelled,10,28230.44,8469.132,2026-08,2026,3
2704,590,2026-08-18 23:48:58.280322,Ростов-на-Дону,completed,2,10704.57,3211.3709999999996,2026-08,2026,3
2655,881,2026-08-18 23:48:58.280322,Красноярск,completed,2,9899.54,2969.862,2026-08,2026,3
2712,204,2026-08-18 23:48:58.280322,Нижний Новгород,completed,7,37870.659999999996,11361.197999999999,2026-08,2026,3
3286,368,2026-08-18 23:48:58.280948,Санкт-Петербург,completed,5,21551.18,6465.354,2026-08,2026,3
3308,811,2026-08-18 23:48:58.280948,Москва,completed,5,25849.84,7754.951999999999,2026-08,2026,3
3043,573,2026-08-18 23:48:58.280948,Ростов-на-Дону,completed,7,31905.879999999997,9571.764,2026-08,2026,3
3275,564,2026-08-18 23:48:58.280948,Санкт-Петербург,completed,12,35820.34,10746.101999999999,2026-08,2026,3
2824,538,2026-08-18 23:48:58.280948,Нижний Новгород,completed,1,11233.87,3370.161,2026-08,2026,3
3052,455,2026-08-18 23:48:58.280948,Уфа,processing,11,37578.92,11273.676,2026-08,2026,3
3276,770,2026-08-18 23:48:58.280948,Самара,completed,7,30522.04,9156.612,2026-08,2026,3
2839,47,2026-08-18 23:48:58.280948,Уфа,completed,2,2083.7,625.1099999999999,2026-08,2026,3
3476,875,2026-08-18 23:48:58.282485,Казань,completed,8,22853.66,6856.098,2026-08,2026,3
3706,468,2026-08-18 23:48:58.282485,Екатеринбург,completed,2,3381.08,1014.324,2026-08,2026,3
4085,383,2026-08-18 23:48:58.283920,Красноярск,cancelled,7,24183.68,7255.104,2026-08,2026,3
4040,276,2026-08-18 23:48:58.283920,Ростов-на-Дону,processing,6,25130.15,7539.045,2026-08,2026,3
4317,729,2026-08-18 23:48:58.284934,Екатеринбург,completed,4,21749.97,6524.991,2026-08,2026,3
4904,1000,2026-08-18 23:48:58.285929,Екатеринбург,completed,4,13439.87,4031.9610000000002,2026-08,2026,3
4907,256,2026-08-18 23:48:58.285929,Нижний Новгород,completed,8,34310.74,10293.222,2026-08,2026,3
43,435,2026-08-19 23:48:58.273612,Москва,completed,3,6245.11,1873.533,2026-08,2026,3
209,979,2026-08-19 23:48:58.273612,Самара,completed,8,25778.89,7733.6669999999995,2026-08,2026,3
104,867,2026-08-19 23:48:58.273612,Казань,completed,6,6609.48,1982.8439999999998,2026-08,2026,3
421,742,2026-08-19 23:48:58.274623,Самара,processing,3,14167.39,4250.217,2026-08,2026,3
399,848,2026-08-19 23:48:58.274623,Ростов-на-Дону,cancelled,7,30008.39,9002.517,2026-08,2026,3
897,307,2026-08-19 23:48:58.275959,Ростов-на-Дону,completed,10,41202.16,12360.648000000001,2026-08,2026,3
1482,123,2026-08-19 23:48:58.276965,Самара,cancelled,9,49905.36,14971.608,2026-08,2026,3
1587,270,2026-08-19 23:48:58.277983,Екатеринбург,completed,3,13534.32,4060.296,2026-08,2026,3
1677,504,2026-08-19 23:48:58.277983,Красноярск,completed,11,46211.16,13863.348,2026-08,2026,3
1607,339,2026-08-19 23:48:58.277983,Ростов-на-Дону,completed,3,5842.76,1752.828,2026-08,2026,3
1895,453,2026-08-19 23:48:58.277983,Самара,processing,2,6504.4,1951.3199999999997,2026-08,2026,3
2691,888,2026-08-19 23:48:58.280322,Москва,completed,3,539.74,161.922,2026-08,2026,3
2845,190,2026-08-19 23:48:58.280948,Екатеринбург,cancelled,2,2075.68,622.704,2026-08,2026,3
3258,745,2026-08-19 23:48:58.280948,Самара,completed,5,25563.03,7668.909,2026-08,2026,3
3439,635,2026-08-19 23:48:58.282485,Москва,completed,4,14569.09,4370.727,2026-08,2026,3
3567,628,2026-08-19 23:48:58.282485,Красноярск,completed,12,55126.630000000005,16537.989,2026-08,2026,3
3750,650,2026-08-19 23:48:58.282485,Ростов-на-Дону,completed,6,28451.55,8535.465,2026-08,2026,3
4115,415,2026-08-19 23:48:58.283920,Санкт-Петербург,completed,2,4585.87,1375.761,2026-08,2026,3
4055,475,2026-08-19 23:48:58.283920,Красноярск,cancelled,2,9466.58,2839.9739999999997,2026-08,2026,3
4198,557,2026-08-19 23:48:58.284934,Самара,processing,4,15702.48,4710.744,2026-08,2026,3
4432,941,2026-08-19 23:48:58.284934,Казань,completed,5,3573.2000000000003,1071.96,2026-08,2026,3
4630,287,2026-08-19 23:48:58.285929,Самара,completed,7,38787.28,11636.184,2026-08,2026,3
4981,544,2026-08-19 23:48:58.285929,Нижний Новгород,processing,4,19638.96,5891.687999999999,2026-08,2026,3
4921,880,2026-08-19 23:48:58.285929,Красноярск,completed,8,35841.74,10752.521999999999,2026-08,2026,3
4678,962,2026-08-19 23:48:58.285929,Красноярск,completed,3,9768.14,2930.4419999999996,2026-08,2026,3
424,859,2026-08-20 23:48:58.274623,Нижний Новгород,completed,7,32815.020000000004,9844.506000000001,2026-08,2026,3
457,496,2026-08-20 23:48:58.274623,Казань,completed,6,22937.71,6881.312999999999,2026-08,2026,3
411,947,2026-08-20 23:48:58.274623,Красноярск,cancelled,2,3074.81,922.443,2026-08,2026,3
376,35,2026-08-20 23:48:58.274623,Новосибирск,cancelled,4,6018.33,1805.499,2026-08,2026,3
706,846,2026-08-20 23:48:58.274623,Уфа,processing,8,11877.01,3563.103,2026-08,2026,3
766,940,2026-08-20 23:48:58.274623,Новосибирск,completed,2,13781.99,4134.597,2026-08,2026,3
858,165,2026-08-20 23:48:58.275959,Самара,processing,3,7648.39,2294.517,2026-08,2026,3
838,340,2026-08-20 23:48:58.275959,Красноярск,completed,4,16603.21,4980.963,2026-08,2026,3
1315,745,2026-08-20 23:48:58.276965,Самара,completed,7,28453.34,8536.002,2026-08,2026,3
2170,959,2026-08-20 23:48:58.279317,Екатеринбург,cancelled,1,6134.43,1840.329,2026-08,2026,3
2359,296,2026-08-20 23:48:58.279317,Москва,completed,2,19679.33,5903.799,2026-08,2026,3
2482,472,2026-08-20 23:48:58.279317,Самара,completed,6,24957.89,7487.366999999999,2026-08,2026,3
2620,356,2026-08-20 23:48:58.280322,Уфа,cancelled,4,8707.64,2612.292,2026-08,2026,3
2786,427,2026-08-20 23:48:58.280948,Москва,completed,3,12293.23,3687.9689999999996,2026-08,2026,3
3159,434,2026-08-20 23:48:58.280948,Самара,completed,1,8026.26,2407.878,2026-08,2026,3
3370,378,2026-08-20 23:48:58.282485,Самара,completed,10,40369.32,12110.796,2026-08,2026,3
3767,180,2026-08-20 23:48:58.282485,Нижний Новгород,completed,10,27745.1,8323.529999999999,2026-08,2026,3
3878,995,2026-08-20 23:48:58.283920,Екатеринбург,completed,5,47788.71,14336.613,2026-08,2026,3
3965,818,2026-08-20 23:48:58.283920,Красноярск,completed,10,38211.73,11463.519,2026-08,2026,3
4026,862,2026-08-20 23:48:58.283920,Красноярск,cancelled,9,31920.120000000003,9576.036,2026-08,2026,3
4066,622,2026-08-20 23:48:58.283920,Нижний Новгород,completed,3,9711.07,2913.321,2026-08,2026,3
4320,80,2026-08-20 23:48:58.284934,Казань,completed,3,2848.47,854.5409999999999,2026-08,2026,3
4377,903,2026-08-20 23:48:58.284934,Москва,completed,9,48497.45,14549.234999999999,2026-08,2026,3
4730,518,2026-08-20 23:48:58.285929,Самара,completed,1,3875.03,1162.509,2026-08,2026,3
4618,673,2026-08-20 23:48:58.285929,Нижний Новгород,completed,7,38957.43,11687.229,2026-08,2026,3
4714,979,2026-08-20 23:48:58.285929,Самара,completed,5,13935.17,4180.5509999999995,2026-08,2026,3
152,296,2026-08-21 23:48:58.273612,Москва,completed,8,28936.84,8681.052,2026-08,2026,3
94,658,2026-08-21 23:48:58.273612,Казань,completed,9,43977.89,13193.367,2026-08,2026,3
344,895,2026-08-21 23:48:58.274623,Красноярск,completed,8,46906.81,14072.043,2026-08,2026,3
1253,837,2026-08-21 23:48:58.276965,Екатеринбург,cancelled,2,10059.93,3017.979,2026-08,2026,3
1256,90,2026-08-21 23:48:58.276965,Уфа,completed,8,28460.620000000003,8538.186,2026-08,2026,3
1266,718,2026-08-21 23:48:58.276965,Красноярск,completed,3,6900.01,2070.003,2026-08,2026,3
1221,367,2026-08-21 23:48:58.276965,Ростов-на-Дону,cancelled,1,8411.78,2523.534,2026-08,2026,3
1455,573,2026-08-21 23:48:58.276965,Ростов-на-Дону,processing,1,7296.72,2189.016,2026-08,2026,3
1539,415,2026-08-21 23:48:58.276965,Санкт-Петербург,completed,12,39785.119999999995,11935.535999999998,2026-08,2026,3
1683,752,2026-08-21 23:48:58.277983,Ростов-на-Дону,completed,2,10164.83,3049.449,2026-08,2026,3
1754,249,2026-08-21 23:48:58.277983,Уфа,completed,4,16343.73,4903.119,2026-08,2026,3
1675,621,2026-08-21 23:48:58.277983,Москва,completed,6,20318.27,6095.481,2026-08,2026,3
2224,948,2026-08-21 23:48:58.279317,Красноярск,completed,10,27177.75,8153.325,2026-08,2026,3
2185,75,2026-08-21 23:48:58.279317,Санкт-Петербург,processing,2,22671.260000000002,6801.378000000001,2026-08,2026,3
2801,762,2026-08-21 23:48:58.280948,Екатеринбург,processing,7,15454.17,4636.251,2026-08,2026,3
3227,11,2026-08-21 23:48:58.280948,Уфа,completed,9,28667.79,8600.337,2026-08,2026,3
3490,603,2026-08-21 23:48:58.282485,Казань,completed,7,28974.489999999998,8692.347,2026-08,2026,3
4093,409,2026-08-21 23:48:58.283920,Екатеринбург,completed,1,8439.36,2531.808,2026-08,2026,3
4538,39,2026-08-21 23:48:58.284934,Нижний Новгород,completed,8,17897.05,5369.115,2026-08,2026,3
4554,560,2026-08-21 23:48:58.284934,Новосибирск,completed,3,14422.51,4326.753,2026-08,2026,3
4260,252,2026-08-21 23:48:58.284934,Красноярск,completed,4,8299.99,2489.997,2026-08,2026,3
4563,895,2026-08-21 23:48:58.284934,Красноярск,processing,1,8388.39,2516.517,2026-08,2026,3
4216,424,2026-08-21 23:48:58.284934,Екатеринбург,completed,3,11069.02,3320.706,2026-08,2026,3
4698,426,2026-08-21 23:48:58.285929,Екатеринбург,cancelled,3,3623.48,1087.0439999999999,2026-08,2026,3
4879,79,2026-08-21 23:48:58.285929,Екатеринбург,processing,12,45869.43,13760.829,2026-08,2026,3
289,62,2026-08-22 23:48:58.273612,Красноярск,completed,2,8404.12,2521.2360000000003,2026-08,2026,3
59,130,2026-08-22 23:48:58.273612,Ростов-на-Дону,completed,5,20298.36,6089.508,2026-08,2026,3
309,212,2026-08-22 23:48:58.274623,Екатеринбург,completed,11,30961.56,9288.468,2026-08,2026,3
908,328,2026-08-22 23:48:58.275959,Екатеринбург,completed,7,25561.02,7668.306,2026-08,2026,3
1297,635,2026-08-22 23:48:58.276965,Москва,completed,7,16359.7,4907.91,2026-08,2026,3
1447,721,2026-08-22 23:48:58.276965,Казань,completed,5,22825.65,6847.695000000001,2026-08,2026,3
1820,326,2026-08-22 23:48:58.277983,Самара,processing,6,31967.370000000003,9590.211000000001,2026-08,2026,3
1940,810,2026-08-22 23:48:58.277983,Казань,completed,5,8300.15,2490.0449999999996,2026-08,2026,3
1666,675,2026-08-22 23:48:58.277983,Санкт-Петербург,completed,7,36796.8,11039.04,2026-08,2026,3
2155,852,2026-08-22 23:48:58.279317,Красноярск,completed,12,25403.82,7621.146,2026-08,2026,3
2450,994,2026-08-22 23:48:58.279317,Санкт-Петербург,processing,4,21663.73,6499.119,2026-08,2026,3
2195,800,2026-08-22 23:48:58.279317,Красноярск,processing,6,23810.39,7143.116999999999,2026-08,2026,3
2177,452,2026-08-22 23:48:58.279317,Новосибирск,completed,5,24348.33,7304.499000000001,2026-08,2026,3
2534,878,2026-08-22 23:48:58.280322,Самара,completed,3,22644.77,6793.431,2026-08,2026,3
2510,584,2026-08-22 23:48:58.280322,Самара,completed,2,11751.62,3525.4860000000003,2026-08,2026,3
3343,490,2026-08-22 23:48:58.280948,Санкт-Петербург,completed,5,16660.62,4998.186,2026-08,2026,3
3335,204,2026-08-22 23:48:58.280948,Нижний Новгород,completed,10,27992.4,8397.72,2026-08,2026,3
3192,731,2026-08-22 23:48:58.280948,Екатеринбург,processing,3,14463.67,4339.101,2026-08,2026,3
3421,45,2026-08-22 23:48:58.282485,Самара,completed,10,55668.92,16700.676,2026-08,2026,3
3382,473,2026-08-22 23:48:58.282485,Санкт-Петербург,completed,7,20501.78,6150.534,2026-08,2026,3
4114,146,2026-08-22 23:48:58.283920,Уфа,completed,6,46617.63,13985.288999999999,2026-08,2026,3
4561,821,2026-08-22 23:48:58.284934,Красноярск,completed,8,23085.31,6925.593,2026-08,2026,3
4286,17,2026-08-22 23:48:58.284934,Ростов-на-Дону,completed,5,38463.55,11539.065,2026-08,2026,3
4372,698,2026-08-22 23:48:58.284934,Санкт-Петербург,completed,7,7380.34,2214.102,2026-08,2026,3
4333,193,2026-08-22 23:48:58.284934,Екатеринбург,completed,9,35967.1,10790.13,2026-08,2026,3
4480,118,2026-08-22 23:48:58.284934,Москва,completed,11,39032.36,11709.708,2026-08,2026,3
4951,161,2026-08-22 23:48:58.285929,Красноярск,completed,4,6372.03,1911.609,2026-08,2026,3
4820,445,2026-08-22 23:48:58.285929,Самара,completed,11,61668.21,18500.463,2026-08,2026,3
79,356,2026-08-23 23:48:58.273612,Уфа,processing,5,23141.379999999997,6942.413999999999,2026-08,2026,3
288,718,2026-08-23 23:48:58.273612,Красноярск,processing,3,21081.94,6324.581999999999,2026-08,2026,3
674,659,2026-08-23 23:48:58.274623,Санкт-Петербург,completed,6,15800.81,4740.2429999999995,2026-08,2026,3
601,871,2026-08-23 23:48:58.274623,Нижний Новгород,processing,3,10123.54,3037.0620000000004,2026-08,2026,3
690,537,2026-08-23 23:48:58.274623,Санкт-Петербург,completed,3,7541.98,2262.5939999999996,2026-08,2026,3
1101,48,2026-08-23 23:48:58.275959,Нижний Новгород,completed,4,13327.3,3998.1899999999996,2026-08,2026,3
1031,172,2026-08-23 23:48:58.275959,Санкт-Петербург,completed,8,26232.4,7869.72,2026-08,2026,3
1335,238,2026-08-23 23:48:58.276965,Москва,completed,2,6333.32,1899.9959999999999,2026-08,2026,3
1428,91,2026-08-23 23:48:58.276965,Красноярск,completed,5,21462.629999999997,6438.788999999999,2026-08,2026,3
2356,829,2026-08-23 23:48:58.279317,Нижний Новгород,completed,3,20685.21,6205.562999999999,2026-08,2026,3
2235,226,2026-08-23 23:48:58.279317,Санкт-Петербург,completed,6,38840.38,11652.114,2026-08,2026,3
2431,344,2026-08-23 23:48:58.279317,Нижний Новгород,processing,7,33997.31,10199.193,2026-08,2026,3
2349,56,2026-08-23 23:48:58.279317,Самара,completed,4,19000.379999999997,5700.113999999999,2026-08,2026,3
2639,327,2026-08-23 23:48:58.280322,Екатеринбург,cancelled,5,20330.77,6099.231,2026-08,2026,3
3161,319,2026-08-23 23:48:58.280948,Казань,cancelled,6,18420.21,5526.062999999999,2026-08,2026,3
2911,827,2026-08-23 23:48:58.280948,Новосибирск,completed,6,47751.16,14325.348,2026-08,2026,3
3352,457,2026-08-23 23:48:58.280948,Новосибирск,completed,8,41615.53,12484.659,2026-08,2026,3
3178,443,2026-08-23 23:48:58.280948,Уфа,completed,7,25822.190000000002,7746.657,2026-08,2026,3
3138,132,2026-08-23 23:48:58.280948,Самара,completed,8,40711.97,12213.591,2026-08,2026,3
3137,180,2026-08-23 23:48:58.280948,Нижний Новгород,processing,8,20895.28,6268.584,2026-08,2026,3
3406,686,2026-08-23 23:48:58.282485,Нижний Новгород,completed,10,30531.37,9159.411,2026-08,2026,3
3670,334,2026-08-23 23:48:58.282485,Новосибирск,cancelled,2,7577.51,2273.253,2026-08,2026,3
4536,945,2026-08-23 23:48:58.284934,Уфа,completed,6,18820.47,5646.1410000000005,2026-08,2026,3
4680,322,2026-08-23 23:48:58.285929,Новосибирск,completed,8,22852.870000000003,6855.861000000001,2026-08,2026,3
255,242,2026-08-24 23:48:58.273612,Новосибирск,cancelled,3,20465.25,6139.575,2026-08,2026,3
188,894,2026-08-24 23:48:58.273612,Санкт-Петербург,cancelled,5,13565.1,4069.5299999999997,2026-08,2026,3
761,13,2026-08-24 23:48:58.274623,Новосибирск,completed,1,13800.4,4140.12,2026-08,2026,3
375,981,2026-08-24 23:48:58.274623,Москва,processing,4,11244.16,3373.248,2026-08,2026,3
381,383,2026-08-24 23:48:58.274623,Красноярск,processing,6,13856.05,4156.815,2026-08,2026,3
579,825,2026-08-24 23:48:58.274623,Красноярск,processing,2,3950.61,1185.183,2026-08,2026,3
663,41,2026-08-24 23:48:58.274623,Екатеринбург,completed,10,18149.17,5444.750999999999,2026-08,2026,3
892,567,2026-08-24 23:48:58.275959,Казань,completed,4,20363.03,6108.909,2026-08,2026,3
887,578,2026-08-24 23:48:58.275959,Уфа,completed,13,45604.03,13681.208999999999,2026-08,2026,3
1521,168,2026-08-24 23:48:58.276965,Санкт-Петербург,completed,7,30134.35,9040.304999999998,2026-08,2026,3
1189,860,2026-08-24 23:48:58.276965,Ростов-на-Дону,cancelled,8,29280.07,8784.020999999999,2026-08,2026,3
2048,677,2026-08-24 23:48:58.277983,Ростов-на-Дону,completed,7,23374.65,7012.395,2026-08,2026,3
1801,832,2026-08-24 23:48:58.277983,Уфа,cancelled,6,24165.010000000002,7249.503000000001,2026-08,2026,3
2174,284,2026-08-24 23:48:58.279317,Нижний Новгород,completed,6,30068.0,9020.4,2026-08,2026,3
2498,608,2026-08-24 23:48:58.280322,Санкт-Петербург,completed,3,10435.34,3130.602,2026-08,2026,3
2634,642,2026-08-24 23:48:58.280322,Екатеринбург,processing,4,27210.120000000003,8163.036,2026-08,2026,3
2584,329,2026-08-24 23:48:58.280322,Нижний Новгород,completed,10,33510.99,10053.296999999999,2026-08,2026,3
3173,88,2026-08-24 23:48:58.280948,Нижний Новгород,completed,3,20350.15,6105.045,2026-08,2026,3
2881,238,2026-08-24 23:48:58.280948,Москва,processing,7,31531.3,9459.39,2026-08,2026,3
2976,750,2026-08-24 23:48:58.280948,Москва,completed,5,13492.33,4047.6989999999996,2026-08,2026,3
2994,95,2026-08-24 23:48:58.280948,Москва,completed,12,21661.68,6498.504,2026-08,2026,3
3090,1,2026-08-24 23:48:58.280948,Санкт-Петербург,completed,4,7601.33,2280.399,2026-08,2026,3
3835,491,2026-08-24 23:48:58.282485,Новосибирск,processing,9,40781.159999999996,12234.347999999998,2026-08,2026,3
3531,206,2026-08-24 23:48:58.282485,Самара,cancelled,5,26788.059999999998,8036.417999999999,2026-08,2026,3
3541,10,2026-08-24 23:48:58.282485,Красноярск,completed,8,26074.02,7822.206,2026-08,2026,3
4470,886,2026-08-24 23:48:58.284934,Екатеринбург,completed,1,14494.76,4348.428,2026-08,2026,3
4580,343,2026-08-24 23:48:58.284934,Самара,completed,6,4954.889999999999,1486.4669999999999,2026-08,2026,3
53,811,2026-08-25 23:48:58.273612,Москва,completed,5,18523.68,5557.104,2026-08,2026,3
99,515,2026-08-25 23:48:58.273612,Екатеринбург,completed,4,8460.69,2538.207,2026-08,2026,3
279,829,2026-08-25 23:48:58.273612,Нижний Новгород,completed,4,16632.28,4989.683999999999,2026-08,2026,3
334,937,2026-08-25 23:48:58.274623,Казань,processing,1,3739.63,1121.889,2026-08,2026,3
679,624,2026-08-25 23:48:58.274623,Новосибирск,completed,10,16431.56,4929.468,2026-08,2026,3
315,223,2026-08-25 23:48:58.274623,Москва,completed,2,13329.2,3998.76,2026-08,2026,3
1186,687,2026-08-25 23:48:58.276965,Новосибирск,completed,4,7582.889999999999,2274.8669999999997,2026-08,2026,3
1728,81,2026-08-25 23:48:58.277983,Москва,completed,1,8214.17,2464.2509999999997,2026-08,2026,3
1920,627,2026-08-25 23:48:58.277983,Казань,completed,9,28218.35,8465.505,2026-08,2026,3
1681,814,2026-08-25 23:48:58.277983,Самара,processing,6,26780.52,8034.156,2026-08,2026,3
2335,754,2026-08-25 23:48:58.279317,Самара,processing,6,27259.34,8177.802,2026-08,2026,3
2458,596,2026-08-25 23:48:58.279317,Москва,completed,5,19574.76,5872.427999999999,2026-08,2026,3
2417,524,2026-08-25 23:48:58.279317,Красноярск,cancelled,7,25392.53,7617.758999999999,2026-08,2026,3
2161,95,2026-08-25 23:48:58.279317,Москва,processing,4,31523.620000000003,9457.086000000001,2026-08,2026,3
2580,519,2026-08-25 23:48:58.280322,Санкт-Петербург,completed,8,28058.2,8417.46,2026-08,2026,3
2591,360,2026-08-25 23:48:58.280322,Ростов-на-Дону,cancelled,4,19803.21,5940.963,2026-08,2026,3
3207,149,2026-08-25 23:48:58.280948,Ростов-на-Дону,completed,1,1385.41,415.623,2026-08,2026,3
3179,694,2026-08-25 23:48:58.280948,Ростов-на-Дону,processing,8,52534.229999999996,15760.268999999998,2026-08,2026,3
3065,28,2026-08-25 23:48:58.280948,Санкт-Петербург,completed,4,21103.83,6331.149,2026-08,2026,3
3552,626,2026-08-25 23:48:58.282485,Казань,completed,4,18527.1,5558.129999999999,2026-08,2026,3
3901,333,2026-08-25 23:48:58.283920,Казань,cancelled,7,42636.520000000004,12790.956,2026-08,2026,3
3940,250,2026-08-25 23:48:58.283920,Москва,processing,9,19873.39,5962.017,2026-08,2026,3
4575,634,2026-08-25 23:48:58.284934,Екатеринбург,processing,9,34738.97,10421.691,2026-08,2026,3
4485,401,2026-08-25 23:48:58.284934,Нижний Новгород,completed,6,6387.48,1916.2439999999997,2026-08,2026,3
4595,954,2026-08-25 23:48:58.284934,Ростов-на-Дону,completed,11,40991.46,12297.438,2026-08,2026,3
4654,951,2026-08-25 23:48:58.285929,Красноярск,completed,1,12515.43,3754.629,2026-08,2026,3
4677,419,2026-08-25 23:48:58.285929,Ростов-на-Дону,processing,8,40599.36,12179.807999999999,2026-08,2026,3
4611,256,2026-08-25 23:48:58.285929,Нижний Новгород,completed,3,21585.29,6475.587,2026-08,2026,3
4606,448,2026-08-25 23:48:58.285929,Новосибирск,completed,11,32741.03,9822.309,2026-08,2026,3
708,690,2026-08-26 23:48:58.274623,Красноярск,completed,8,37360.85,11208.255,2026-08,2026,3
1133,846,2026-08-26 23:48:58.275959,Уфа,completed,2,18134.47,5440.341,2026-08,2026,3
1424,724,2026-08-26 23:48:58.276965,Уфа,completed,1,2775.75,832.725,2026-08,2026,3
1883,788,2026-08-26 23:48:58.277983,Москва,completed,3,2914.01,874.2030000000001,2026-08,2026,3
1783,278,2026-08-26 23:48:58.277983,Красноярск,completed,6,31253.010000000002,9375.903,2026-08,2026,3
1767,758,2026-08-26 23:48:58.277983,Екатеринбург,completed,8,14098.78,4229.634,2026-08,2026,3
1623,370,2026-08-26 23:48:58.277983,Уфа,cancelled,4,15052.82,4515.846,2026-08,2026,3
2337,910,2026-08-26 23:48:58.279317,Уфа,completed,7,35870.229999999996,10761.068999999998,2026-08,2026,3
2101,628,2026-08-26 23:48:58.279317,Красноярск,completed,13,24268.77,7280.631,2026-08,2026,3
2699,29,2026-08-26 23:48:58.280322,Екатеринбург,cancelled,5,13582.279999999999,4074.6839999999993,2026-08,2026,3
2556,102,2026-08-26 23:48:58.280322,Самара,completed,6,17764.2,5329.26,2026-08,2026,3
3045,591,2026-08-26 23:48:58.280948,Ростов-на-Дону,processing,2,5083.22,1524.9660000000001,2026-08,2026,3
3254,254,2026-08-26 23:48:58.280948,Красноярск,cancelled,7,28976.41,8692.922999999999,2026-08,2026,3
2746,61,2026-08-26 23:48:58.280948,Красноярск,completed,3,25223.15,7566.945,2026-08,2026,3
3769,362,2026-08-26 23:48:58.282485,Москва,completed,2,9603.38,2881.0139999999997,2026-08,2026,3
3648,184,2026-08-26 23:48:58.282485,Нижний Новгород,completed,5,30204.33,9061.299,2026-08,2026,3
3399,455,2026-08-26 23:48:58.282485,Уфа,processing,1,13952.71,4185.812999999999,2026-08,2026,3
3812,243,2026-08-26 23:48:58.282485,Москва,cancelled,4,35196.94,10559.082,2026-08,2026,3
3831,94,2026-08-26 23:48:58.282485,Екатеринбург,completed,8,26371.43,7911.429,2026-08,2026,3
3624,754,2026-08-26 23:48:58.282485,Самара,completed,9,33264.22,9979.266,2026-08,2026,3
3999,381,2026-08-26 23:48:58.283920,Екатеринбург,cancelled,5,7707.629999999999,2312.2889999999998,2026-08,2026,3
3893,277,2026-08-26 23:48:58.283920,Казань,cancelled,7,20351.63,6105.4890000000005,2026-08,2026,3
4184,849,2026-08-26 23:48:58.283920,Москва,processing,2,10012.34,3003.7019999999998,2026-08,2026,3
4119,851,2026-08-26 23:48:58.283920,Санкт-Петербург,completed,7,30589.95,9176.985,2026-08,2026,3
4599,494,2026-08-26 23:48:58.284934,Новосибирск,completed,11,47297.590000000004,14189.277,2026-08,2026,3
4472,524,2026-08-26 23:48:58.284934,Красноярск,cancelled,3,10073.41,3022.0229999999997,2026-08,2026,3
4465,860,2026-08-26 23:48:58.284934,Ростов-на-Дону,completed,8,24267.25,7280.175,2026-08,2026,3
4357,118,2026-08-26 23:48:58.284934,Москва,completed,5,18882.76,5664.8279999999995,2026-08,2026,3
4206,676,2026-08-26 23:48:58.284934,Новосибирск,completed,7,8386.73,2516.019,2026-08,2026,3
4973,80,2026-08-26 23:48:58.285929,Казань,completed,7,16637.37,4991.210999999999,2026-08,2026,3
4627,107,2026-08-26 23:48:58.285929,Новосибирск,completed,6,28997.63,8699.289,2026-08,2026,3
216,249,2026-08-27 23:48:58.273612,Уфа,cancelled,8,29888.899999999998,8966.669999999998,2026-08,2026,3
143,50,2026-08-27 23:48:58.273612,Москва,completed,13,44739.4,13421.82,2026-08,2026,3
34,883,2026-08-27 23:48:58.273612,Нижний Новгород,cancelled,7,35387.33,10616.199,2026-08,2026,3
312,894,2026-08-27 23:48:58.274623,Санкт-Петербург,completed,10,33280.5,9984.15,2026-08,2026,3
326,508,2026-08-27 23:48:58.274623,Казань,completed,9,42508.54,12752.562,2026-08,2026,3
608,781,2026-08-27 23:48:58.274623,Казань,completed,5,32920.82,9876.246,2026-08,2026,3
927,244,2026-08-27 23:48:58.275959,Новосибирск,cancelled,2,14577.36,4373.208,2026-08,2026,3
1155,544,2026-08-27 23:48:58.276965,Нижний Новгород,processing,2,7226.58,2167.9739999999997,2026-08,2026,3
1745,764,2026-08-27 23:48:58.277983,Ростов-на-Дону,processing,4,17394.620000000003,5218.386,2026-08,2026,3
1738,157,2026-08-27 23:48:58.277983,Уфа,cancelled,5,27198.760000000002,8159.628000000001,2026-08,2026,3
1598,156,2026-08-27 23:48:58.277983,Ростов-на-Дону,processing,4,11139.900000000001,3341.9700000000003,2026-08,2026,3
2001,455,2026-08-27 23:48:58.277983,Уфа,completed,3,7895.64,2368.692,2026-08,2026,3
1857,986,2026-08-27 23:48:58.277983,Нижний Новгород,completed,7,39679.46,11903.838,2026-08,2026,3
2230,648,2026-08-27 23:48:58.279317,Екатеринбург,completed,9,37687.119999999995,11306.135999999999,2026-08,2026,3
2379,789,2026-08-27 23:48:58.279317,Красноярск,completed,3,17679.010000000002,5303.703,2026-08,2026,3
2799,217,2026-08-27 23:48:58.280948,Казань,cancelled,1,12303.57,3691.071,2026-08,2026,3
3153,230,2026-08-27 23:48:58.280948,Казань,completed,8,35388.37,10616.511,2026-08,2026,3
2830,583,2026-08-27 23:48:58.280948,Самара,processing,5,23653.35,7096.004999999999,2026-08,2026,3
3400,5,2026-08-27 23:48:58.282485,Уфа,completed,10,35676.75,10703.025,2026-08,2026,3
3840,328,2026-08-27 23:48:58.282485,Екатеринбург,completed,2,10327.89,3098.3669999999997,2026-08,2026,3
3732,919,2026-08-27 23:48:58.282485,Уфа,completed,2,11009.59,3302.877,2026-08,2026,3
3395,714,2026-08-27 23:48:58.282485,Ростов-на-Дону,cancelled,11,41527.82,12458.346,2026-08,2026,3
4274,202,2026-08-27 23:48:58.284934,Екатеринбург,completed,10,50441.25,15132.375,2026-08,2026,3
4355,698,2026-08-27 23:48:58.284934,Санкт-Петербург,cancelled,3,15224.61,4567.383,2026-08,2026,3
4770,350,2026-08-27 23:48:58.285929,Екатеринбург,processing,6,28700.98,8610.294,2026-08,2026,3
149,375,2026-08-28 23:48:58.273612,Новосибирск,completed,8,37736.15,11320.845,2026-08,2026,3
313,759,2026-08-28 23:48:58.274623,Красноярск,completed,8,28585.02,8575.506,2026-08,2026,3
1080,872,2026-08-28 23:48:58.275959,Казань,completed,3,10627.36,3188.208,2026-08,2026,3
1242,499,2026-08-28 23:48:58.276965,Екатеринбург,completed,9,36263.2,10878.96,2026-08,2026,3
1362,250,2026-08-28 23:48:58.276965,Москва,completed,8,29539.260000000002,8861.778,2026-08,2026,3
2312,428,2026-08-28 23:48:58.279317,Новосибирск,completed,3,3527.53,1058.259,2026-08,2026,3
2272,945,2026-08-28 23:48:58.279317,Уфа,completed,10,31333.85,9400.154999999999,2026-08,2026,3
2585,605,2026-08-28 23:48:58.280322,Екатеринбург,completed,5,20581.510000000002,6174.453,2026-08,2026,3
2761,321,2026-08-28 23:48:58.280948,Екатеринбург,completed,14,44728.270000000004,13418.481000000002,2026-08,2026,3
2831,79,2026-08-28 23:48:58.280948,Екатеринбург,processing,9,42449.36,12734.807999999999,2026-08,2026,3
2796,338,2026-08-28 23:48:58.280948,Москва,cancelled,5,16927.7,5078.31,2026-08,2026,3
3054,604,2026-08-28 23:48:58.280948,Самара,completed,2,532.27,159.68099999999998,2026-08,2026,3
3251,251,2026-08-28 23:48:58.280948,Екатеринбург,processing,3,7705.24,2311.5719999999997,2026-08,2026,3
3036,554,2026-08-28 23:48:58.280948,Екатеринбург,cancelled,2,3319.26,995.778,2026-08,2026,3
3024,892,2026-08-28 23:48:58.280948,Москва,completed,2,4943.14,1482.942,2026-08,2026,3
3152,530,2026-08-28 23:48:58.280948,Самара,cancelled,6,26841.16,8052.348,2026-08,2026,3
2750,727,2026-08-28 23:48:58.280948,Казань,completed,4,19773.579999999998,5932.074,2026-08,2026,3
3198,817,2026-08-28 23:48:58.280948,Нижний Новгород,completed,8,33170.700000000004,9951.210000000001,2026-08,2026,3
3697,840,2026-08-28 23:48:58.282485,Нижний Новгород,completed,9,26769.440000000002,8030.832,2026-08,2026,3
3943,845,2026-08-28 23:48:58.283920,Новосибирск,completed,2,597.95,179.38500000000002,2026-08,2026,3
4041,579,2026-08-28 23:48:58.283920,Москва,processing,1,11505.59,3451.677,2026-08,2026,3
3956,918,2026-08-28 23:48:58.283920,Нижний Новгород,processing,6,18171.15,5451.345,2026-08,2026,3
4303,266,2026-08-28 23:48:58.284934,Нижний Новгород,completed,3,4857.88,1457.364,2026-08,2026,3
4275,511,2026-08-28 23:48:58.284934,Екатеринбург,completed,3,25190.18,7557.054,2026-08,2026,3
4528,70,2026-08-28 23:48:58.284934,Санкт-Петербург,completed,5,31808.41,9542.523,2026-08,2026,3
4705,378,2026-08-28 23:48:58.285929,Самара,completed,9,28951.11,8685.333,2026-08,2026,3
4756,740,2026-08-28 23:48:58.285929,Санкт-Петербург,completed,10,56415.13,16924.538999999997,2026-08,2026,3
4692,554,2026-08-28 23:48:58.285929,Екатеринбург,processing,7,15329.24,4598.772,2026-08,2026,3
4643,455,2026-08-28 23:48:58.285929,Уфа,completed,5,17026.15,5107.845,2026-08,2026,3
4851,839,2026-08-28 23:48:58.285929,Екатеринбург,completed,6,16752.31,5025.693,2026-08,2026,3
208,298,2026-08-29 23:48:58.273612,Красноярск,completed,8,25992.71,7797.812999999999,2026-08,2026,3
50,458,2026-08-29 23:48:58.273612,Новосибирск,cancelled,8,37804.82,11341.446,2026-08,2026,3
568,843,2026-08-29 23:48:58.274623,Казань,cancelled,4,34482.96,10344.887999999999,2026-08,2026,3
751,618,2026-08-29 23:48:58.274623,Казань,completed,6,15113.95,4534.185,2026-08,2026,3
408,942,2026-08-29 23:48:58.274623,Екатеринбург,completed,8,14489.869999999999,4346.960999999999,2026-08,2026,3
1077,896,2026-08-29 23:48:58.275959,Ростов-на-Дону,completed,2,12187.64,3656.292,2026-08,2026,3
1065,165,2026-08-29 23:48:58.275959,Самара,processing,5,36124.92,10837.475999999999,2026-08,2026,3
1485,981,2026-08-29 23:48:58.276965,Москва,completed,6,35498.75,10649.625,2026-08,2026,3
1211,387,2026-08-29 23:48:58.276965,Москва,completed,2,27528.25,8258.475,2026-08,2026,3
1279,127,2026-08-29 23:48:58.276965,Самара,completed,5,25354.71,7606.413,2026-08,2026,3
1235,982,2026-08-29 23:48:58.276965,Уфа,cancelled,9,28690.27,8607.081,2026-08,2026,3
1855,753,2026-08-29 23:48:58.277983,Санкт-Петербург,processing,8,38425.28,11527.583999999999,2026-08,2026,3
1619,645,2026-08-29 23:48:58.277983,Санкт-Петербург,cancelled,5,33120.17,9936.051,2026-08,2026,3
1853,468,2026-08-29 23:48:58.277983,Екатеринбург,completed,9,25419.91,7625.973,2026-08,2026,3
1629,993,2026-08-29 23:48:58.277983,Красноярск,processing,2,8972.45,2691.735,2026-08,2026,3
2206,568,2026-08-29 23:48:58.279317,Екатеринбург,completed,7,23390.71,7017.213,2026-08,2026,3
2404,491,2026-08-29 23:48:58.279317,Новосибирск,completed,8,11615.13,3484.5389999999998,2026-08,2026,3
2219,346,2026-08-29 23:48:58.279317,Уфа,completed,4,18529.559999999998,5558.8679999999995,2026-08,2026,3
2339,634,2026-08-29 23:48:58.279317,Екатеринбург,completed,2,7411.8,2223.54,2026-08,2026,3
2142,979,2026-08-29 23:48:58.279317,Самара,completed,5,19918.11,5975.433,2026-08,2026,3
2653,873,2026-08-29 23:48:58.280322,Санкт-Петербург,cancelled,10,43280.82,12984.246,2026-08,2026,3
2527,740,2026-08-29 23:48:58.280322,Санкт-Петербург,completed,6,12546.42,3763.926,2026-08,2026,3
3014,297,2026-08-29 23:48:58.280948,Новосибирск,processing,6,19380.09,5814.027,2026-08,2026,3
3219,898,2026-08-29 23:48:58.280948,Москва,completed,2,11461.27,3438.381,2026-08,2026,3
3087,463,2026-08-29 23:48:58.280948,Москва,completed,6,23716.34,7114.902,2026-08,2026,3
3543,597,2026-08-29 23:48:58.282485,Уфа,completed,10,22236.57,6670.971,2026-08,2026,3
3447,806,2026-08-29 23:48:58.282485,Нижний Новгород,processing,13,24333.68,7300.104,2026-08,2026,3
3891,299,2026-08-29 23:48:58.283920,Санкт-Петербург,cancelled,7,20229.72,6068.916,2026-08,2026,3
4590,741,2026-08-29 23:48:58.284934,Санкт-Петербург,completed,12,39132.26,11739.678,2026-08,2026,3
4421,465,2026-08-29 23:48:58.284934,Казань,completed,2,10124.97,3037.4909999999995,2026-08,2026,3
4507,456,2026-08-29 23:48:58.284934,Екатеринбург,completed,4,5421.61,1626.483,2026-08,2026,3
32,260,2026-08-30 23:48:58.273612,Екатеринбург,cancelled,11,46865.89,14059.767,2026-08,2026,3
161,47,2026-08-30 23:48:58.273612,Уфа,completed,12,29121.99,8736.597,2026-08,2026,3
229,757,2026-08-30 23:48:58.273612,Санкт-Петербург,completed,9,39009.270000000004,11702.781,2026-08,2026,3
489,557,2026-08-30 23:48:58.274623,Самара,completed,4,10953.97,3286.191,2026-08,2026,3
702,954,2026-08-30 23:48:58.274623,Ростов-на-Дону,processing,4,28622.88,8586.864,2026-08,2026,3
987,398,2026-08-30 23:48:58.275959,Уфа,processing,2,9661.22,2898.3659999999995,2026-08,2026,3
1022,5,2026-08-30 23:48:58.275959,Уфа,processing,6,21980.65,6594.195000000001,2026-08,2026,3
925,412,2026-08-30 23:48:58.275959,Ростов-на-Дону,completed,1,3458.58,1037.5739999999998,2026-08,2026,3
1319,929,2026-08-30 23:48:58.276965,Санкт-Петербург,processing,9,47018.58,14105.574,2026-08,2026,3
1430,624,2026-08-30 23:48:58.276965,Новосибирск,cancelled,5,15629.6,4688.88,2026-08,2026,3
1970,804,2026-08-30 23:48:58.277983,Казань,completed,3,2763.39,829.0169999999999,2026-08,2026,3
1979,742,2026-08-30 23:48:58.277983,Самара,completed,3,13027.76,3908.328,2026-08,2026,3
2106,172,2026-08-30 23:48:58.279317,Санкт-Петербург,cancelled,1,1220.89,366.267,2026-08,2026,3
2258,709,2026-08-30 23:48:58.279317,Самара,processing,6,21649.260000000002,6494.778,2026-08,2026,3
2189,956,2026-08-30 23:48:58.279317,Красноярск,cancelled,7,26887.69,8066.306999999999,2026-08,2026,3
3291,369,2026-08-30 23:48:58.280948,Москва,processing,8,29225.010000000002,8767.503,2026-08,2026,3
2965,87,2026-08-30 23:48:58.280948,Новосибирск,processing,7,32328.07,9698.421,2026-08,2026,3
3378,407,2026-08-30 23:48:58.282485,Казань,completed,10,23637.54,7091.262,2026-08,2026,3
3828,411,2026-08-30 23:48:58.282485,Самара,completed,8,26632.559999999998,7989.767999999999,2026-08,2026,3
3491,907,2026-08-30 23:48:58.282485,Казань,completed,8,22395.85,6718.754999999999,2026-08,2026,3
3779,846,2026-08-30 23:48:58.282485,Уфа,completed,2,4709.28,1412.7839999999999,2026-08,2026,3
4053,601,2026-08-30 23:48:58.283920,Москва,completed,8,22957.57,6887.271,2026-08,2026,3
4585,720,2026-08-30 23:48:58.284934,Нижний Новгород,completed,4,14429.009999999998,4328.7029999999995,2026-08,2026,3
4686,671,2026-08-30 23:48:58.285929,Самара,completed,12,54885.32,16465.595999999998,2026-08,2026,3
4666,405,2026-08-30 23:48:58.285929,Самара,processing,1,3284.01,985.203,2026-08,2026,3
4806,914,2026-08-30 23:48:58.285929,Ростов-на-Дону,completed,8,33776.54,10132.962,2026-08,2026,3
310,609,2026-08-31 23:48:58.274623,Уфа,completed,9,35544.71,10663.412999999999,2026-08,2026,3
572,305,2026-08-31 23:48:58.274623,Москва,completed,6,15860.580000000002,4758.174,2026-08,2026,3
898,925,2026-08-31 23:48:58.275959,Казань,processing,7,34055.06,10216.517999999998,2026-08,2026,3
854,819,2026-08-31 23:48:58.275959,Санкт-Петербург,completed,3,4830.4,1449.12,2026-08,2026,3
944,256,2026-08-31 23:48:58.275959,Нижний Новгород,completed,2,4820.05,1446.015,2026-08,2026,3
1708,744,2026-08-31 23:48:58.277983,Красноярск,completed,11,35296.91,10589.073,2026-08,2026,3
1668,895,2026-08-31 23:48:58.277983,Красноярск,completed,3,15037.34,4511.202,2026-08,2026,3
1614,756,2026-08-31 23:48:58.277983,Красноярск,completed,11,34358.29,10307.487,2026-08,2026,3
1902,149,2026-08-31 23:48:58.277983,Ростов-на-Дону,cancelled,3,2550.23,765.069,2026-08,2026,3
1670,102,2026-08-31 23:48:58.277983,Самара,processing,7,40437.02,12131.105999999998,2026-08,2026,3
2090,376,2026-08-31 23:48:58.279317,Красноярск,completed,1,12744.97,3823.4909999999995,2026-08,2026,3
2390,576,2026-08-31 23:48:58.279317,Екатеринбург,cancelled,8,22423.42,6727.025999999999,2026-08,2026,3
2124,883,2026-08-31 23:48:58.279317,Нижний Новгород,completed,4,12412.07,3723.6209999999996,2026-08,2026,3
2690,417,2026-08-31 23:48:58.280322,Самара,completed,7,26794.82,8038.446,2026-08,2026,3
3009,485,2026-08-31 23:48:58.280948,Самара,cancelled,7,22922.16,6876.648,2026-08,2026,3
3685,872,2026-08-31 23:48:58.282485,Казань,completed,12,59455.02,17836.505999999998,2026-08,2026,3
3393,732,2026-08-31 23:48:58.282485,Казань,cancelled,5,14802.23,4440.669,2026-08,2026,3
4039,952,2026-08-31 23:48:58.283920,Казань,completed,5,14607.390000000001,4382.217000000001,2026-08,2026,3
4433,225,2026-08-31 23:48:58.284934,Новосибирск,completed,5,14036.59,4210.977,2026-08,2026,3
4551,209,2026-08-31 23:48:58.284934,Москва,completed,6,22916.61,6874.983,2026-08,2026,3
4578,31,2026-08-31 23:48:58.284934,Красноярск,completed,9,32417.02,9725.106,2026-08,2026,3
4224,876,2026-08-31 23:48:58.284934,Казань,completed,8,25335.72,7600.716,2026-08,2026,3
5000,280,2026-08-31 23:48:58.285929,Москва,cancelled,12,46397.83,13919.349,2026-08,2026,3
113,846,2026-09-01 23:48:58.273612,Уфа,completed,7,29362.13,8808.639,2026-09,2026,3
955,292,2026-09-01 23:48:58.275959,Санкт-Петербург,completed,4,15061.699999999999,4518.509999999999,2026-09,2026,3
861,722,2026-09-01 23:48:58.275959,Красноярск,completed,3,23237.77,6971.331,2026-09,2026,3
949,698,2026-09-01 23:48:58.275959,Санкт-Петербург,completed,1,5091.54,1527.462,2026-09,2026,3
1945,984,2026-09-01 23:48:58.277983,Санкт-Петербург,completed,7,27268.719999999998,8180.615999999999,2026-09,2026,3
1959,861,2026-09-01 23:48:58.277983,Новосибирск,completed,6,33101.88,9930.563999999998,2026-09,2026,3
2021,500,2026-09-01 23:48:58.277983,Новосибирск,completed,13,36675.99,11002.796999999999,2026-09,2026,3
2278,162,2026-09-01 23:48:58.279317,Уфа,completed,3,11460.4,3438.12,2026-09,2026,3
2650,140,2026-09-01 23:48:58.280322,Казань,completed,4,25272.98,7581.893999999999,2026-09,2026,3
2645,197,2026-09-01 23:48:58.280322,Уфа,completed,2,10367.14,3110.142,2026-09,2026,3
2944,371,2026-09-01 23:48:58.280948,Нижний Новгород,completed,10,42328.630000000005,12698.589000000002,2026-09,2026,3
2792,158,2026-09-01 23:48:58.280948,Самара,completed,5,20650.97,6195.291,2026-09,2026,3
3232,999,2026-09-01 23:48:58.280948,Екатеринбург,completed,10,23750.550000000003,7125.165000000001,2026-09,2026,3
3076,496,2026-09-01 23:48:58.280948,Казань,completed,7,22887.91,6866.373,2026-09,2026,3
2972,24,2026-09-01 23:48:58.280948,Екатеринбург,processing,7,24261.489999999998,7278.446999999999,2026-09,2026,3
3582,733,2026-09-01 23:48:58.282485,Москва,completed,7,14782.03,4434.609,2026-09,2026,3
4540,647,2026-09-01 23:48:58.284934,Нижний Новгород,completed,8,23358.21,7007.463,2026-09,2026,3
4340,274,2026-09-01 23:48:58.284934,Казань,completed,5,17182.02,5154.606,2026-09,2026,3
4842,241,2026-09-01 23:48:58.285929,Екатеринбург,completed,9,27139.77,8141.931,2026-09,2026,3
4651,776,2026-09-01 23:48:58.285929,Самара,completed,11,29972.73,8991.819,2026-09,2026,3
4704,637,2026-09-01 23:48:58.285929,Уфа,completed,2,6827.37,2048.211,2026-09,2026,3
444,106,2026-09-02 23:48:58.274623,Уфа,completed,4,13755.24,4126.572,2026-09,2026,3
505,354,2026-09-02 23:48:58.274623,Казань,completed,13,35095.96,10528.787999999999,2026-09,2026,3
790,185,2026-09-02 23:48:58.275959,Санкт-Петербург,completed,7,42747.42,12824.225999999999,2026-09,2026,3
876,100,2026-09-02 23:48:58.275959,Уфа,completed,5,37881.630000000005,11364.489000000001,2026-09,2026,3
984,144,2026-09-02 23:48:58.275959,Уфа,cancelled,10,24014.2,7204.26,2026-09,2026,3
1553,56,2026-09-02 23:48:58.276965,Самара,completed,7,26329.88,7898.964,2026-09,2026,3
1239,290,2026-09-02 23:48:58.276965,Уфа,processing,2,7534.16,2260.248,2026-09,2026,3
1972,519,2026-09-02 23:48:58.277983,Санкт-Петербург,completed,5,27033.89,8110.1669999999995,2026-09,2026,3
2160,35,2026-09-02 23:48:58.279317,Новосибирск,processing,11,36505.53,10951.659,2026-09,2026,3
2324,598,2026-09-02 23:48:58.279317,Нижний Новгород,completed,6,22567.66,6770.298,2026-09,2026,3
2406,316,2026-09-02 23:48:58.279317,Самара,completed,3,26466.690000000002,7940.0070000000005,2026-09,2026,3
3334,501,2026-09-02 23:48:58.280948,Екатеринбург,completed,6,21412.04,6423.612,2026-09,2026,3
3374,474,2026-09-02 23:48:58.282485,Самара,completed,1,6170.88,1851.264,2026-09,2026,3
4199,392,2026-09-02 23:48:58.284934,Новосибирск,cancelled,1,10878.7,3263.61,2026-09,2026,3
4790,501,2026-09-02 23:48:58.285929,Екатеринбург,completed,9,44503.100000000006,13350.930000000002,2026-09,2026,3
4648,960,2026-09-02 23:48:58.285929,Самара,processing,10,35021.4,10506.42,2026-09,2026,3
815,61,2026-09-03 23:48:58.275959,Красноярск,completed,1,14747.22,4424.165999999999,2026-09,2026,3
1048,857,2026-09-03 23:48:58.275959,Казань,completed,9,42613.51,12784.053,2026-09,2026,3
1642,198,2026-09-03 23:48:58.277983,Санкт-Петербург,cancelled,2,14530.7,4359.21,2026-09,2026,3
1794,949,2026-09-03 23:48:58.277983,Казань,completed,12,54827.7,16448.309999999998,2026-09,2026,3
2715,230,2026-09-03 23:48:58.280322,Казань,completed,9,38715.39,11614.617,2026-09,2026,3
2654,498,2026-09-03 23:48:58.280322,Красноярск,completed,9,26644.35,7993.304999999999,2026-09,2026,3
2600,274,2026-09-03 23:48:58.280322,Казань,cancelled,3,2091.92,627.576,2026-09,2026,3
2805,92,2026-09-03 23:48:58.280948,Самара,completed,2,12730.1,3819.0299999999997,2026-09,2026,3
2888,447,2026-09-03 23:48:58.280948,Новосибирск,completed,9,15716.78,4715.034,2026-09,2026,3
3055,883,2026-09-03 23:48:58.280948,Нижний Новгород,completed,3,4354.52,1306.356,2026-09,2026,3
3436,239,2026-09-03 23:48:58.282485,Новосибирск,processing,11,24942.190000000002,7482.657,2026-09,2026,3
3663,231,2026-09-03 23:48:58.282485,Казань,processing,1,13174.41,3952.323,2026-09,2026,3
4111,217,2026-09-03 23:48:58.283920,Казань,cancelled,5,16679.25,5003.775,2026-09,2026,3
4491,652,2026-09-03 23:48:58.284934,Москва,completed,12,28958.989999999998,8687.696999999998,2026-09,2026,3
4396,656,2026-09-03 23:48:58.284934,Новосибирск,completed,8,9396.119999999999,2818.836,2026-09,2026,3
4230,549,2026-09-03 23:48:58.284934,Новосибирск,processing,5,32545.829999999998,9763.749,2026-09,2026,3
4887,525,2026-09-03 23:48:58.285929,Москва,completed,6,20704.55,6211.365,2026-09,2026,3
4869,37,2026-09-03 23:48:58.285929,Самара,processing,7,28333.91,8500.172999999999,2026-09,2026,3
4881,426,2026-09-03 23:48:58.285929,Екатеринбург,completed,1,12956.4,3886.9199999999996,2026-09,2026,3
4857,553,2026-09-03 23:48:58.285929,Москва,cancelled,3,9517.78,2855.3340000000003,2026-09,2026,3
171,836,2026-09-04 23:48:58.273612,Москва,completed,5,29938.39,8981.517,2026-09,2026,3
388,294,2026-09-04 23:48:58.274623,Екатеринбург,processing,10,30937.0,9281.1,2026-09,2026,3
362,150,2026-09-04 23:48:58.274623,Самара,completed,7,34527.56,10358.267999999998,2026-09,2026,3
384,500,2026-09-04 23:48:58.274623,Новосибирск,completed,4,20275.84,6082.7519999999995,2026-09,2026,3
386,13,2026-09-04 23:48:58.274623,Новосибирск,processing,8,26464.97,7939.491,2026-09,2026,3
308,630,2026-09-04 23:48:58.274623,Новосибирск,completed,1,7101.05,2130.315,2026-09,2026,3
1025,196,2026-09-04 23:48:58.275959,Уфа,cancelled,6,22495.43,6748.629,2026-09,2026,3
785,814,2026-09-04 23:48:58.275959,Самара,completed,5,22320.79,6696.237,2026-09,2026,3
1778,685,2026-09-04 23:48:58.277983,Ростов-на-Дону,completed,2,21462.96,6438.888,2026-09,2026,3
1709,611,2026-09-04 23:48:58.277983,Самара,processing,3,14380.36,4314.108,2026-09,2026,3
2076,664,2026-09-04 23:48:58.277983,Екатеринбург,completed,8,28010.64,8403.192,2026-09,2026,3
2226,670,2026-09-04 23:48:58.279317,Екатеринбург,completed,7,34509.03,10352.708999999999,2026-09,2026,3
2567,560,2026-09-04 23:48:58.280322,Новосибирск,completed,5,25095.24,7528.572,2026-09,2026,3
2627,185,2026-09-04 23:48:58.280322,Санкт-Петербург,cancelled,4,20921.559999999998,6276.467999999999,2026-09,2026,3
3047,515,2026-09-04 23:48:58.280948,Екатеринбург,completed,1,12921.17,3876.3509999999997,2026-09,2026,3
3107,337,2026-09-04 23:48:58.280948,Самара,cancelled,5,10144.560000000001,3043.3680000000004,2026-09,2026,3
2907,49,2026-09-04 23:48:58.280948,Москва,completed,12,39206.56,11761.967999999999,2026-09,2026,3
2859,836,2026-09-04 23:48:58.280948,Москва,cancelled,11,40197.38,12059.213999999998,2026-09,2026,3
3049,986,2026-09-04 23:48:58.280948,Нижний Новгород,completed,3,7796.0,2338.7999999999997,2026-09,2026,3
3403,94,2026-09-04 23:48:58.282485,Екатеринбург,completed,4,24307.71,7292.312999999999,2026-09,2026,3
3386,175,2026-09-04 23:48:58.282485,Красноярск,processing,11,47370.13,14211.038999999999,2026-09,2026,3
3904,263,2026-09-04 23:48:58.283920,Уфа,processing,7,23874.21,7162.263,2026-09,2026,3
4160,666,2026-09-04 23:48:58.283920,Новосибирск,processing,6,37275.3,11182.59,2026-09,2026,3
3987,209,2026-09-04 23:48:58.283920,Москва,completed,3,3262.8,978.84,2026-09,2026,3
4598,701,2026-09-04 23:48:58.284934,Нижний Новгород,processing,10,27667.41,8300.223,2026-09,2026,3
4280,292,2026-09-04 23:48:58.284934,Санкт-Петербург,cancelled,3,15166.91,4550.072999999999,2026-09,2026,3
4382,839,2026-09-04 23:48:58.284934,Екатеринбург,processing,1,5354.15,1606.245,2026-09,2026,3
4673,474,2026-09-04 23:48:58.285929,Самара,completed,6,23441.36,7032.408,2026-09,2026,3
348,311,2026-09-05 23:48:58.274623,Новосибирск,completed,5,5651.34,1695.402,2026-09,2026,3
699,46,2026-09-05 23:48:58.274623,Екатеринбург,completed,11,37259.62,11177.886,2026-09,2026,3
1446,531,2026-09-05 23:48:58.276965,Казань,cancelled,11,39967.06,11990.117999999999,2026-09,2026,3
1839,419,2026-09-05 23:48:58.277983,Ростов-на-Дону,completed,14,40995.59,12298.676999999998,2026-09,2026,3
1603,155,2026-09-05 23:48:58.277983,Самара,completed,5,5501.46,1650.4379999999999,2026-09,2026,3
2229,134,2026-09-05 23:48:58.279317,Санкт-Петербург,completed,2,508.15,152.445,2026-09,2026,3
2536,184,2026-09-05 23:48:58.280322,Нижний Новгород,cancelled,7,28302.23,8490.669,2026-09,2026,3
3191,106,2026-09-05 23:48:58.280948,Уфа,processing,6,17043.379999999997,5113.013999999999,2026-09,2026,3
2849,120,2026-09-05 23:48:58.280948,Нижний Новгород,completed,10,39995.23,11998.569000000001,2026-09,2026,3
3404,29,2026-09-05 23:48:58.282485,Екатеринбург,completed,4,18595.989999999998,5578.797,2026-09,2026,3
3811,513,2026-09-05 23:48:58.282485,Самара,cancelled,6,15053.990000000002,4516.197,2026-09,2026,3
3417,324,2026-09-05 23:48:58.282485,Уфа,completed,10,29255.370000000003,8776.611,2026-09,2026,3
3927,745,2026-09-05 23:48:58.283920,Самара,processing,3,25137.98,7541.393999999999,2026-09,2026,3
3933,615,2026-09-05 23:48:58.283920,Санкт-Петербург,completed,5,10953.5,3286.0499999999997,2026-09,2026,3
4143,591,2026-09-05 23:48:58.283920,Ростов-на-Дону,completed,8,28114.79,8434.437,2026-09,2026,3
4011,712,2026-09-05 23:48:58.283920,Нижний Новгород,completed,10,33568.56,10070.568,2026-09,2026,3
4068,100,2026-09-05 23:48:58.283920,Уфа,completed,11,11249.08,3374.7239999999997,2026-09,2026,3
4177,34,2026-09-05 23:48:58.283920,Екатеринбург,completed,4,16616.36,4984.908,2026-09,2026,3
4374,146,2026-09-05 23:48:58.284934,Уфа,cancelled,2,4357.93,1307.3790000000001,2026-09,2026,3
4662,930,2026-09-05 23:48:58.285929,Уфа,completed,1,6096.07,1828.821,2026-09,2026,3
4610,47,2026-09-05 23:48:58.285929,Уфа,cancelled,11,56516.69,16955.007,2026-09,2026,3
4999,515,2026-09-05 23:48:58.285929,Екатеринбург,processing,7,25349.81,7604.943,2026-09,2026,3
253,587,2026-09-06 23:48:58.273612,Самара,completed,1,10914.69,3274.407,2026-09,2026,3
146,550,2026-09-06 23:48:58.273612,Нижний Новгород,completed,8,34025.07,10207.520999999999,2026-09,2026,3
625,10,2026-09-06 23:48:58.274623,Красноярск,cancelled,6,20409.62,6122.8859999999995,2026-09,2026,3
723,899,2026-09-06 23:48:58.274623,Красноярск,completed,1,9398.61,2819.583,2026-09,2026,3
1113,56,2026-09-06 23:48:58.275959,Самара,cancelled,8,26871.049999999996,8061.314999999999,2026-09,2026,3
1327,515,2026-09-06 23:48:58.276965,Екатеринбург,cancelled,1,9245.28,2773.5840000000003,2026-09,2026,3
1469,549,2026-09-06 23:48:58.276965,Новосибирск,cancelled,3,15653.92,4696.1759999999995,2026-09,2026,3
1514,826,2026-09-06 23:48:58.276965,Ростов-на-Дону,completed,8,29557.670000000002,8867.301,2026-09,2026,3
1497,706,2026-09-06 23:48:58.276965,Красноярск,completed,5,23795.63,7138.689,2026-09,2026,3
2075,138,2026-09-06 23:48:58.277983,Новосибирск,completed,11,21753.25,6525.974999999999,2026-09,2026,3
1732,951,2026-09-06 23:48:58.277983,Красноярск,cancelled,5,36037.89,10811.367,2026-09,2026,3
1784,671,2026-09-06 23:48:58.277983,Самара,completed,2,11918.15,3575.4449999999997,2026-09,2026,3
2059,597,2026-09-06 23:48:58.277983,Уфа,processing,7,29134.56,8740.368,2026-09,2026,3
2102,548,2026-09-06 23:48:58.279317,Ростов-на-Дону,completed,9,62182.14,18654.642,2026-09,2026,3
2685,398,2026-09-06 23:48:58.280322,Уфа,completed,3,12772.71,3831.8129999999996,2026-09,2026,3
2945,150,2026-09-06 23:48:58.280948,Самара,cancelled,4,11910.33,3573.0989999999997,2026-09,2026,3
3110,924,2026-09-06 23:48:58.280948,Красноярск,cancelled,6,24976.57,7492.971,2026-09,2026,3
3184,639,2026-09-06 23:48:58.280948,Нижний Новгород,completed,4,19131.75,5739.525,2026-09,2026,3
2873,342,2026-09-06 23:48:58.280948,Красноярск,completed,6,34128.770000000004,10238.631000000001,2026-09,2026,3
3205,378,2026-09-06 23:48:58.280948,Самара,processing,8,43499.59,13049.876999999999,2026-09,2026,3
3315,966,2026-09-06 23:48:58.280948,Уфа,completed,7,17598.21,5279.463,2026-09,2026,3
3737,266,2026-09-06 23:48:58.282485,Нижний Новгород,cancelled,2,17304.34,5191.302,2026-09,2026,3
3390,688,2026-09-06 23:48:58.282485,Москва,cancelled,5,26906.760000000002,8072.028,2026-09,2026,3
3902,836,2026-09-06 23:48:58.283920,Москва,completed,9,25528.41,7658.522999999999,2026-09,2026,3
4015,165,2026-09-06 23:48:58.283920,Самара,completed,10,31560.61,9468.182999999999,2026-09,2026,3
3884,714,2026-09-06 23:48:58.283920,Ростов-на-Дону,processing,3,6996.240000000001,2098.8720000000003,2026-09,2026,3
4414,113,2026-09-06 23:48:58.284934,Нижний Новгород,completed,7,20556.92,6167.075999999999,2026-09,2026,3
4378,696,2026-09-06 23:48:58.284934,Москва,processing,5,23620.800000000003,7086.240000000001,2026-09,2026,3
4297,846,2026-09-06 23:48:58.284934,Уфа,completed,6,28716.05,8614.814999999999,2026-09,2026,3
4195,448,2026-09-06 23:48:58.284934,Новосибирск,cancelled,9,42929.479999999996,12878.844,2026-09,2026,3
4931,409,2026-09-06 23:48:58.285929,Екатеринбург,completed,5,20351.010000000002,6105.303000000001,2026-09,2026,3
4994,956,2026-09-06 23:48:58.285929,Красноярск,completed,11,42127.240000000005,12638.172,2026-09,2026,3
720,155,2026-09-07 23:48:58.274623,Самара,completed,8,34999.63,10499.889,2026-09,2026,3
527,399,2026-09-07 23:48:58.274623,Нижний Новгород,cancelled,7,47876.0,14362.8,2026-09,2026,3
377,50,2026-09-07 23:48:58.274623,Москва,completed,3,22782.88,6834.8640000000005,2026-09,2026,3
1015,60,2026-09-07 23:48:58.275959,Екатеринбург,completed,1,1165.9,349.77000000000004,2026-09,2026,3
1303,173,2026-09-07 23:48:58.276965,Новосибирск,completed,10,41305.56,12391.668,2026-09,2026,3
1402,727,2026-09-07 23:48:58.276965,Казань,processing,5,19231.84,5769.552,2026-09,2026,3
1484,629,2026-09-07 23:48:58.276965,Красноярск,processing,7,19953.83,5986.149,2026-09,2026,3
1896,615,2026-09-07 23:48:58.277983,Санкт-Петербург,completed,3,26702.99,8010.897,2026-09,2026,3
1942,332,2026-09-07 23:48:58.277983,Ростов-на-Дону,completed,9,29349.879999999997,8804.963999999998,2026-09,2026,3
1891,827,2026-09-07 23:48:58.277983,Новосибирск,processing,12,26930.3,8079.089999999999,2026-09,2026,3
2397,160,2026-09-07 23:48:58.279317,Новосибирск,cancelled,5,32631.82,9789.546,2026-09,2026,3
2262,429,2026-09-07 23:48:58.279317,Новосибирск,processing,3,1038.33,311.49899999999997,2026-09,2026,3
2250,7,2026-09-07 23:48:58.279317,Москва,completed,2,14628.44,4388.532,2026-09,2026,3
2981,755,2026-09-07 23:48:58.280948,Санкт-Петербург,completed,6,20475.269999999997,6142.580999999999,2026-09,2026,3
2848,19,2026-09-07 23:48:58.280948,Новосибирск,completed,5,23306.129999999997,6991.838999999999,2026-09,2026,3
3351,207,2026-09-07 23:48:58.280948,Москва,completed,7,42512.72,12753.816,2026-09,2026,3
3226,189,2026-09-07 23:48:58.280948,Новосибирск,completed,2,13349.92,4004.9759999999997,2026-09,2026,3
3542,770,2026-09-07 23:48:58.282485,Самара,cancelled,3,12581.84,3774.5519999999997,2026-09,2026,3
3680,185,2026-09-07 23:48:58.282485,Санкт-Петербург,processing,6,39523.04,11856.912,2026-09,2026,3
3457,645,2026-09-07 23:48:58.282485,Санкт-Петербург,completed,8,31328.83,9398.649,2026-09,2026,3
4176,248,2026-09-07 23:48:58.283920,Уфа,completed,7,22524.23,6757.268999999999,2026-09,2026,3
4552,915,2026-09-07 23:48:58.284934,Нижний Новгород,completed,2,4222.37,1266.711,2026-09,2026,3
4478,960,2026-09-07 23:48:58.284934,Самара,completed,4,18128.85,5438.655,2026-09,2026,3
4227,560,2026-09-07 23:48:58.284934,Новосибирск,completed,7,31205.43,9361.628999999999,2026-09,2026,3
4996,200,2026-09-07 23:48:58.285929,Санкт-Петербург,processing,8,28175.35,8452.605,2026-09,2026,3
285,837,2026-09-08 23:48:58.273612,Екатеринбург,cancelled,6,21239.27,6371.781,2026-09,2026,3
7,440,2026-09-08 23:48:58.273612,Самара,processing,11,21557.379999999997,6467.213999999999,2026-09,2026,3
300,229,2026-09-08 23:48:58.274623,Казань,completed,5,15312.32,4593.696,2026-09,2026,3
598,596,2026-09-08 23:48:58.274623,Москва,cancelled,1,4611.71,1383.513,2026-09,2026,3
846,738,2026-09-08 23:48:58.275959,Москва,completed,5,36606.14,10981.841999999999,2026-09,2026,3
1068,241,2026-09-08 23:48:58.275959,Екатеринбург,completed,3,14988.05,4496.415,2026-09,2026,3
1390,848,2026-09-08 23:48:58.276965,Ростов-на-Дону,cancelled,5,11133.21,3339.9629999999997,2026-09,2026,3
1442,671,2026-09-08 23:48:58.276965,Самара,completed,8,26451.9,7935.57,2026-09,2026,3
1575,11,2026-09-08 23:48:58.277983,Уфа,processing,1,13476.85,4043.055,2026-09,2026,3
2196,232,2026-09-08 23:48:58.279317,Москва,completed,7,35272.97,10581.891,2026-09,2026,3
2328,649,2026-09-08 23:48:58.279317,Екатеринбург,cancelled,4,15888.64,4766.592,2026-09,2026,3
2192,589,2026-09-08 23:48:58.279317,Новосибирск,processing,3,11184.47,3355.341,2026-09,2026,3
2442,28,2026-09-08 23:48:58.279317,Санкт-Петербург,completed,4,23627.31,7088.193,2026-09,2026,3
3022,501,2026-09-08 23:48:58.280948,Екатеринбург,completed,6,22612.99,6783.897,2026-09,2026,3
3220,225,2026-09-08 23:48:58.280948,Новосибирск,cancelled,12,40018.74,12005.622,2026-09,2026,3
3561,193,2026-09-08 23:48:58.282485,Екатеринбург,cancelled,13,41221.16,12366.348,2026-09,2026,3
3602,755,2026-09-08 23:48:58.282485,Санкт-Петербург,completed,11,44525.57,13357.671,2026-09,2026,3
3841,42,2026-09-08 23:48:58.282485,Санкт-Петербург,completed,4,23031.67,6909.500999999999,2026-09,2026,3
3882,189,2026-09-08 23:48:58.283920,Новосибирск,completed,5,21701.44,6510.432,2026-09,2026,3
3895,119,2026-09-08 23:48:58.283920,Санкт-Петербург,cancelled,2,2024.83,607.449,2026-09,2026,3
4425,677,2026-09-08 23:48:58.284934,Ростов-на-Дону,completed,9,28557.73,8567.319,2026-09,2026,3
4972,487,2026-09-08 23:48:58.285929,Ростов-на-Дону,completed,12,35656.45,10696.935,2026-09,2026,3
4969,173,2026-09-08 23:48:58.285929,Новосибирск,completed,11,46032.12,13809.636,2026-09,2026,3
