order_id,user_id,order_date,status
1,49,2026-07-09 23:48:58.273612,completed
2,655,2026-04-02 23:48:58.273612,completed
3,65,2026-08-11 23:48:58.273612,completed
4,612,2026-04-24 23:48:58.273612,completed
5,648,2026-04-30 23:48:58.273612,processing
6,248,2026-08-03 23:48:58.273612,completed
7,440,2026-09-08 23:48:58.273612,processing
8,362,2026-07-09 23:48:58.273612,processing
9,427,2026-07-23 23:48:58.273612,cancelled
10,685,2026-08-18 23:48:58.273612,processing
11,999,2026-06-08 23:48:58.273612,completed
12,977,2026-04-27 23:48:58.273612,processing
13,520,2026-05-02 23:48:58.273612,processing
14,21,2026-06-01 23:48:58.273612,completed
15,45,2026-03-30 23:48:58.273612,completed
16,383,2026-07-06 23:48:58.273612,cancelled
17,17,2026-06-09 23:48:58.273612,completed
18,354,2026-07-09 23:48:58.273612,cancelled
19,673,2026-04-01 23:48:58.273612,completed
20,791,2026-04-13 23:48:58.273612,cancelled
21,775,2026-06-15 23:48:58.273612,completed
22,46,2026-06-10 23:48:58.273612,processing
23,347,2026-03-28 23:48:58.273612,completed
24,851,2026-03-17 23:48:58.273612,completed
25,713,2026-05-09 23:48:58.273612,cancelled
26,187,2026-08-05 23:48:58.273612,completed
27,734,2026-05-14 23:48:58.273612,completed
28,301,2026-07-19 23:48:58.273612,completed
29,811,2026-07-19 23:48:58.273612,completed
30,324,2026-06-21 23:48:58.273612,processing
31,408,2026-04-22 23:48:58.273612,completed
32,260,2026-08-30 23:48:58.273612,cancelled
33,196,2026-06-27 23:48:58.273612,completed
34,883,2026-08-27 23:48:58.273612,cancelled
35,340,2026-07-01 23:48:58.273612,completed
36,819,2026-06-06 23:48:58.273612,completed
37,911,2026-05-29 23:48:58.273612,cancelled
38,451,2026-06-02 23:48:58.273612,completed
39,998,2026-07-23 23:48:58.273612,completed
40,709,2026-05-04 23:48:58.273612,completed
41,947,2026-04-29 23:48:58.273612,completed
42,821,2026-08-18 23:48:58.273612,cancelled
43,435,2026-08-19 23:48:58.273612,completed
44,617,2026-07-24 23:48:58.273612,processing
45,301,2026-06-18 23:48:58.273612,completed
46,82,2026-06-17 23:48:58.273612,cancelled
47,303,2026-06-22 23:48:58.273612,completed
48,618,2026-05-22 23:48:58.273612,completed
49,707,2026-05-18 23:48:58.273612,completed
50,458,2026-08-29 23:48:58.273612,cancelled
51,891,2026-06-10 23:48:58.273612,processing
52,446,2026-06-30 23:48:58.273612,cancelled
53,811,2026-08-25 23:48:58.273612,completed
54,688,2026-03-29 23:48:58.273612,completed
55,373,2026-04-30 23:48:58.273612,cancelled
56,696,2026-07-30 23:48:58.273612,completed
57,147,2026-04-06 23:48:58.273612,cancelled
58,801,2026-05-19 23:48:58.273612,completed
59,130,2026-08-22 23:48:58.273612,completed
60,798,2026-03-27 23:48:58.273612,completed
61,371,2026-06-02 23:48:58.273612,processing
62,34,2026-04-07 23:48:58.273612,completed
63,696,2026-05-16 23:48:58.273612,completed
64,381,2026-05-18 23:48:58.273612,completed
65,588,2026-08-04 23:48:58.273612,processing
66,376,2026-05-30 23:48:58.273612,completed
67,666,2026-06-29 23:48:58.273612,completed
68,984,2026-08-10 23:48:58.273612,completed
69,754,2026-07-23 23:48:58.273612,completed
70,531,2026-06-01 23:48:58.273612,processing
71,121,2026-07-03 23:48:58.273612,completed
72,721,2026-05-17 23:48:58.273612,completed
73,627,2026-06-27 23:48:58.273612,cancelled
74,939,2026-05-06 23:48:58.273612,completed
75,126,2026-08-05 23:48:58.273612,completed
76,463,2026-07-26 23:48:58.273612,cancelled
77,456,2026-08-17 23:48:58.273612,cancelled
78,991,2026-06-19 23:48:58.273612,cancelled
79,356,2026-08-23 23:48:58.273612,processing
80,556,2026-06-26 23:48:58.273612,completed
81,872,2026-07-30 23:48:58.273612,cancelled
82,727,2026-03-13 23:48:58.273612,cancelled
83,179,2026-06-08 23:48:58.273612,processing
84,230,2026-08-08 23:48:58.273612,completed
85,812,2026-08-04 23:48:58.273612,completed
86,810,2026-05-05 23:48:58.273612,completed
87,370,2026-04-20 23:48:58.273612,processing
88,378,2026-05-12 23:48:58.273612,processing
89,133,2026-04-05 23:48:58.273612,completed
90,68,2026-06-21 23:48:58.273612,completed
91,735,2026-05-09 23:48:58.273612,processing
92,421,2026-05-27 23:48:58.273612,processing
93,76,2026-08-07 23:48:58.273612,completed
94,658,2026-08-21 23:48:58.273612,completed
95,478,2026-03-18 23:48:58.273612,processing
96,353,2026-08-07 23:48:58.273612,processing
97,656,2026-04-11 23:48:58.273612,completed
98,787,2026-08-06 23:48:58.273612,completed
99,515,2026-08-25 23:48:58.273612,completed
100,531,2026-07-31 23:48:58.273612,completed
101,169,2026-07-29 23:48:58.273612,completed
102,958,2026-07-13 23:48:58.273612,completed
103,971,2026-04-29 23:48:58.273612,completed
104,867,2026-08-19 23:48:58.273612,completed
105,202,2026-03-30 23:48:58.273612,processing
106,282,2026-08-07 23:48:58.273612,cancelled
107,311,2026-04-04 23:48:58.273612,processing
108,96,2026-05-03 23:48:58.273612,cancelled
109,173,2026-04-10 23:48:58.273612,processing
110,158,2026-07-27 23:48:58.273612,cancelled
111,640,2026-04-07 23:48:58.273612,completed
112,863,2026-04-17 23:48:58.273612,completed
113,846,2026-09-01 23:48:58.273612,completed
114,47,2026-03-28 23:48:58.273612,processing
115,272,2026-03-26 23:48:58.273612,completed
116,786,2026-04-15 23:48:58.273612,completed
117,633,2026-03-29 23:48:58.273612,completed
118,510,2026-04-01 23:48:58.273612,processing
119,297,2026-03-28 23:48:58.273612,completed
120,495,2026-07-08 23:48:58.273612,cancelled
121,416,2026-06-24 23:48:58.273612,completed
122,75,2026-03-16 23:48:58.273612,completed
123,162,2026-05-19 23:48:58.273612,completed
124,496,2026-05-13 23:48:58.273612,completed
125,349,2026-04-06 23:48:58.273612,completed
126,321,2026-06-19 23:48:58.273612,cancelled
127,882,2026-06-12 23:48:58.273612,completed
128,134,2026-06-06 23:48:58.273612,processing
129,576,2026-08-12 23:48:58.273612,completed
130,248,2026-05-12 23:48:58.273612,completed
131,274,2026-05-16 23:48:58.273612,completed
132,145,2026-08-15 23:48:58.273612,completed
133,298,2026-06-02 23:48:58.273612,processing
134,429,2026-07-07 23:48:58.273612,completed
135,834,2026-06-17 23:48:58.273612,processing
136,739,2026-06-20 23:48:58.273612,completed
137,782,2026-07-30 23:48:58.273612,completed
138,528,2026-05-12 23:48:58.273612,completed
139,901,2026-06-22 23:48:58.273612,completed
140,24,2026-08-16 23:48:58.273612,completed
141,518,2026-05-14 23:48:58.273612,completed
142,221,2026-04-12 23:48:58.273612,completed
143,50,2026-08-27 23:48:58.273612,completed
144,507,2026-04-09 23:48:58.273612,cancelled
145,689,2026-05-11 23:48:58.273612,completed
146,550,2026-09-06 23:48:58.273612,completed
147,442,2026-08-05 23:48:58.273612,completed
148,745,2026-06-07 23:48:58.273612,completed
149,375,2026-08-28 23:48:58.273612,completed
150,53,2026-04-16 23:48:58.273612,processing
151,200,2026-06-08 23:48:58.273612,processing
152,296,2026-08-21 23:48:58.273612,completed
153,517,2026-05-16 23:48:58.273612,processing
154,287,2026-04-02 23:48:58.273612,cancelled
155,626,2026-08-09 23:48:58.273612,completed
156,999,2026-08-15 23:48:58.273612,completed
157,383,2026-06-14 23:48:58.273612,processing
158,962,2026-06-07 23:48:58.273612,completed
159,204,2026-04-07 23:48:58.273612,processing
160,412,2026-05-03 23:48:58.273612,completed
161,47,2026-08-30 23:48:58.273612,completed
162,731,2026-06-15 23:48:58.273612,completed
163,532,2026-05-15 23:48:58.273612,completed
164,621,2026-04-30 23:48:58.273612,completed
165,336,2026-04-05 23:48:58.273612,completed
166,167,2026-05-31 23:48:58.273612,processing
167,758,2026-06-24 23:48:58.273612,processing
168,345,2026-05-02 23:48:58.273612,processing
169,546,2026-05-06 23:48:58.273612,cancelled
170,577,2026-06-24 23:48:58.273612,completed
171,836,2026-09-04 23:48:58.273612,completed
172,340,2026-03-20 23:48:58.273612,completed
173,427,2026-04-12 23:48:58.273612,completed
174,816,2026-03-16 23:48:58.273612,cancelled
175,28,2026-04-09 23:48:58.273612,completed
176,272,2026-03-25 23:48:58.273612,processing
177,592,2026-07-12 23:48:58.273612,cancelled
178,53,2026-04-12 23:48:58.273612,completed
179,175,2026-04-27 23:48:58.273612,cancelled
180,739,2026-04-03 23:48:58.273612,completed
181,152,2026-03-18 23:48:58.273612,completed
182,33,2026-04-15 23:48:58.273612,cancelled
183,113,2026-07-22 23:48:58.273612,completed
184,452,2026-06-20 23:48:58.273612,completed
185,156,2026-05-26 23:48:58.273612,cancelled
186,209,2026-05-26 23:48:58.273612,processing
187,794,2026-04-05 23:48:58.273612,completed
188,894,2026-08-24 23:48:58.273612,cancelled
189,142,2026-04-29 23:48:58.273612,completed
190,575,2026-06-17 23:48:58.273612,cancelled
191,490,2026-04-27 23:48:58.273612,completed
192,322,2026-07-26 23:48:58.273612,completed
193,935,2026-04-25 23:48:58.273612,completed
194,560,2026-06-10 23:48:58.273612,cancelled
195,791,2026-03-18 23:48:58.273612,cancelled
196,823,2026-03-15 23:48:58.273612,completed
197,625,2026-05-08 23:48:58.273612,completed
198,981,2026-07-07 23:48:58.273612,completed
199,572,2026-06-24 23:48:58.273612,completed
200,965,2026-06-24 23:48:58.273612,completed
201,722,2026-07-17 23:48:58.273612,cancelled
202,722,2026-05-06 23:48:58.273612,completed
203,492,2026-06-11 23:48:58.273612,processing
204,957,2026-06-30 23:48:58.273612,completed
205,125,2026-04-15 23:48:58.273612,cancelled
206,557,2026-06-03 23:48:58.273612,completed
207,839,2026-06-12 23:48:58.273612,completed
208,298,2026-08-29 23:48:58.273612,completed
209,979,2026-08-19 23:48:58.273612,completed
210,947,2026-05-18 23:48:58.273612,cancelled
211,263,2026-05-09 23:48:58.273612,completed
212,207,2026-04-24 23:48:58.273612,completed
213,956,2026-04-18 23:48:58.273612,cancelled
214,279,2026-08-04 23:48:58.273612,completed
215,631,2026-04-11 23:48:58.273612,completed
216,249,2026-08-27 23:48:58.273612,cancelled
217,927,2026-04-26 23:48:58.273612,completed
218,654,2026-07-11 23:48:58.273612,completed
219,103,2026-05-26 23:48:58.273612,completed
220,735,2026-05-11 23:48:58.273612,completed
221,698,2026-08-04 23:48:58.273612,completed
222,988,2026-04-21 23:48:58.273612,completed
223,417,2026-03-25 23:48:58.273612,completed
224,489,2026-03-26 23:48:58.273612,completed
225,775,2026-06-27 23:48:58.273612,completed
226,293,2026-03-27 23:48:58.273612,completed
227,930,2026-08-17 23:48:58.273612,cancelled
228,588,2026-07-11 23:48:58.273612,processing
229,757,2026-08-30 23:48:58.273612,completed
230,428,2026-07-25 23:48:58.273612,completed
231,857,2026-05-30 23:48:58.273612,completed
232,191,2026-06-26 23:48:58.273612,completed
233,10,2026-06-24 23:48:58.273612,processing
234,618,2026-08-12 23:48:58.273612,completed
235,292,2026-05-15 23:48:58.273612,cancelled
236,557,2026-04-27 23:48:58.273612,completed
237,911,2026-08-05 23:48:58.273612,processing
238,480,2026-07-01 23:48:58.273612,completed
239,829,2026-08-11 23:48:58.273612,completed
240,167,2026-05-14 23:48:58.273612,cancelled
241,264,2026-07-23 23:48:58.273612,completed
242,755,2026-06-14 23:48:58.273612,completed
243,582,2026-03-20 23:48:58.273612,completed
244,180,2026-04-05 23:48:58.273612,cancelled
245,919,2026-05-28 23:48:58.273612,completed
246,528,2026-06-17 23:48:58.273612,completed
247,411,2026-03-21 23:48:58.273612,completed
248,190,2026-08-04 23:48:58.273612,completed
249,332,2026-07-07 23:48:58.273612,completed
250,268,2026-06-02 23:48:58.273612,completed
251,458,2026-07-02 23:48:58.273612,completed
252,310,2026-04-12 23:48:58.273612,cancelled
253,587,2026-09-06 23:48:58.273612,completed
254,670,2026-06-08 23:48:58.273612,cancelled
255,242,2026-08-24 23:48:58.273612,cancelled
256,122,2026-05-12 23:48:58.273612,completed
257,164,2026-05-28 23:48:58.273612,cancelled
258,515,2026-03-12 23:48:58.273612,completed
259,707,2026-08-09 23:48:58.273612,cancelled
260,939,2026-06-25 23:48:58.273612,completed
261,630,2026-07-14 23:48:58.273612,completed
262,981,2026-08-05 23:48:58.273612,completed
263,157,2026-05-15 23:48:58.273612,cancelled
264,621,2026-06-05 23:48:58.273612,completed
265,719,2026-04-21 23:48:58.273612,completed
266,776,2026-04-24 23:48:58.273612,cancelled
267,846,2026-07-15 23:48:58.273612,completed
268,697,2026-04-09 23:48:58.273612,completed
269,539,2026-05-17 23:48:58.273612,processing
270,721,2026-06-08 23:48:58.273612,completed
271,940,2026-04-17 23:48:58.273612,completed
272,64,2026-04-21 23:48:58.273612,processing
273,208,2026-04-15 23:48:58.273612,processing
274,154,2026-07-28 23:48:58.273612,completed
275,875,2026-04-28 23:48:58.273612,completed
276,120,2026-03-18 23:48:58.273612,completed
277,735,2026-04-12 23:48:58.273612,completed
278,94,2026-05-01 23:48:58.273612,completed
279,829,2026-08-25 23:48:58.273612,completed
280,136,2026-04-30 23:48:58.273612,completed
281,468,2026-04-17 23:48:58.273612,completed
282,573,2026-05-13 23:48:58.273612,cancelled
283,827,2026-06-22 23:48:58.273612,cancelled
284,23,2026-05-30 23:48:58.273612,completed
285,837,2026-09-08 23:48:58.273612,cancelled
286,224,2026-04-13 23:48:58.273612,completed
287,47,2026-05-23 23:48:58.273612,completed
288,718,2026-08-23 23:48:58.273612,processing
289,62,2026-08-22 23:48:58.273612,completed
290,33,2026-06-27 23:48:58.273612,completed
291,185,2026-08-05 23:48:58.273612,cancelled
292,747,2026-03-27 23:48:58.273612,completed
293,384,2026-06-03 23:48:58.273612,completed
294,891,2026-06-04 23:48:58.274623,completed
295,83,2026-03-18 23:48:58.274623,cancelled
296,896,2026-04-23 23:48:58.274623,completed
297,670,2026-06-11 23:48:58.274623,completed
298,183,2026-04-24 23:48:58.274623,completed
299,542,2026-08-07 23:48:58.274623,cancelled
300,229,2026-09-08 23:48:58.274623,completed
301,306,2026-05-13 23:48:58.274623,cancelled
302,737,2026-04-22 23:48:58.274623,completed
303,545,2026-06-03 23:48:58.274623,completed
304,254,2026-05-14 23:48:58.274623,completed
305,159,2026-06-30 23:48:58.274623,completed
306,960,2026-08-11 23:48:58.274623,completed
307,829,2026-03-23 23:48:58.274623,completed
308,630,2026-09-04 23:48:58.274623,completed
309,212,2026-08-22 23:48:58.274623,completed
310,609,2026-08-31 23:48:58.274623,completed
311,613,2026-03-20 23:48:58.274623,cancelled
312,894,2026-08-27 23:48:58.274623,completed
313,759,2026-08-28 23:48:58.274623,completed
314,450,2026-07-11 23:48:58.274623,processing
315,223,2026-08-25 23:48:58.274623,completed
316,516,2026-06-26 23:48:58.274623,completed
317,836,2026-04-14 23:48:58.274623,completed
318,592,2026-04-08 23:48:58.274623,cancelled
319,839,2026-06-18 23:48:58.274623,completed
320,310,2026-08-03 23:48:58.274623,cancelled
321,534,2026-07-14 23:48:58.274623,completed
322,308,2026-06-30 23:48:58.274623,completed
323,571,2026-04-10 23:48:58.274623,cancelled
324,934,2026-07-26 23:48:58.274623,cancelled
325,696,2026-05-22 23:48:58.274623,processing
326,508,2026-08-27 23:48:58.274623,completed
327,965,2026-03-28 23:48:58.274623,cancelled
328,391,2026-04-27 23:48:58.274623,completed
329,714,2026-05-25 23:48:58.274623,completed
330,153,2026-06-24 23:48:58.274623,completed
331,189,2026-04-24 23:48:58.274623,completed
332,247,2026-07-13 23:48:58.274623,completed
333,879,2026-08-03 23:48:58.274623,completed
334,937,2026-08-25 23:48:58.274623,processing
335,423,2026-05-25 23:48:58.274623,processing
336,543,2026-08-05 23:48:58.274623,completed
337,249,2026-07-05 23:48:58.274623,completed
338,339,2026-03-27 23:48:58.274623,completed
339,945,2026-05-16 23:48:58.274623,completed
340,95,2026-04-24 23:48:58.274623,cancelled
341,850,2026-07-22 23:48:58.274623,completed
342,275,2026-06-04 23:48:58.274623,cancelled
343,620,2026-04-07 23:48:58.274623,completed
344,895,2026-08-21 23:48:58.274623,completed
345,824,2026-04-11 23:48:58.274623,cancelled
346,688,2026-04-18 23:48:58.274623,completed
347,491,2026-07-17 23:48:58.274623,completed
348,311,2026-09-05 23:48:58.274623,completed
349,960,2026-07-22 23:48:58.274623,cancelled
350,121,2026-05-09 23:48:58.274623,completed
351,713,2026-04-07 23:48:58.274623,cancelled
352,210,2026-05-30 23:48:58.274623,completed
353,566,2026-06-18 23:48:58.274623,completed
354,390,2026-05-12 23:48:58.274623,processing
355,665,2026-06-09 23:48:58.274623,completed
356,268,2026-06-08 23:48:58.274623,processing
357,904,2026-05-04 23:48:58.274623,completed
358,101,2026-05-11 23:48:58.274623,completed
359,937,2026-07-18 23:48:58.274623,completed
360,321,2026-05-26 23:48:58.274623,completed
361,577,2026-07-14 23:48:58.274623,cancelled
362,150,2026-09-04 23:48:58.274623,completed
363,567,2026-04-12 23:48:58.274623,processing
364,738,2026-05-25 23:48:58.274623,completed
365,157,2026-07-20 23:48:58.274623,completed
366,236,2026-06-03 23:48:58.274623,processing
367,854,2026-07-08 23:48:58.274623,completed
368,564,2026-03-25 23:48:58.274623,cancelled
369,346,2026-07-05 23:48:58.274623,completed
370,990,2026-03-28 23:48:58.274623,cancelled
371,503,2026-05-14 23:48:58.274623,completed
372,751,2026-06-10 23:48:58.274623,completed
373,144,2026-04-22 23:48:58.274623,completed
374,189,2026-04-23 23:48:58.274623,cancelled
375,981,2026-08-24 23:48:58.274623,processing
376,35,2026-08-20 23:48:58.274623,cancelled
377,50,2026-09-07 23:48:58.274623,completed
378,141,2026-03-31 23:48:58.274623,completed
379,70,2026-08-01 23:48:58.274623,completed
380,224,2026-05-02 23:48:58.274623,completed
381,383,2026-08-24 23:48:58.274623,processing
382,654,2026-03-22 23:48:58.274623,processing
383,935,2026-05-08 23:48:58.274623,cancelled
384,500,2026-09-04 23:48:58.274623,completed
385,545,2026-04-20 23:48:58.274623,completed
386,13,2026-09-04 23:48:58.274623,processing
387,740,2026-06-30 23:48:58.274623,processing
388,294,2026-09-04 23:48:58.274623,processing
389,833,2026-03-14 23:48:58.274623,cancelled
390,441,2026-07-25 23:48:58.274623,completed
391,941,2026-08-15 23:48:58.274623,processing
392,153,2026-07-09 23:48:58.274623,completed
393,635,2026-04-27 23:48:58.274623,completed
394,835,2026-06-10 23:48:58.274623,completed
395,815,2026-05-30 23:48:58.274623,completed
396,383,2026-05-28 23:48:58.274623,completed
397,579,2026-07-08 23:48:58.274623,cancelled
398,232,2026-06-24 23:48:58.274623,cancelled
399,848,2026-08-19 23:48:58.274623,cancelled
400,879,2026-03-26 23:48:58.274623,completed
401,96,2026-05-28 23:48:58.274623,completed
402,387,2026-04-20 23:48:58.274623,completed
403,58,2026-03-29 23:48:58.274623,completed
404,720,2026-07-27 23:48:58.274623,completed
405,512,2026-05-20 23:48:58.274623,cancelled
406,804,2026-06-16 23:48:58.274623,processing
407,879,2026-08-15 23:48:58.274623,processing
408,942,2026-08-29 23:48:58.274623,completed
409,217,2026-03-15 23:48:58.274623,processing
410,487,2026-07-01 23:48:58.274623,completed
411,947,2026-08-20 23:48:58.274623,cancelled
412,948,2026-06-29 23:48:58.274623,processing
413,578,2026-03-24 23:48:58.274623,completed
414,184,2026-06-20 23:48:58.274623,completed
415,985,2026-07-17 23:48:58.274623,processing
416,148,2026-05-30 23:48:58.274623,completed
417,307,2026-07-29 23:48:58.274623,processing
418,247,2026-04-16 23:48:58.274623,completed
419,694,2026-04-23 23:48:58.274623,completed
420,394,2026-08-04 23:48:58.274623,cancelled
421,742,2026-08-19 23:48:58.274623,processing
422,764,2026-06-12 23:48:58.274623,completed
423,101,2026-05-20 23:48:58.274623,completed
424,859,2026-08-20 23:48:58.274623,completed
425,620,2026-04-04 23:48:58.274623,processing
426,407,2026-06-17 23:48:58.274623,completed
427,650,2026-07-01 23:48:58.274623,completed
428,503,2026-07-12 23:48:58.274623,completed
429,567,2026-06-04 23:48:58.274623,completed
430,191,2026-03-18 23:48:58.274623,processing
431,677,2026-06-03 23:48:58.274623,completed
432,791,2026-04-03 23:48:58.274623,completed
433,818,2026-07-07 23:48:58.274623,cancelled
434,76,2026-08-18 23:48:58.274623,completed
435,158,2026-06-03 23:48:58.274623,cancelled
436,803,2026-03-30 23:48:58.274623,completed
437,758,2026-06-01 23:48:58.274623,completed
438,370,2026-08-12 23:48:58.274623,completed
439,6,2026-06-22 23:48:58.274623,completed
440,369,2026-07-01 23:48:58.274623,completed
441,136,2026-08-17 23:48:58.274623,completed
442,442,2026-05-17 23:48:58.274623,processing
443,569,2026-04-30 23:48:58.274623,completed
444,106,2026-09-02 23:48:58.274623,completed
445,363,2026-04-20 23:48:58.274623,completed
446,612,2026-04-08 23:48:58.274623,completed
447,885,2026-06-02 23:48:58.274623,completed
448,299,2026-05-26 23:48:58.274623,completed
449,798,2026-08-18 23:48:58.274623,cancelled
450,923,2026-04-18 23:48:58.274623,completed
451,586,2026-04-28 23:48:58.274623,completed
452,702,2026-06-03 23:48:58.274623,completed
453,143,2026-07-02 23:48:58.274623,completed
454,275,2026-05-05 23:48:58.274623,completed
455,65,2026-07-28 23:48:58.274623,completed
456,283,2026-05-24 23:48:58.274623,completed
457,496,2026-08-20 23:48:58.274623,completed
458,258,2026-07-07 23:48:58.274623,cancelled
459,641,2026-05-05 23:48:58.274623,processing
460,632,2026-07-20 23:48:58.274623,completed
461,110,2026-08-05 23:48:58.274623,completed
462,7,2026-05-30 23:48:58.274623,completed
463,862,2026-04-03 23:48:58.274623,completed
464,824,2026-06-16 23:48:58.274623,completed
465,343,2026-05-21 23:48:58.274623,cancelled
466,998,2026-04-09 23:48:58.274623,completed
467,308,2026-06-18 23:48:58.274623,processing
468,971,2026-03-15 23:48:58.274623,completed
469,491,2026-06-20 23:48:58.274623,completed
470,988,2026-05-30 23:48:58.274623,completed
471,299,2026-03-15 23:48:58.274623,cancelled
472,503,2026-04-14 23:48:58.274623,completed
473,334,2026-06-04 23:48:58.274623,completed
474,837,2026-05-31 23:48:58.274623,completed
475,117,2026-04-17 23:48:58.274623,completed
476,607,2026-04-22 23:48:58.274623,completed
477,699,2026-04-21 23:48:58.274623,completed
478,976,2026-05-13 23:48:58.274623,cancelled
479,215,2026-05-19 23:48:58.274623,completed
480,852,2026-03-15 23:48:58.274623,completed
481,839,2026-05-27 23:48:58.274623,cancelled
482,512,2026-08-04 23:48:58.274623,cancelled
483,311,2026-07-09 23:48:58.274623,completed
484,675,2026-07-31 23:48:58.274623,cancelled
485,434,2026-06-04 23:48:58.274623,completed
486,460,2026-04-08 23:48:58.274623,completed
487,597,2026-05-29 23:48:58.274623,processing
488,519,2026-03-15 23:48:58.274623,completed
489,557,2026-08-30 23:48:58.274623,completed
490,719,2026-04-24 23:48:58.274623,processing
491,654,2026-08-18 23:48:58.274623,completed
492,788,2026-07-07 23:48:58.274623,cancelled
493,681,2026-06-10 23:48:58.274623,completed
494,663,2026-04-05 23:48:58.274623,completed
495,577,2026-03-27 23:48:58.274623,cancelled
496,663,2026-05-29 23:48:58.274623,completed
497,989,2026-05-21 23:48:58.274623,completed
498,11,2026-08-14 23:48:58.274623,completed
499,228,2026-05-01 23:48:58.274623,cancelled
500,532,2026-04-19 23:48:58.274623,processing
501,705,2026-04-14 23:48:58.274623,completed
502,457,2026-06-05 23:48:58.274623,completed
503,475,2026-03-19 23:48:58.274623,processing
504,708,2026-05-03 23:48:58.274623,completed
505,354,2026-09-02 23:48:58.274623,completed
506,108,2026-06-25 23:48:58.274623,completed
507,943,2026-08-18 23:48:58.274623,completed
508,852,2026-08-03 23:48:58.274623,completed
509,320,2026-06-13 23:48:58.274623,completed
510,804,2026-07-18 23:48:58.274623,processing
511,495,2026-06-11 23:48:58.274623,completed
512,100,2026-05-19 23:48:58.274623,cancelled
513,714,2026-05-16 23:48:58.274623,completed
514,69,2026-06-24 23:48:58.274623,completed
515,830,2026-08-10 23:48:58.274623,completed
516,870,2026-06-13 23:48:58.274623,cancelled
517,112,2026-03-19 23:48:58.274623,completed
518,953,2026-07-08 23:48:58.274623,processing
519,179,2026-04-20 23:48:58.274623,completed
520,339,2026-04-18 23:48:58.274623,completed
521,982,2026-05-13 23:48:58.274623,completed
522,817,2026-05-28 23:48:58.274623,cancelled
523,189,2026-07-23 23:48:58.274623,cancelled
524,674,2026-05-21 23:48:58.274623,completed
525,30,2026-04-04 23:48:58.274623,completed
526,461,2026-04-10 23:48:58.274623,completed
527,399,2026-09-07 23:48:58.274623,cancelled
528,220,2026-07-18 23:48:58.274623,completed
529,771,2026-03-12 23:48:58.274623,completed
530,592,2026-08-13 23:48:58.274623,processing
531,192,2026-06-07 23:48:58.274623,completed
532,202,2026-05-14 23:48:58.274623,completed
533,269,2026-03-21 23:48:58.274623,completed
534,541,2026-03-29 23:48:58.274623,completed
535,612,2026-06-01 23:48:58.274623,processing
536,402,2026-04-11 23:48:58.274623,completed
537,357,2026-06-10 23:48:58.274623,completed
538,633,2026-07-26 23:48:58.274623,cancelled
539,723,2026-06-24 23:48:58.274623,processing
540,605,2026-08-18 23:48:58.274623,cancelled
541,138,2026-06-20 23:48:58.274623,completed
542,245,2026-06-22 23:48:58.274623,completed
543,188,2026-06-05 23:48:58.274623,cancelled
544,145,2026-05-01 23:48:58.274623,completed
545,429,2026-04-09 23:48:58.274623,completed
546,589,2026-06-02 23:48:58.274623,completed
547,191,2026-05-07 23:48:58.274623,cancelled
548,551,2026-03-15 23:48:58.274623,cancelled
549,954,2026-07-26 23:48:58.274623,processing
550,171,2026-05-06 23:48:58.274623,completed
551,144,2026-07-23 23:48:58.274623,completed
552,863,2026-05-16 23:48:58.274623,processing
553,55,2026-06-09 23:48:58.274623,completed
554,497,2026-08-05 23:48:58.274623,completed
555,835,2026-06-02 23:48:58.274623,processing
556,518,2026-03-25 23:48:58.274623,completed
557,419,2026-03-17 23:48:58.274623,completed
558,426,2026-05-18 23:48:58.274623,completed
559,172,2026-08-18 23:48:58.274623,processing
560,32,2026-07-14 23:48:58.274623,completed
561,34,2026-06-30 23:48:58.274623,completed
562,551,2026-06-27 23:48:58.274623,completed
563,800,2026-05-14 23:48:58.274623,processing
564,761,2026-05-05 23:48:58.274623,processing
565,524,2026-08-11 23:48:58.274623,processing
566,117,2026-07-02 23:48:58.274623,processing
567,844,2026-06-07 23:48:58.274623,processing
568,843,2026-08-29 23:48:58.274623,cancelled
569,452,2026-04-22 23:48:58.274623,completed
570,436,2026-08-13 23:48:58.274623,cancelled
571,850,2026-03-25 23:48:58.274623,completed
572,305,2026-08-31 23:48:58.274623,completed
573,270,2026-06-11 23:48:58.274623,completed
574,450,2026-08-09 23:48:58.274623,completed
575,215,2026-04-11 23:48:58.274623,cancelled
576,360,2026-04-05 23:48:58.274623,cancelled
577,439,2026-07-28 23:48:58.274623,processing
578,143,2026-07-18 23:48:58.274623,completed
579,825,2026-08-24 23:48:58.274623,processing
580,360,2026-04-25 23:48:58.274623,completed
581,612,2026-04-24 23:48:58.274623,completed
582,332,2026-03-12 23:48:58.274623,completed
583,297,2026-04-15 23:48:58.274623,completed
584,976,2026-04-30 23:48:58.274623,cancelled
585,835,2026-08-15 23:48:58.274623,completed
586,986,2026-05-26 23:48:58.274623,completed
587,284,2026-03-25 23:48:58.274623,completed
588,719,2026-08-06 23:48:58.274623,completed
589,150,2026-06-18 23:48:58.274623,completed
590,780,2026-03-19 23:48:58.274623,completed
591,502,2026-08-03 23:48:58.274623,processing
592,648,2026-07-02 23:48:58.274623,cancelled
593,425,2026-06-04 23:48:58.274623,completed
594,78,2026-03-30 23:48:58.274623,completed
595,413,2026-04-30 23:48:58.274623,cancelled
596,285,2026-03-15 23:48:58.274623,completed
597,466,2026-05-07 23:48:58.274623,completed
598,596,2026-09-08 23:48:58.274623,cancelled
599,96,2026-05-14 23:48:58.274623,cancelled
600,681,2026-03-14 23:48:58.274623,completed
601,871,2026-08-23 23:48:58.274623,processing
602,408,2026-07-15 23:48:58.274623,completed
603,845,2026-07-16 23:48:58.274623,completed
604,275,2026-06-18 23:48:58.274623,completed
605,346,2026-04-21 23:48:58.274623,processing
606,134,2026-04-17 23:48:58.274623,completed
607,808,2026-06-13 23:48:58.274623,cancelled
608,781,2026-08-27 23:48:58.274623,completed
609,102,2026-04-01 23:48:58.274623,completed
610,17,2026-08-08 23:48:58.274623,completed
611,452,2026-05-15 23:48:58.274623,completed
612,982,2026-05-22 23:48:58.274623,completed
613,706,2026-08-06 23:48:58.274623,cancelled
614,310,2026-07-30 23:48:58.274623,completed
615,96,2026-03-25 23:48:58.274623,completed
616,257,2026-08-18 23:48:58.274623,completed
617,681,2026-03-26 23:48:58.274623,completed
618,54,2026-05-30 23:48:58.274623,cancelled
619,313,2026-03-13 23:48:58.274623,completed
620,440,2026-03-25 23:48:58.274623,completed
621,721,2026-08-15 23:48:58.274623,completed
622,219,2026-05-09 23:48:58.274623,completed
623,136,2026-04-10 23:48:58.274623,completed
624,532,2026-03-18 23:48:58.274623,completed
625,10,2026-09-06 23:48:58.274623,cancelled
626,352,2026-08-09 23:48:58.274623,completed
627,711,2026-08-06 23:48:58.274623,completed
628,73,2026-07-12 23:48:58.274623,completed
629,92,2026-08-13 23:48:58.274623,completed
630,321,2026-06-06 23:48:58.274623,completed
631,141,2026-06-03 23:48:58.274623,completed
632,657,2026-03-19 23:48:58.274623,completed
633,71,2026-04-26 23:48:58.274623,processing
634,9,2026-04-05 23:48:58.274623,cancelled
635,169,2026-05-19 23:48:58.274623,completed
636,740,2026-07-16 23:48:58.274623,cancelled
637,767,2026-08-01 23:48:58.274623,completed
638,631,2026-03-17 23:48:58.274623,completed
639,881,2026-07-15 23:48:58.274623,completed
640,919,2026-08-14 23:48:58.274623,completed
641,771,2026-08-08 23:48:58.274623,processing
642,748,2026-06-02 23:48:58.274623,completed
643,987,2026-05-22 23:48:58.274623,completed
644,811,2026-08-04 23:48:58.274623,completed
645,284,2026-03-27 23:48:58.274623,completed
646,255,2026-04-20 23:48:58.274623,processing
647,615,2026-04-06 23:48:58.274623,completed
648,798,2026-03-16 23:48:58.274623,completed
649,869,2026-03-24 23:48:58.274623,completed
650,211,2026-04-29 23:48:58.274623,processing
651,522,2026-07-22 23:48:58.274623,cancelled
652,402,2026-06-25 23:48:58.274623,cancelled
653,56,2026-07-09 23:48:58.274623,completed
654,396,2026-08-11 23:48:58.274623,completed
655,512,2026-03-29 23:48:58.274623,processing
656,73,2026-04-26 23:48:58.274623,completed
657,370,2026-06-19 23:48:58.274623,completed
658,397,2026-04-16 23:48:58.274623,completed
659,375,2026-04-22 23:48:58.274623,cancelled
660,177,2026-05-11 23:48:58.274623,completed
661,18,2026-04-11 23:48:58.274623,completed
662,15,2026-07-03 23:48:58.274623,completed
663,41,2026-08-24 23:48:58.274623,completed
664,519,2026-06-27 23:48:58.274623,cancelled
665,730,2026-05-03 23:48:58.274623,completed
666,434,2026-03-13 23:48:58.274623,completed
667,85,2026-03-29 23:48:58.274623,processing
668,551,2026-04-04 23:48:58.274623,completed
669,285,2026-08-18 23:48:58.274623,completed
670,81,2026-05-01 23:48:58.274623,completed
671,998,2026-07-31 23:48:58.274623,processing
672,335,2026-05-31 23:48:58.274623,processing
673,650,2026-03-26 23:48:58.274623,cancelled
674,659,2026-08-23 23:48:58.274623,completed
675,716,2026-05-20 23:48:58.274623,cancelled
676,977,2026-07-09 23:48:58.274623,completed
677,251,2026-08-17 23:48:58.274623,completed
678,119,2026-05-15 23:48:58.274623,processing
679,624,2026-08-25 23:48:58.274623,completed
680,683,2026-03-24 23:48:58.274623,cancelled
681,180,2026-08-09 23:48:58.274623,completed
682,725,2026-08-04 23:48:58.274623,cancelled
683,12,2026-07-29 23:48:58.274623,completed
684,976,2026-06-12 23:48:58.274623,processing
685,530,2026-07-04 23:48:58.274623,completed
686,381,2026-08-07 23:48:58.274623,cancelled
687,800,2026-07-02 23:48:58.274623,cancelled
688,908,2026-08-09 23:48:58.274623,completed
689,344,2026-05-22 23:48:58.274623,completed
690,537,2026-08-23 23:48:58.274623,completed
691,730,2026-04-14 23:48:58.274623,cancelled
692,79,2026-05-04 23:48:58.274623,completed
693,524,2026-06-08 23:48:58.274623,completed
694,512,2026-04-16 23:48:58.274623,completed
695,377,2026-07-30 23:48:58.274623,completed
696,792,2026-08-13 23:48:58.274623,processing
697,691,2026-08-10 23:48:58.274623,completed
698,759,2026-05-01 23:48:58.274623,completed
699,46,2026-09-05 23:48:58.274623,completed
700,48,2026-05-11 23:48:58.274623,completed
701,393,2026-08-01 23:48:58.274623,completed
702,954,2026-08-30 23:48:58.274623,processing
703,823,2026-03-25 23:48:58.274623,completed
704,230,2026-06-18 23:48:58.274623,completed
705,427,2026-06-19 23:48:58.274623,completed
706,846,2026-08-20 23:48:58.274623,processing
707,382,2026-08-09 23:48:58.274623,processing
708,690,2026-08-26 23:48:58.274623,completed
709,229,2026-04-29 23:48:58.274623,completed
710,977,2026-05-29 23:48:58.274623,completed
711,899,2026-05-12 23:48:58.274623,completed
712,793,2026-06-21 23:48:58.274623,completed
713,89,2026-04-20 23:48:58.274623,completed
714,9,2026-06-06 23:48:58.274623,completed
715,299,2026-04-17 23:48:58.274623,completed
716,758,2026-04-02 23:48:58.274623,completed
717,476,2026-06-06 23:48:58.274623,processing
718,996,2026-05-05 23:48:58.274623,completed
719,751,2026-04-22 23:48:58.274623,completed
720,155,2026-09-07 23:48:58.274623,completed
721,25,2026-07-11 23:48:58.274623,processing
722,355,2026-03-30 23:48:58.274623,cancelled
723,899,2026-09-06 23:48:58.274623,completed
724,2,2026-03-24 23:48:58.274623,completed
725,870,2026-06-22 23:48:58.274623,completed
726,211,2026-04-26 23:48:58.274623,completed
727,430,2026-05-06 23:48:58.274623,completed
728,996,2026-08-03 23:48:58.274623,cancelled
729,287,2026-08-16 23:48:58.274623,completed
730,944,2026-07-11 23:48:58.274623,processing
731,423,2026-03-13 23:48:58.274623,completed
732,470,2026-08-18 23:48:58.274623,processing
733,98,2026-05-02 23:48:58.274623,completed
734,653,2026-05-31 23:48:58.274623,completed
735,607,2026-04-16 23:48:58.274623,completed
736,446,2026-03-23 23:48:58.274623,completed
737,243,2026-06-26 23:48:58.274623,completed
738,872,2026-06-20 23:48:58.274623,completed
739,718,2026-06-17 23:48:58.274623,completed
740,464,2026-07-01 23:48:58.274623,completed
741,77,2026-07-19 23:48:58.274623,completed
742,799,2026-04-12 23:48:58.274623,completed
743,160,2026-08-12 23:48:58.274623,completed
744,461,2026-05-12 23:48:58.274623,completed
745,417,2026-08-09 23:48:58.274623,processing
746,367,2026-07-17 23:48:58.274623,completed
747,316,2026-05-13 23:48:58.274623,completed
748,873,2026-08-09 23:48:58.274623,completed
749,162,2026-03-17 23:48:58.274623,completed
750,847,2026-03-12 23:48:58.274623,cancelled
751,618,2026-08-29 23:48:58.274623,completed
752,856,2026-06-17 23:48:58.274623,completed
753,94,2026-07-07 23:48:58.274623,completed
754,406,2026-04-30 23:48:58.274623,completed
755,694,2026-06-24 23:48:58.274623,completed
756,840,2026-07-26 23:48:58.274623,completed
757,975,2026-05-28 23:48:58.274623,completed
758,570,2026-04-21 23:48:58.274623,completed
759,97,2026-05-13 23:48:58.274623,completed
760,824,2026-08-04 23:48:58.274623,completed
761,13,2026-08-24 23:48:58.274623,completed
762,134,2026-07-20 23:48:58.274623,completed
763,382,2026-03-17 23:48:58.274623,cancelled
764,961,2026-03-27 23:48:58.274623,completed
765,597,2026-04-11 23:48:58.274623,completed
766,940,2026-08-20 23:48:58.274623,completed
767,67,2026-07-20 23:48:58.274623,cancelled
768,455,2026-08-07 23:48:58.274623,completed
769,927,2026-06-16 23:48:58.274623,completed
770,44,2026-05-13 23:48:58.274623,completed
771,173,2026-04-15 23:48:58.274623,completed
772,842,2026-05-30 23:48:58.274623,completed
773,31,2026-06-03 23:48:58.274623,cancelled
774,437,2026-07-26 23:48:58.274623,completed
775,220,2026-07-23 23:48:58.275959,completed
776,287,2026-05-17 23:48:58.275959,completed
777,36,2026-04-04 23:48:58.275959,processing
778,632,2026-07-08 23:48:58.275959,cancelled
779,303,2026-05-04 23:48:58.275959,completed
780,904,2026-04-21 23:48:58.275959,completed
781,63,2026-08-17 23:48:58.275959,completed
782,393,2026-08-04 23:48:58.275959,completed
783,205,2026-03-28 23:48:58.275959,processing
784,256,2026-03-31 23:48:58.275959,processing
785,814,2026-09-04 23:48:58.275959,completed
786,801,2026-06-09 23:48:58.275959,completed
787,558,2026-05-07 23:48:58.275959,completed
788,935,2026-04-17 23:48:58.275959,processing
789,330,2026-06-01 23:48:58.275959,completed
790,185,2026-09-02 23:48:58.275959,completed
791,612,2026-07-14 23:48:58.275959,completed
792,918,2026-06-29 23:48:58.275959,completed
793,829,2026-05-11 23:48:58.275959,processing
794,367,2026-04-12 23:48:58.275959,completed
795,998,2026-07-30 23:48:58.275959,completed
796,254,2026-03-24 23:48:58.275959,completed
797,273,2026-04-25 23:48:58.275959,cancelled
798,58,2026-07-14 23:48:58.275959,processing
799,867,2026-06-01 23:48:58.275959,completed
800,958,2026-07-26 23:48:58.275959,completed
801,243,2026-04-10 23:48:58.275959,completed
802,826,2026-03-14 23:48:58.275959,completed
803,936,2026-04-10 23:48:58.275959,completed
804,721,2026-03-13 23:48:58.275959,completed
805,971,2026-04-16 23:48:58.275959,processing
806,146,2026-04-17 23:48:58.275959,completed
807,857,2026-05-05 23:48:58.275959,processing
808,317,2026-07-26 23:48:58.275959,completed
809,39,2026-08-16 23:48:58.275959,completed
810,239,2026-04-07 23:48:58.275959,completed
811,21,2026-04-27 23:48:58.275959,completed
812,1,2026-06-16 23:48:58.275959,processing
813,207,2026-08-06 23:48:58.275959,completed
814,735,2026-07-25 23:48:58.275959,completed
815,61,2026-09-03 23:48:58.275959,completed
816,601,2026-03-12 23:48:58.275959,completed
817,793,2026-08-11 23:48:58.275959,processing
818,882,2026-06-07 23:48:58.275959,completed
819,383,2026-03-12 23:48:58.275959,cancelled
820,406,2026-04-11 23:48:58.275959,completed
821,345,2026-06-23 23:48:58.275959,completed
822,140,2026-07-30 23:48:58.275959,cancelled
823,972,2026-05-20 23:48:58.275959,cancelled
824,984,2026-05-07 23:48:58.275959,cancelled
825,325,2026-07-26 23:48:58.275959,cancelled
826,992,2026-04-18 23:48:58.275959,cancelled
827,911,2026-04-04 23:48:58.275959,completed
828,229,2026-03-22 23:48:58.275959,processing
829,835,2026-07-26 23:48:58.275959,completed
830,315,2026-03-16 23:48:58.275959,completed
831,131,2026-07-25 23:48:58.275959,cancelled
832,2,2026-03-13 23:48:58.275959,processing
833,401,2026-04-16 23:48:58.275959,completed
834,187,2026-04-07 23:48:58.275959,completed
835,944,2026-04-05 23:48:58.275959,completed
836,655,2026-04-17 23:48:58.275959,completed
837,960,2026-05-04 23:48:58.275959,completed
838,340,2026-08-20 23:48:58.275959,completed
839,356,2026-06-19 23:48:58.275959,completed
840,652,2026-08-17 23:48:58.275959,cancelled
841,687,2026-03-29 23:48:58.275959,cancelled
842,908,2026-06-15 23:48:58.275959,completed
843,12,2026-07-03 23:48:58.275959,completed
844,256,2026-03-15 23:48:58.275959,completed
845,359,2026-07-05 23:48:58.275959,completed
846,738,2026-09-08 23:48:58.275959,completed
847,396,2026-05-19 23:48:58.275959,cancelled
848,430,2026-07-28 23:48:58.275959,completed
849,505,2026-06-04 23:48:58.275959,completed
850,560,2026-06-04 23:48:58.275959,completed
851,849,2026-05-09 23:48:58.275959,processing
852,667,2026-03-17 23:48:58.275959,completed
853,167,2026-05-16 23:48:58.275959,completed
854,819,2026-08-31 23:48:58.275959,completed
855,21,2026-06-19 23:48:58.275959,completed
856,975,2026-08-13 23:48:58.275959,completed
857,351,2026-07-27 23:48:58.275959,completed
858,165,2026-08-20 23:48:58.275959,processing
859,965,2026-08-16 23:48:58.275959,completed
860,609,2026-04-04 23:48:58.275959,completed
861,722,2026-09-01 23:48:58.275959,completed
862,966,2026-03-25 23:48:58.275959,completed
863,622,2026-05-20 23:48:58.275959,completed
864,55,2026-08-14 23:48:58.275959,completed
865,211,2026-07-22 23:48:58.275959,completed
866,714,2026-04-20 23:48:58.275959,cancelled
867,948,2026-04-23 23:48:58.275959,completed
868,677,2026-06-28 23:48:58.275959,completed
869,244,2026-08-15 23:48:58.275959,completed
870,403,2026-04-15 23:48:58.275959,processing
871,861,2026-05-06 23:48:58.275959,completed
872,56,2026-06-08 23:48:58.275959,completed
873,438,2026-08-17 23:48:58.275959,completed
874,844,2026-03-23 23:48:58.275959,cancelled
875,615,2026-05-09 23:48:58.275959,completed
876,100,2026-09-02 23:48:58.275959,completed
877,175,2026-03-29 23:48:58.275959,completed
878,84,2026-05-10 23:48:58.275959,completed
879,316,2026-05-30 23:48:58.275959,completed
880,501,2026-03-23 23:48:58.275959,completed
881,94,2026-03-28 23:48:58.275959,processing
882,397,2026-07-23 23:48:58.275959,completed
883,907,2026-06-03 23:48:58.275959,completed
884,192,2026-05-17 23:48:58.275959,completed
885,270,2026-05-19 23:48:58.275959,completed
886,270,2026-07-13 23:48:58.275959,completed
887,578,2026-08-24 23:48:58.275959,completed
888,771,2026-03-14 23:48:58.275959,cancelled
889,100,2026-08-18 23:48:58.275959,cancelled
890,353,2026-04-23 23:48:58.275959,completed
891,995,2026-04-11 23:48:58.275959,completed
892,567,2026-08-24 23:48:58.275959,completed
893,839,2026-04-28 23:48:58.275959,completed
894,989,2026-04-24 23:48:58.275959,cancelled
895,888,2026-05-10 23:48:58.275959,processing
896,903,2026-07-10 23:48:58.275959,completed
897,307,2026-08-19 23:48:58.275959,completed
898,925,2026-08-31 23:48:58.275959,processing
899,585,2026-04-29 23:48:58.275959,processing
900,694,2026-04-03 23:48:58.275959,completed
901,124,2026-05-17 23:48:58.275959,completed
902,972,2026-07-28 23:48:58.275959,completed
903,828,2026-07-21 23:48:58.275959,completed
904,44,2026-05-23 23:48:58.275959,completed
905,700,2026-05-20 23:48:58.275959,completed
906,843,2026-04-01 23:48:58.275959,completed
907,855,2026-04-09 23:48:58.275959,completed
908,328,2026-08-22 23:48:58.275959,completed
909,398,2026-04-19 23:48:58.275959,completed
910,566,2026-06-17 23:48:58.275959,completed
911,533,2026-05-14 23:48:58.275959,completed
912,806,2026-03-13 23:48:58.275959,processing
913,602,2026-04-28 23:48:58.275959,completed
914,116,2026-05-25 23:48:58.275959,completed
915,152,2026-04-16 23:48:58.275959,processing
916,597,2026-08-14 23:48:58.275959,completed
917,577,2026-08-14 23:48:58.275959,completed
918,889,2026-04-24 23:48:58.275959,completed
919,899,2026-05-26 23:48:58.275959,completed
920,393,2026-03-25 23:48:58.275959,completed
921,586,2026-04-06 23:48:58.275959,completed
922,39,2026-07-26 23:48:58.275959,completed
923,413,2026-08-03 23:48:58.275959,processing
924,624,2026-03-18 23:48:58.275959,cancelled
925,412,2026-08-30 23:48:58.275959,completed
926,911,2026-06-16 23:48:58.275959,cancelled
927,244,2026-08-27 23:48:58.275959,cancelled
928,487,2026-07-02 23:48:58.275959,completed
929,21,2026-06-14 23:48:58.275959,completed
930,319,2026-06-29 23:48:58.275959,completed
931,879,2026-03-14 23:48:58.275959,cancelled
932,101,2026-07-12 23:48:58.275959,completed
933,308,2026-05-18 23:48:58.275959,completed
934,276,2026-05-25 23:48:58.275959,processing
935,662,2026-08-17 23:48:58.275959,completed
936,453,2026-07-16 23:48:58.275959,completed
937,759,2026-05-07 23:48:58.275959,processing
938,889,2026-06-05 23:48:58.275959,completed
939,528,2026-07-30 23:48:58.275959,completed
940,319,2026-05-02 23:48:58.275959,completed
941,139,2026-04-27 23:48:58.275959,processing
942,30,2026-07-26 23:48:58.275959,completed
943,897,2026-07-19 23:48:58.275959,completed
944,256,2026-08-31 23:48:58.275959,completed
945,52,2026-06-08 23:48:58.275959,cancelled
946,204,2026-06-30 23:48:58.275959,completed
947,844,2026-05-13 23:48:58.275959,processing
948,407,2026-03-30 23:48:58.275959,completed
949,698,2026-09-01 23:48:58.275959,completed
950,382,2026-05-06 23:48:58.275959,processing
951,457,2026-07-25 23:48:58.275959,completed
952,601,2026-04-20 23:48:58.275959,completed
953,353,2026-07-29 23:48:58.275959,completed
954,767,2026-03-16 23:48:58.275959,completed
955,292,2026-09-01 23:48:58.275959,completed
956,51,2026-07-29 23:48:58.275959,processing
957,799,2026-07-16 23:48:58.275959,completed
958,663,2026-07-13 23:48:58.275959,cancelled
959,212,2026-07-02 23:48:58.275959,cancelled
960,420,2026-04-30 23:48:58.275959,completed
961,886,2026-03-18 23:48:58.275959,completed
962,486,2026-08-06 23:48:58.275959,cancelled
963,178,2026-04-08 23:48:58.275959,completed
964,230,2026-07-06 23:48:58.275959,processing
965,825,2026-06-22 23:48:58.275959,cancelled
966,991,2026-03-28 23:48:58.275959,completed
967,434,2026-06-04 23:48:58.275959,completed
968,471,2026-07-06 23:48:58.275959,completed
969,478,2026-06-23 23:48:58.275959,cancelled
970,534,2026-04-02 23:48:58.275959,completed
971,599,2026-08-13 23:48:58.275959,completed
972,524,2026-03-23 23:48:58.275959,completed
973,575,2026-03-27 23:48:58.275959,processing
974,624,2026-06-28 23:48:58.275959,completed
975,701,2026-08-12 23:48:58.275959,completed
976,66,2026-06-14 23:48:58.275959,completed
977,656,2026-06-17 23:48:58.275959,completed
978,268,2026-03-25 23:48:58.275959,cancelled
979,976,2026-03-26 23:48:58.275959,completed
980,193,2026-08-01 23:48:58.275959,processing
981,784,2026-07-09 23:48:58.275959,completed
982,825,2026-04-08 23:48:58.275959,completed
983,677,2026-06-19 23:48:58.275959,cancelled
984,144,2026-09-02 23:48:58.275959,cancelled
985,510,2026-06-25 23:48:58.275959,completed
986,929,2026-05-24 23:48:58.275959,completed
987,398,2026-08-30 23:48:58.275959,processing
988,726,2026-04-15 23:48:58.275959,completed
989,352,2026-07-14 23:48:58.275959,cancelled
990,548,2026-03-29 23:48:58.275959,completed
991,929,2026-03-21 23:48:58.275959,completed
992,520,2026-06-24 23:48:58.275959,completed
993,861,2026-03-24 23:48:58.275959,processing
994,186,2026-06-25 23:48:58.275959,completed
995,483,2026-08-07 23:48:58.275959,cancelled
996,265,2026-04-18 23:48:58.275959,completed
997,970,2026-03-18 23:48:58.275959,completed
998,671,2026-08-17 23:48:58.275959,completed
999,364,2026-07-13 23:48:58.275959,cancelled
1000,893,2026-06-22 23:48:58.275959,completed
1001,808,2026-06-16 23:48:58.275959,completed
1002,267,2026-04-12 23:48:58.275959,completed
1003,475,2026-08-09 23:48:58.275959,completed
1004,55,2026-03-30 23:48:58.275959,processing
1005,595,2026-04-03 23:48:58.275959,completed
1006,484,2026-07-21 23:48:58.275959,processing
1007,123,2026-03-18 23:48:58.275959,completed
1008,543,2026-06-24 23:48:58.275959,completed
1009,56,2026-08-01 23:48:58.275959,completed
1010,206,2026-06-13 23:48:58.275959,completed
1011,584,2026-05-14 23:48:58.275959,completed
1012,324,2026-07-24 23:48:58.275959,completed
1013,500,2026-06-15 23:48:58.275959,cancelled
1014,182,2026-06-20 23:48:58.275959,cancelled
1015,60,2026-09-07 23:48:58.275959,completed
1016,281,2026-07-17 23:48:58.275959,completed
1017,591,2026-07-30 23:48:58.275959,completed
1018,805,2026-08-17 23:48:58.275959,completed
1019,630,2026-05-20 23:48:58.275959,cancelled
1020,440,2026-05-28 23:48:58.275959,completed
1021,989,2026-05-09 23:48:58.275959,completed
1022,5,2026-08-30 23:48:58.275959,processing
1023,205,2026-06-05 23:48:58.275959,completed
1024,914,2026-06-18 23:48:58.275959,processing
1025,196,2026-09-04 23:48:58.275959,cancelled
1026,5,2026-04-01 23:48:58.275959,cancelled
1027,255,2026-07-13 23:48:58.275959,cancelled
1028,899,2026-06-12 23:48:58.275959,completed
1029,133,2026-08-13 23:48:58.275959,completed
1030,516,2026-04-11 23:48:58.275959,completed
1031,172,2026-08-23 23:48:58.275959,completed
1032,306,2026-06-26 23:48:58.275959,completed
1033,746,2026-04-28 23:48:58.275959,processing
1034,537,2026-06-14 23:48:58.275959,completed
1035,910,2026-03-17 23:48:58.275959,completed
1036,351,2026-05-06 23:48:58.275959,completed
1037,769,2026-07-22 23:48:58.275959,completed
1038,971,2026-05-28 23:48:58.275959,completed
1039,234,2026-07-13 23:48:58.275959,cancelled
1040,135,2026-07-16 23:48:58.275959,cancelled
1041,23,2026-04-11 23:48:58.275959,processing
1042,174,2026-08-08 23:48:58.275959,completed
1043,729,2026-03-26 23:48:58.275959,completed
1044,385,2026-03-29 23:48:58.275959,completed
1045,790,2026-04-25 23:48:58.275959,processing
1046,50,2026-04-09 23:48:58.275959,completed
1047,678,2026-08-12 23:48:58.275959,cancelled
1048,857,2026-09-03 23:48:58.275959,completed
1049,707,2026-08-10 23:48:58.275959,completed
1050,455,2026-06-03 23:48:58.275959,completed
1051,561,2026-07-06 23:48:58.275959,completed
1052,719,2026-07-31 23:48:58.275959,completed
1053,712,2026-03-17 23:48:58.275959,cancelled
1054,10,2026-06-23 23:48:58.275959,completed
1055,678,2026-08-14 23:48:58.275959,cancelled
1056,533,2026-07-01 23:48:58.275959,processing
1057,621,2026-03-13 23:48:58.275959,completed
1058,429,2026-08-13 23:48:58.275959,processing
1059,737,2026-04-03 23:48:58.275959,completed
1060,290,2026-08-10 23:48:58.275959,completed
1061,510,2026-07-20 23:48:58.275959,processing
1062,205,2026-07-03 23:48:58.275959,processing
1063,997,2026-07-19 23:48:58.275959,completed
1064,721,2026-05-27 23:48:58.275959,completed
1065,165,2026-08-29 23:48:58.275959,processing
1066,509,2026-07-17 23:48:58.275959,cancelled
1067,956,2026-05-08 23:48:58.275959,completed
1068,241,2026-09-08 23:48:58.275959,completed
1069,688,2026-08-17 23:48:58.275959,completed
1070,856,2026-04-15 23:48:58.275959,cancelled
1071,506,2026-08-01 23:48:58.275959,completed
1072,799,2026-05-01 23:48:58.275959,completed
1073,741,2026-08-14 23:48:58.275959,completed
1074,660,2026-07-11 23:48:58.275959,completed
1075,304,2026-07-03 23:48:58.275959,completed
1076,52,2026-08-14 23:48:58.275959,completed
1077,896,2026-08-29 23:48:58.275959,completed
1078,369,2026-03-19 23:48:58.275959,completed
1079,437,2026-08-10 23:48:58.275959,completed
1080,872,2026-08-28 23:48:58.275959,completed
1081,873,2026-08-04 23:48:58.275959,cancelled
1082,663,2026-07-27 23:48:58.275959,completed
1083,367,2026-05-19 23:48:58.275959,processing
1084,275,2026-08-16 23:48:58.275959,completed
1085,835,2026-06-13 23:48:58.275959,completed
1086,117,2026-05-29 23:48:58.275959,completed
1087,986,2026-05-15 23:48:58.275959,completed
1088,856,2026-06-02 23:48:58.275959,cancelled
1089,872,2026-05-09 23:48:58.275959,completed
1090,665,2026-07-28 23:48:58.275959,completed
1091,136,2026-03-14 23:48:58.275959,cancelled
1092,61,2026-07-30 23:48:58.275959,completed
1093,427,2026-04-10 23:48:58.275959,completed
1094,822,2026-04-16 23:48:58.275959,cancelled
1095,449,2026-07-24 23:48:58.275959,processing
1096,389,2026-06-09 23:48:58.275959,processing
1097,30,2026-03-17 23:48:58.275959,cancelled
1098,997,2026-08-06 23:48:58.275959,completed
1099,943,2026-05-07 23:48:58.275959,completed
1100,909,2026-05-26 23:48:58.275959,completed
1101,48,2026-08-23 23:48:58.275959,completed
1102,671,2026-06-20 23:48:58.275959,completed
1103,722,2026-03-19 23:48:58.275959,processing
1104,786,2026-04-14 23:48:58.275959,cancelled
1105,579,2026-07-13 23:48:58.275959,cancelled
1106,895,2026-06-14 23:48:58.275959,processing
1107,536,2026-03-16 23:48:58.275959,cancelled
1108,634,2026-08-15 23:48:58.275959,completed
1109,678,2026-07-07 23:48:58.275959,completed
1110,355,2026-03-23 23:48:58.275959,cancelled
1111,657,2026-06-02 23:48:58.275959,completed
1112,860,2026-04-19 23:48:58.275959,processing
1113,56,2026-09-06 23:48:58.275959,cancelled
1114,957,2026-07-30 23:48:58.275959,processing
1115,870,2026-05-11 23:48:58.275959,completed
1116,891,2026-07-28 23:48:58.275959,completed
1117,770,2026-05-06 23:48:58.275959,completed
1118,247,2026-06-16 23:48:58.275959,completed
1119,52,2026-05-02 23:48:58.275959,completed
1120,564,2026-03-28 23:48:58.275959,completed
1121,413,2026-07-10 23:48:58.275959,completed
1122,471,2026-05-18 23:48:58.275959,processing
1123,459,2026-08-17 23:48:58.275959,completed
1124,458,2026-06-20 23:48:58.275959,completed
1125,510,2026-03-25 23:48:58.275959,completed
1126,106,2026-05-28 23:48:58.275959,completed
1127,37,2026-04-19 23:48:58.275959,processing
1128,1,2026-08-16 23:48:58.275959,processing
1129,987,2026-04-03 23:48:58.275959,cancelled
1130,312,2026-05-01 23:48:58.275959,processing
1131,212,2026-03-25 23:48:58.275959,cancelled
1132,468,2026-06-13 23:48:58.275959,completed
1133,846,2026-08-26 23:48:58.275959,completed
1134,865,2026-05-15 23:48:58.275959,completed
1135,574,2026-04-03 23:48:58.275959,processing
1136,485,2026-03-24 23:48:58.275959,completed
1137,734,2026-05-16 23:48:58.275959,completed
1138,100,2026-03-24 23:48:58.275959,completed
1139,3,2026-06-13 23:48:58.275959,completed
1140,850,2026-03-30 23:48:58.275959,completed
1141,561,2026-04-28 23:48:58.275959,completed
1142,719,2026-08-12 23:48:58.275959,completed
1143,919,2026-07-28 23:48:58.275959,completed
1144,144,2026-05-27 23:48:58.275959,completed
1145,261,2026-04-05 23:48:58.275959,completed
1146,193,2026-08-09 23:48:58.275959,completed
1147,221,2026-05-14 23:48:58.276965,completed
1148,734,2026-06-14 23:48:58.276965,completed
1149,776,2026-05-25 23:48:58.276965,completed
1150,949,2026-03-30 23:48:58.276965,cancelled
1151,603,2026-08-08 23:48:58.276965,completed
1152,469,2026-03-24 23:48:58.276965,processing
1153,980,2026-05-02 23:48:58.276965,completed
1154,987,2026-05-04 23:48:58.276965,completed
1155,544,2026-08-27 23:48:58.276965,processing
1156,958,2026-05-21 23:48:58.276965,processing
1157,495,2026-05-01 23:48:58.276965,completed
1158,709,2026-04-13 23:48:58.276965,completed
1159,749,2026-08-07 23:48:58.276965,completed
1160,397,2026-03-24 23:48:58.276965,processing
1161,621,2026-06-18 23:48:58.276965,processing
1162,903,2026-06-02 23:48:58.276965,completed
1163,624,2026-03-15 23:48:58.276965,completed
1164,281,2026-05-30 23:48:58.276965,completed
1165,994,2026-06-25 23:48:58.276965,completed
1166,825,2026-08-05 23:48:58.276965,completed
1167,423,2026-04-07 23:48:58.276965,cancelled
1168,908,2026-04-30 23:48:58.276965,completed
1169,864,2026-03-13 23:48:58.276965,processing
1170,882,2026-06-20 23:48:58.276965,cancelled
1171,755,2026-04-20 23:48:58.276965,cancelled
1172,223,2026-07-19 23:48:58.276965,completed
1173,640,2026-06-26 23:48:58.276965,cancelled
1174,354,2026-03-20 23:48:58.276965,completed
1175,728,2026-03-26 23:48:58.276965,completed
1176,516,2026-04-23 23:48:58.276965,cancelled
1177,653,2026-06-18 23:48:58.276965,cancelled
1178,119,2026-06-10 23:48:58.276965,processing
1179,492,2026-04-12 23:48:58.276965,processing
1180,966,2026-03-22 23:48:58.276965,cancelled
1181,428,2026-03-20 23:48:58.276965,cancelled
1182,916,2026-04-25 23:48:58.276965,completed
1183,899,2026-05-23 23:48:58.276965,completed
1184,536,2026-08-12 23:48:58.276965,completed
1185,391,2026-08-02 23:48:58.276965,completed
1186,687,2026-08-25 23:48:58.276965,completed
1187,274,2026-07-29 23:48:58.276965,completed
1188,700,2026-07-06 23:48:58.276965,completed
1189,860,2026-08-24 23:48:58.276965,cancelled
1190,804,2026-06-25 23:48:58.276965,completed
1191,772,2026-04-23 23:48:58.276965,completed
1192,368,2026-05-16 23:48:58.276965,completed
1193,631,2026-03-20 23:48:58.276965,cancelled
1194,576,2026-07-13 23:48:58.276965,cancelled
1195,663,2026-04-18 23:48:58.276965,completed
1196,244,2026-05-01 23:48:58.276965,cancelled
1197,295,2026-03-15 23:48:58.276965,cancelled
1198,49,2026-06-03 23:48:58.276965,completed
1199,427,2026-03-17 23:48:58.276965,completed
1200,990,2026-04-20 23:48:58.276965,completed
1201,14,2026-07-06 23:48:58.276965,completed
1202,636,2026-05-18 23:48:58.276965,completed
1203,934,2026-03-30 23:48:58.276965,cancelled
1204,727,2026-03-27 23:48:58.276965,completed
1205,774,2026-04-11 23:48:58.276965,processing
1206,757,2026-04-07 23:48:58.276965,completed
1207,795,2026-07-21 23:48:58.276965,completed
1208,460,2026-07-25 23:48:58.276965,cancelled
1209,77,2026-07-23 23:48:58.276965,completed
1210,753,2026-04-30 23:48:58.276965,completed
1211,387,2026-08-29 23:48:58.276965,completed
1212,286,2026-04-19 23:48:58.276965,completed
1213,134,2026-07-29 23:48:58.276965,processing
1214,867,2026-07-05 23:48:58.276965,completed
1215,339,2026-05-12 23:48:58.276965,cancelled
1216,960,2026-07-31 23:48:58.276965,completed
1217,158,2026-06-18 23:48:58.276965,processing
1218,53,2026-04-01 23:48:58.276965,processing
1219,864,2026-03-23 23:48:58.276965,completed
1220,503,2026-04-15 23:48:58.276965,processing
1221,367,2026-08-21 23:48:58.276965,cancelled
1222,326,2026-04-27 23:48:58.276965,completed
1223,980,2026-07-23 23:48:58.276965,processing
1224,70,2026-05-02 23:48:58.276965,completed
1225,426,2026-04-22 23:48:58.276965,processing
1226,414,2026-08-16 23:48:58.276965,completed
1227,227,2026-07-16 23:48:58.276965,cancelled
1228,340,2026-06-16 23:48:58.276965,completed
1229,301,2026-07-15 23:48:58.276965,processing
1230,544,2026-05-10 23:48:58.276965,processing
1231,844,2026-03-26 23:48:58.276965,completed
1232,118,2026-03-21 23:48:58.276965,completed
1233,457,2026-07-09 23:48:58.276965,cancelled
1234,629,2026-04-02 23:48:58.276965,completed
1235,982,2026-08-29 23:48:58.276965,cancelled
1236,907,2026-06-18 23:48:58.276965,completed
1237,938,2026-08-10 23:48:58.276965,completed
1238,263,2026-04-23 23:48:58.276965,cancelled
1239,290,2026-09-02 23:48:58.276965,processing
1240,842,2026-06-05 23:48:58.276965,processing
1241,823,2026-05-01 23:48:58.276965,completed
1242,499,2026-08-28 23:48:58.276965,completed
1243,920,2026-03-26 23:48:58.276965,completed
1244,329,2026-04-30 23:48:58.276965,completed
1245,971,2026-08-15 23:48:58.276965,completed
1246,995,2026-04-24 23:48:58.276965,processing
1247,8,2026-04-01 23:48:58.276965,completed
1248,216,2026-03-21 23:48:58.276965,cancelled
1249,793,2026-07-16 23:48:58.276965,cancelled
1250,435,2026-08-13 23:48:58.276965,completed
1251,551,2026-03-13 23:48:58.276965,cancelled
1252,794,2026-05-20 23:48:58.276965,cancelled
1253,837,2026-08-21 23:48:58.276965,cancelled
1254,703,2026-07-31 23:48:58.276965,completed
1255,471,2026-06-16 23:48:58.276965,completed
1256,90,2026-08-21 23:48:58.276965,completed
1257,183,2026-07-06 23:48:58.276965,processing
1258,73,2026-04-14 23:48:58.276965,completed
1259,933,2026-07-04 23:48:58.276965,completed
1260,398,2026-05-16 23:48:58.276965,cancelled
1261,415,2026-05-21 23:48:58.276965,completed
1262,18,2026-06-01 23:48:58.276965,cancelled
1263,122,2026-04-25 23:48:58.276965,completed
1264,657,2026-04-03 23:48:58.276965,completed
1265,775,2026-04-12 23:48:58.276965,completed
1266,718,2026-08-21 23:48:58.276965,completed
1267,951,2026-05-03 23:48:58.276965,completed
1268,297,2026-03-17 23:48:58.276965,completed
1269,622,2026-08-17 23:48:58.276965,completed
1270,784,2026-05-19 23:48:58.276965,completed
1271,405,2026-03-23 23:48:58.276965,completed
1272,486,2026-07-30 23:48:58.276965,processing
1273,226,2026-08-05 23:48:58.276965,cancelled
1274,401,2026-04-22 23:48:58.276965,completed
1275,984,2026-03-30 23:48:58.276965,completed
1276,306,2026-03-19 23:48:58.276965,cancelled
1277,664,2026-06-05 23:48:58.276965,completed
1278,567,2026-04-19 23:48:58.276965,completed
1279,127,2026-08-29 23:48:58.276965,completed
1280,587,2026-04-09 23:48:58.276965,completed
1281,551,2026-04-21 23:48:58.276965,completed
1282,313,2026-07-17 23:48:58.276965,cancelled
1283,760,2026-06-12 23:48:58.276965,completed
1284,423,2026-03-27 23:48:58.276965,processing
1285,146,2026-07-29 23:48:58.276965,completed
1286,227,2026-04-04 23:48:58.276965,completed
1287,199,2026-08-10 23:48:58.276965,completed
1288,688,2026-04-16 23:48:58.276965,completed
1289,872,2026-04-21 23:48:58.276965,completed
1290,661,2026-04-21 23:48:58.276965,completed
1291,298,2026-03-21 23:48:58.276965,completed
1292,257,2026-08-14 23:48:58.276965,completed
1293,744,2026-04-13 23:48:58.276965,completed
1294,975,2026-06-16 23:48:58.276965,completed
1295,132,2026-03-21 23:48:58.276965,cancelled
1296,241,2026-08-14 23:48:58.276965,completed
1297,635,2026-08-22 23:48:58.276965,completed
1298,326,2026-05-07 23:48:58.276965,completed
1299,337,2026-04-04 23:48:58.276965,cancelled
1300,314,2026-03-15 23:48:58.276965,processing
1301,157,2026-04-17 23:48:58.276965,processing
1302,374,2026-06-20 23:48:58.276965,completed
1303,173,2026-09-07 23:48:58.276965,completed
1304,253,2026-07-14 23:48:58.276965,cancelled
1305,758,2026-03-28 23:48:58.276965,completed
1306,284,2026-06-08 23:48:58.276965,completed
1307,696,2026-06-16 23:48:58.276965,completed
1308,474,2026-05-17 23:48:58.276965,completed
1309,794,2026-06-22 23:48:58.276965,completed
1310,565,2026-08-12 23:48:58.276965,completed
1311,662,2026-04-06 23:48:58.276965,completed
1312,862,2026-06-29 23:48:58.276965,completed
1313,913,2026-04-24 23:48:58.276965,completed
1314,270,2026-04-01 23:48:58.276965,completed
1315,745,2026-08-20 23:48:58.276965,completed
1316,870,2026-05-02 23:48:58.276965,cancelled
1317,32,2026-04-13 23:48:58.276965,processing
1318,415,2026-04-10 23:48:58.276965,completed
1319,929,2026-08-30 23:48:58.276965,processing
1320,267,2026-04-22 23:48:58.276965,processing
1321,484,2026-03-25 23:48:58.276965,completed
1322,375,2026-05-31 23:48:58.276965,completed
1323,913,2026-04-11 23:48:58.276965,cancelled
1324,878,2026-06-26 23:48:58.276965,completed
1325,476,2026-05-03 23:48:58.276965,processing
1326,93,2026-05-30 23:48:58.276965,completed
1327,515,2026-09-06 23:48:58.276965,cancelled
1328,245,2026-04-04 23:48:58.276965,cancelled
1329,170,2026-04-30 23:48:58.276965,completed
1330,457,2026-07-30 23:48:58.276965,completed
1331,580,2026-04-17 23:48:58.276965,cancelled
1332,894,2026-08-02 23:48:58.276965,cancelled
1333,750,2026-05-08 23:48:58.276965,completed
1334,42,2026-07-14 23:48:58.276965,completed
1335,238,2026-08-23 23:48:58.276965,completed
1336,379,2026-07-11 23:48:58.276965,completed
1337,685,2026-07-18 23:48:58.276965,processing
1338,930,2026-06-08 23:48:58.276965,completed
1339,481,2026-05-15 23:48:58.276965,completed
1340,41,2026-03-26 23:48:58.276965,completed
1341,106,2026-03-12 23:48:58.276965,processing
1342,649,2026-06-30 23:48:58.276965,cancelled
1343,270,2026-04-13 23:48:58.276965,processing
1344,584,2026-07-26 23:48:58.276965,completed
1345,670,2026-06-04 23:48:58.276965,completed
1346,602,2026-03-25 23:48:58.276965,completed
1347,530,2026-07-06 23:48:58.276965,completed
1348,997,2026-07-13 23:48:58.276965,processing
1349,416,2026-06-10 23:48:58.276965,completed
1350,499,2026-05-08 23:48:58.276965,processing
1351,7,2026-05-03 23:48:58.276965,completed
1352,451,2026-07-28 23:48:58.276965,completed
1353,79,2026-04-30 23:48:58.276965,cancelled
1354,288,2026-07-16 23:48:58.276965,completed
1355,192,2026-07-30 23:48:58.276965,completed
1356,617,2026-08-09 23:48:58.276965,cancelled
1357,236,2026-05-25 23:48:58.276965,completed
1358,738,2026-08-10 23:48:58.276965,completed
1359,692,2026-05-09 23:48:58.276965,completed
1360,216,2026-04-10 23:48:58.276965,completed
1361,663,2026-05-26 23:48:58.276965,completed
1362,250,2026-08-28 23:48:58.276965,completed
1363,588,2026-04-10 23:48:58.276965,completed
1364,138,2026-03-31 23:48:58.276965,processing
1365,41,2026-04-15 23:48:58.276965,completed
1366,58,2026-07-28 23:48:58.276965,completed
1367,945,2026-07-24 23:48:58.276965,processing
1368,982,2026-05-28 23:48:58.276965,processing
1369,993,2026-04-17 23:48:58.276965,cancelled
1370,20,2026-03-23 23:48:58.276965,completed
1371,970,2026-08-18 23:48:58.276965,completed
1372,460,2026-04-06 23:48:58.276965,completed
1373,889,2026-05-08 23:48:58.276965,completed
1374,225,2026-05-26 23:48:58.276965,processing
1375,147,2026-04-12 23:48:58.276965,completed
1376,639,2026-03-24 23:48:58.276965,processing
1377,271,2026-07-28 23:48:58.276965,cancelled
1378,703,2026-06-13 23:48:58.276965,completed
1379,611,2026-04-10 23:48:58.276965,completed
1380,236,2026-06-04 23:48:58.276965,completed
1381,136,2026-08-12 23:48:58.276965,completed
1382,208,2026-04-28 23:48:58.276965,processing
1383,701,2026-05-24 23:48:58.276965,completed
1384,621,2026-08-15 23:48:58.276965,completed
1385,488,2026-04-04 23:48:58.276965,processing
1386,40,2026-04-25 23:48:58.276965,processing
1387,771,2026-08-09 23:48:58.276965,completed
1388,494,2026-03-24 23:48:58.276965,completed
1389,924,2026-04-07 23:48:58.276965,processing
1390,848,2026-09-08 23:48:58.276965,cancelled
1391,665,2026-05-21 23:48:58.276965,processing
1392,431,2026-06-06 23:48:58.276965,completed
1393,715,2026-04-26 23:48:58.276965,completed
1394,235,2026-05-08 23:48:58.276965,completed
1395,359,2026-04-11 23:48:58.276965,cancelled
1396,930,2026-03-14 23:48:58.276965,processing
1397,101,2026-05-23 23:48:58.276965,completed
1398,261,2026-05-09 23:48:58.276965,completed
1399,932,2026-08-18 23:48:58.276965,completed
1400,613,2026-04-22 23:48:58.276965,completed
1401,264,2026-07-22 23:48:58.276965,completed
1402,727,2026-09-07 23:48:58.276965,processing
1403,536,2026-08-09 23:48:58.276965,processing
1404,8,2026-06-04 23:48:58.276965,cancelled
1405,211,2026-03-16 23:48:58.276965,completed
1406,419,2026-06-08 23:48:58.276965,completed
1407,159,2026-05-22 23:48:58.276965,cancelled
1408,600,2026-07-06 23:48:58.276965,completed
1409,876,2026-04-24 23:48:58.276965,completed
1410,579,2026-06-07 23:48:58.276965,processing
1411,283,2026-03-18 23:48:58.276965,completed
1412,774,2026-07-18 23:48:58.276965,completed
1413,566,2026-04-19 23:48:58.276965,completed
1414,184,2026-06-06 23:48:58.276965,processing
1415,569,2026-05-08 23:48:58.276965,completed
1416,315,2026-04-14 23:48:58.276965,completed
1417,793,2026-03-12 23:48:58.276965,completed
1418,754,2026-08-04 23:48:58.276965,cancelled
1419,122,2026-07-12 23:48:58.276965,completed
1420,802,2026-03-13 23:48:58.276965,completed
1421,103,2026-07-16 23:48:58.276965,processing
1422,411,2026-06-14 23:48:58.276965,processing
1423,629,2026-03-14 23:48:58.276965,cancelled
1424,724,2026-08-26 23:48:58.276965,completed
1425,399,2026-03-30 23:48:58.276965,completed
1426,824,2026-08-16 23:48:58.276965,completed
1427,483,2026-04-08 23:48:58.276965,completed
1428,91,2026-08-23 23:48:58.276965,completed
1429,228,2026-06-06 23:48:58.276965,completed
1430,624,2026-08-30 23:48:58.276965,cancelled
1431,394,2026-05-29 23:48:58.276965,processing
1432,672,2026-04-28 23:48:58.276965,completed
1433,729,2026-04-09 23:48:58.276965,completed
1434,969,2026-07-26 23:48:58.276965,cancelled
1435,507,2026-05-19 23:48:58.276965,completed
1436,207,2026-03-24 23:48:58.276965,processing
1437,293,2026-07-21 23:48:58.276965,completed
1438,803,2026-04-08 23:48:58.276965,processing
1439,529,2026-03-14 23:48:58.276965,completed
1440,630,2026-07-27 23:48:58.276965,cancelled
1441,37,2026-06-08 23:48:58.276965,completed
1442,671,2026-09-08 23:48:58.276965,completed
1443,89,2026-06-30 23:48:58.276965,completed
1444,362,2026-03-21 23:48:58.276965,completed
1445,416,2026-04-11 23:48:58.276965,completed
1446,531,2026-09-05 23:48:58.276965,cancelled
1447,721,2026-08-22 23:48:58.276965,completed
1448,563,2026-06-28 23:48:58.276965,cancelled
1449,850,2026-04-18 23:48:58.276965,processing
1450,357,2026-06-12 23:48:58.276965,completed
1451,232,2026-04-06 23:48:58.276965,completed
1452,466,2026-05-28 23:48:58.276965,processing
1453,5,2026-07-04 23:48:58.276965,completed
1454,417,2026-05-02 23:48:58.276965,completed
1455,573,2026-08-21 23:48:58.276965,processing
1456,302,2026-06-13 23:48:58.276965,completed
1457,823,2026-04-30 23:48:58.276965,completed
1458,898,2026-04-24 23:48:58.276965,processing
1459,257,2026-03-15 23:48:58.276965,completed
1460,990,2026-06-04 23:48:58.276965,processing
1461,496,2026-07-08 23:48:58.276965,completed
1462,985,2026-05-14 23:48:58.276965,cancelled
1463,472,2026-04-11 23:48:58.276965,completed
1464,494,2026-08-10 23:48:58.276965,completed
1465,70,2026-06-03 23:48:58.276965,cancelled
1466,808,2026-07-14 23:48:58.276965,cancelled
1467,719,2026-07-12 23:48:58.276965,completed
1468,423,2026-06-10 23:48:58.276965,processing
1469,549,2026-09-06 23:48:58.276965,cancelled
1470,853,2026-07-03 23:48:58.276965,completed
1471,295,2026-08-16 23:48:58.276965,completed
1472,690,2026-06-13 23:48:58.276965,completed
1473,568,2026-07-25 23:48:58.276965,completed
1474,322,2026-06-10 23:48:58.276965,completed
1475,916,2026-04-15 23:48:58.276965,completed
1476,188,2026-03-18 23:48:58.276965,completed
1477,511,2026-07-19 23:48:58.276965,completed
1478,754,2026-07-09 23:48:58.276965,completed
1479,212,2026-07-12 23:48:58.276965,completed
1480,855,2026-07-07 23:48:58.276965,processing
1481,365,2026-07-31 23:48:58.276965,completed
1482,123,2026-08-19 23:48:58.276965,cancelled
1483,979,2026-03-23 23:48:58.276965,completed
1484,629,2026-09-07 23:48:58.276965,processing
1485,981,2026-08-29 23:48:58.276965,completed
1486,381,2026-04-03 23:48:58.276965,completed
1487,505,2026-04-14 23:48:58.276965,completed
1488,503,2026-07-24 23:48:58.276965,processing
1489,287,2026-05-30 23:48:58.276965,completed
1490,769,2026-04-14 23:48:58.276965,completed
1491,56,2026-04-27 23:48:58.276965,completed
1492,490,2026-04-23 23:48:58.276965,completed
1493,515,2026-06-12 23:48:58.276965,completed
1494,882,2026-03-17 23:48:58.276965,completed
1495,469,2026-08-09 23:48:58.276965,cancelled
1496,531,2026-05-14 23:48:58.276965,completed
1497,706,2026-09-06 23:48:58.276965,completed
1498,691,2026-07-17 23:48:58.276965,completed
1499,595,2026-08-14 23:48:58.276965,completed
1500,371,2026-04-05 23:48:58.276965,completed
1501,192,2026-04-21 23:48:58.276965,completed
1502,243,2026-07-02 23:48:58.276965,completed
1503,982,2026-04-05 23:48:58.276965,completed
1504,375,2026-07-23 23:48:58.276965,completed
1505,435,2026-07-17 23:48:58.276965,completed
1506,718,2026-06-05 23:48:58.276965,completed
1507,875,2026-05-29 23:48:58.276965,completed
1508,462,2026-07-24 23:48:58.276965,processing
1509,135,2026-04-14 23:48:58.276965,cancelled
1510,235,2026-08-14 23:48:58.276965,cancelled
1511,277,2026-07-10 23:48:58.276965,processing
1512,443,2026-06-03 23:48:58.276965,completed
1513,150,2026-08-01 23:48:58.276965,completed
1514,826,2026-09-06 23:48:58.276965,completed
1515,432,2026-05-04 23:48:58.276965,completed
1516,915,2026-03-31 23:48:58.276965,processing
1517,547,2026-06-20 23:48:58.276965,completed
1518,308,2026-07-06 23:48:58.276965,processing
1519,880,2026-04-16 23:48:58.276965,completed
1520,408,2026-08-14 23:48:58.276965,cancelled
1521,168,2026-08-24 23:48:58.276965,completed
1522,834,2026-07-05 23:48:58.276965,completed
1523,860,2026-03-31 23:48:58.276965,completed
1524,461,2026-06-15 23:48:58.276965,completed
1525,370,2026-06-08 23:48:58.276965,processing
1526,571,2026-07-05 23:48:58.276965,completed
1527,21,2026-05-26 23:48:58.276965,completed
1528,360,2026-03-19 23:48:58.276965,processing
1529,204,2026-04-14 23:48:58.276965,processing
1530,666,2026-03-26 23:48:58.276965,processing
1531,179,2026-06-28 23:48:58.276965,completed
1532,333,2026-03-20 23:48:58.276965,processing
1533,500,2026-05-17 23:48:58.276965,completed
1534,391,2026-04-04 23:48:58.276965,completed
1535,475,2026-03-31 23:48:58.276965,completed
1536,890,2026-07-28 23:48:58.276965,cancelled
1537,828,2026-06-14 23:48:58.276965,completed
1538,647,2026-04-05 23:48:58.276965,processing
1539,415,2026-08-21 23:48:58.276965,completed
1540,166,2026-06-13 23:48:58.276965,completed
1541,322,2026-06-19 23:48:58.276965,cancelled
1542,299,2026-07-02 23:48:58.276965,processing
1543,661,2026-05-30 23:48:58.276965,completed
1544,909,2026-05-18 23:48:58.276965,completed
1545,766,2026-04-11 23:48:58.276965,processing
1546,989,2026-05-16 23:48:58.276965,completed
1547,172,2026-07-23 23:48:58.276965,completed
1548,129,2026-07-10 23:48:58.276965,cancelled
1549,258,2026-03-13 23:48:58.276965,cancelled
1550,82,2026-07-17 23:48:58.276965,completed
1551,407,2026-08-13 23:48:58.276965,completed
1552,66,2026-05-10 23:48:58.276965,processing
1553,56,2026-09-02 23:48:58.276965,completed
1554,537,2026-08-18 23:48:58.276965,completed
1555,269,2026-04-03 23:48:58.276965,completed
1556,87,2026-03-25 23:48:58.276965,completed
1557,317,2026-07-12 23:48:58.276965,completed
1558,756,2026-06-28 23:48:58.276965,completed
1559,642,2026-08-07 23:48:58.276965,completed
1560,540,2026-07-27 23:48:58.276965,completed
1561,36,2026-03-23 23:48:58.277983,completed
1562,882,2026-06-17 23:48:58.277983,completed
1563,479,2026-04-23 23:48:58.277983,completed
1564,562,2026-05-18 23:48:58.277983,completed
1565,993,2026-03-14 23:48:58.277983,processing
1566,182,2026-04-10 23:48:58.277983,processing
1567,468,2026-03-31 23:48:58.277983,cancelled
1568,652,2026-04-17 23:48:58.277983,completed
1569,537,2026-03-29 23:48:58.277983,cancelled
1570,547,2026-06-21 23:48:58.277983,completed
1571,494,2026-04-23 23:48:58.277983,completed
1572,825,2026-08-17 23:48:58.277983,completed
1573,316,2026-06-07 23:48:58.277983,completed
1574,267,2026-07-31 23:48:58.277983,completed
1575,11,2026-09-08 23:48:58.277983,processing
1576,835,2026-08-05 23:48:58.277983,completed
1577,294,2026-05-11 23:48:58.277983,processing
1578,9,2026-03-16 23:48:58.277983,completed
1579,970,2026-05-09 23:48:58.277983,completed
1580,10,2026-05-21 23:48:58.277983,completed
1581,612,2026-07-11 23:48:58.277983,completed
1582,562,2026-06-05 23:48:58.277983,completed
1583,422,2026-04-18 23:48:58.277983,completed
1584,405,2026-07-07 23:48:58.277983,completed
1585,733,2026-03-27 23:48:58.277983,completed
1586,849,2026-06-04 23:48:58.277983,completed
1587,270,2026-08-19 23:48:58.277983,completed
1588,641,2026-07-09 23:48:58.277983,processing
1589,783,2026-04-05 23:48:58.277983,cancelled
1590,702,2026-07-01 23:48:58.277983,completed
1591,665,2026-04-25 23:48:58.277983,completed
1592,423,2026-07-22 23:48:58.277983,completed
1593,187,2026-08-05 23:48:58.277983,completed
1594,114,2026-03-29 23:48:58.277983,completed
1595,633,2026-05-16 23:48:58.277983,completed
1596,718,2026-04-02 23:48:58.277983,completed
1597,193,2026-06-18 23:48:58.277983,completed
1598,156,2026-08-27 23:48:58.277983,processing
1599,23,2026-07-23 23:48:58.277983,completed
1600,289,2026-07-02 23:48:58.277983,completed
1601,733,2026-05-19 23:48:58.277983,cancelled
1602,9,2026-07-11 23:48:58.277983,completed
1603,155,2026-09-05 23:48:58.277983,completed
1604,223,2026-06-13 23:48:58.277983,completed
1605,320,2026-05-04 23:48:58.277983,completed
1606,475,2026-03-14 23:48:58.277983,completed
1607,339,2026-08-19 23:48:58.277983,completed
1608,58,2026-07-02 23:48:58.277983,completed
1609,74,2026-04-22 23:48:58.277983,completed
1610,186,2026-07-21 23:48:58.277983,completed
1611,837,2026-06-03 23:48:58.277983,completed
1612,125,2026-07-07 23:48:58.277983,completed
1613,790,2026-05-18 23:48:58.277983,completed
1614,756,2026-08-31 23:48:58.277983,completed
1615,472,2026-08-15 23:48:58.277983,processing
1616,682,2026-07-17 23:48:58.277983,completed
1617,399,2026-03-18 23:48:58.277983,completed
1618,959,2026-06-18 23:48:58.277983,completed
1619,645,2026-08-29 23:48:58.277983,cancelled
1620,960,2026-04-21 23:48:58.277983,processing
1621,126,2026-07-06 23:48:58.277983,completed
1622,654,2026-06-24 23:48:58.277983,completed
1623,370,2026-08-26 23:48:58.277983,cancelled
1624,224,2026-08-11 23:48:58.277983,completed
1625,649,2026-05-20 23:48:58.277983,completed
1626,16,2026-07-28 23:48:58.277983,completed
1627,599,2026-08-09 23:48:58.277983,completed
1628,809,2026-07-08 23:48:58.277983,completed
1629,993,2026-08-29 23:48:58.277983,processing
1630,803,2026-03-16 23:48:58.277983,completed
1631,705,2026-04-09 23:48:58.277983,completed
1632,381,2026-08-17 23:48:58.277983,completed
1633,162,2026-05-04 23:48:58.277983,completed
1634,703,2026-04-03 23:48:58.277983,completed
1635,954,2026-04-01 23:48:58.277983,completed
1636,62,2026-06-09 23:48:58.277983,cancelled
1637,158,2026-03-13 23:48:58.277983,processing
1638,811,2026-08-12 23:48:58.277983,completed
1639,500,2026-07-11 23:48:58.277983,completed
1640,572,2026-03-27 23:48:58.277983,completed
1641,825,2026-05-19 23:48:58.277983,cancelled
1642,198,2026-09-03 23:48:58.277983,cancelled
1643,387,2026-06-09 23:48:58.277983,cancelled
1644,138,2026-07-06 23:48:58.277983,completed
1645,497,2026-03-12 23:48:58.277983,completed
1646,573,2026-06-25 23:48:58.277983,processing
1647,714,2026-05-06 23:48:58.277983,completed
1648,581,2026-07-23 23:48:58.277983,processing
1649,357,2026-06-18 23:48:58.277983,cancelled
1650,480,2026-06-30 23:48:58.277983,processing
1651,937,2026-04-20 23:48:58.277983,completed
1652,71,2026-04-26 23:48:58.277983,completed
1653,461,2026-06-25 23:48:58.277983,completed
1654,555,2026-06-07 23:48:58.277983,completed
1655,1,2026-03-29 23:48:58.277983,processing
1656,389,2026-07-23 23:48:58.277983,completed
1657,635,2026-06-07 23:48:58.277983,processing
1658,245,2026-06-18 23:48:58.277983,cancelled
1659,65,2026-03-24 23:48:58.277983,processing
1660,839,2026-06-01 23:48:58.277983,completed
1661,537,2026-03-18 23:48:58.277983,completed
1662,785,2026-04-20 23:48:58.277983,completed
1663,628,2026-06-28 23:48:58.277983,completed
1664,420,2026-03-28 23:48:58.277983,completed
1665,114,2026-08-15 23:48:58.277983,processing
1666,675,2026-08-22 23:48:58.277983,completed
1667,856,2026-08-06 23:48:58.277983,completed
1668,895,2026-08-31 23:48:58.277983,completed
1669,110,2026-05-07 23:48:58.277983,completed
1670,102,2026-08-31 23:48:58.277983,processing
1671,658,2026-06-01 23:48:58.277983,cancelled
1672,502,2026-04-27 23:48:58.277983,processing
1673,719,2026-04-10 23:48:58.277983,completed
1674,51,2026-06-07 23:48:58.277983,completed
1675,621,2026-08-21 23:48:58.277983,completed
1676,953,2026-07-17 23:48:58.277983,cancelled
1677,504,2026-08-19 23:48:58.277983,completed
1678,821,2026-03-29 23:48:58.277983,completed
1679,370,2026-04-19 23:48:58.277983,cancelled
1680,961,2026-05-25 23:48:58.277983,completed
1681,814,2026-08-25 23:48:58.277983,processing
1682,273,2026-04-26 23:48:58.277983,completed
1683,752,2026-08-21 23:48:58.277983,completed
1684,80,2026-07-15 23:48:58.277983,processing
1685,100,2026-08-14 23:48:58.277983,cancelled
1686,237,2026-04-25 23:48:58.277983,completed
1687,195,2026-07-21 23:48:58.277983,processing
1688,673,2026-07-07 23:48:58.277983,processing
1689,641,2026-07-25 23:48:58.277983,processing
1690,768,2026-04-19 23:48:58.277983,completed
1691,765,2026-08-12 23:48:58.277983,cancelled
1692,591,2026-06-09 23:48:58.277983,cancelled
1693,470,2026-03-13 23:48:58.277983,cancelled
1694,438,2026-08-13 23:48:58.277983,completed
1695,812,2026-07-24 23:48:58.277983,processing
1696,412,2026-05-02 23:48:58.277983,completed
1697,674,2026-07-30 23:48:58.277983,processing
1698,615,2026-05-18 23:48:58.277983,completed
1699,925,2026-06-20 23:48:58.277983,processing
1700,333,2026-06-05 23:48:58.277983,completed
1701,783,2026-03-30 23:48:58.277983,completed
1702,846,2026-06-18 23:48:58.277983,processing
1703,247,2026-04-17 23:48:58.277983,processing
1704,220,2026-06-04 23:48:58.277983,processing
1705,949,2026-07-05 23:48:58.277983,completed
1706,985,2026-05-16 23:48:58.277983,completed
1707,983,2026-05-30 23:48:58.277983,completed
1708,744,2026-08-31 23:48:58.277983,completed
1709,611,2026-09-04 23:48:58.277983,processing
1710,139,2026-06-23 23:48:58.277983,completed
1711,308,2026-07-14 23:48:58.277983,completed
1712,877,2026-06-20 23:48:58.277983,completed
1713,791,2026-03-16 23:48:58.277983,completed
1714,942,2026-04-20 23:48:58.277983,processing
1715,570,2026-04-15 23:48:58.277983,processing
1716,159,2026-08-15 23:48:58.277983,completed
1717,472,2026-06-09 23:48:58.277983,completed
1718,142,2026-07-03 23:48:58.277983,completed
1719,911,2026-04-12 23:48:58.277983,completed
1720,239,2026-07-05 23:48:58.277983,completed
1721,95,2026-04-15 23:48:58.277983,completed
1722,583,2026-07-15 23:48:58.277983,cancelled
1723,80,2026-06-17 23:48:58.277983,completed
1724,178,2026-05-07 23:48:58.277983,cancelled
1725,720,2026-04-14 23:48:58.277983,completed
1726,610,2026-03-28 23:48:58.277983,completed
1727,39,2026-04-14 23:48:58.277983,completed
1728,81,2026-08-25 23:48:58.277983,completed
1729,357,2026-05-20 23:48:58.277983,completed
1730,953,2026-08-09 23:48:58.277983,completed
1731,766,2026-03-25 23:48:58.277983,processing
1732,951,2026-09-06 23:48:58.277983,cancelled
1733,797,2026-03-31 23:48:58.277983,completed
1734,56,2026-06-22 23:48:58.277983,processing
1735,43,2026-06-19 23:48:58.277983,processing
1736,579,2026-08-01 23:48:58.277983,completed
1737,515,2026-03-14 23:48:58.277983,completed
1738,157,2026-08-27 23:48:58.277983,cancelled
1739,750,2026-05-31 23:48:58.277983,completed
1740,771,2026-04-09 23:48:58.277983,processing
1741,517,2026-08-16 23:48:58.277983,completed
1742,443,2026-06-26 23:48:58.277983,completed
1743,152,2026-08-06 23:48:58.277983,completed
1744,85,2026-05-10 23:48:58.277983,processing
1745,764,2026-08-27 23:48:58.277983,processing
1746,409,2026-07-03 23:48:58.277983,completed
1747,409,2026-05-03 23:48:58.277983,completed
1748,793,2026-03-14 23:48:58.277983,completed
1749,781,2026-08-05 23:48:58.277983,completed
1750,573,2026-07-20 23:48:58.277983,completed
1751,405,2026-03-26 23:48:58.277983,processing
1752,201,2026-04-18 23:48:58.277983,processing
1753,754,2026-04-27 23:48:58.277983,completed
1754,249,2026-08-21 23:48:58.277983,completed
1755,796,2026-05-21 23:48:58.277983,completed
1756,702,2026-04-14 23:48:58.277983,completed
1757,116,2026-03-21 23:48:58.277983,completed
1758,434,2026-06-07 23:48:58.277983,completed
1759,196,2026-06-18 23:48:58.277983,completed
1760,609,2026-03-25 23:48:58.277983,completed
1761,789,2026-06-22 23:48:58.277983,completed
1762,359,2026-04-04 23:48:58.277983,completed
1763,639,2026-08-02 23:48:58.277983,completed
1764,46,2026-07-11 23:48:58.277983,completed
1765,702,2026-06-05 23:48:58.277983,completed
1766,776,2026-08-18 23:48:58.277983,completed
1767,758,2026-08-26 23:48:58.277983,completed
1768,972,2026-04-03 23:48:58.277983,completed
1769,890,2026-06-27 23:48:58.277983,completed
1770,352,2026-03-15 23:48:58.277983,completed
1771,313,2026-05-16 23:48:58.277983,completed
1772,24,2026-06-16 23:48:58.277983,completed
1773,758,2026-04-24 23:48:58.277983,completed
1774,209,2026-04-22 23:48:58.277983,processing
1775,769,2026-07-04 23:48:58.277983,processing
1776,495,2026-04-02 23:48:58.277983,cancelled
1777,145,2026-03-15 23:48:58.277983,cancelled
1778,685,2026-09-04 23:48:58.277983,completed
1779,597,2026-03-23 23:48:58.277983,processing
1780,45,2026-07-05 23:48:58.277983,completed
1781,62,2026-06-28 23:48:58.277983,completed
1782,809,2026-03-14 23:48:58.277983,processing
1783,278,2026-08-26 23:48:58.277983,completed
1784,671,2026-09-06 23:48:58.277983,completed
1785,398,2026-03-23 23:48:58.277983,completed
1786,679,2026-03-24 23:48:58.277983,completed
1787,886,2026-08-12 23:48:58.277983,completed
1788,300,2026-03-26 23:48:58.277983,completed
1789,237,2026-06-03 23:48:58.277983,processing
1790,727,2026-08-14 23:48:58.277983,completed
1791,497,2026-04-09 23:48:58.277983,processing
1792,91,2026-07-23 23:48:58.277983,completed
1793,513,2026-05-14 23:48:58.277983,processing
1794,949,2026-09-03 23:48:58.277983,completed
1795,254,2026-04-26 23:48:58.277983,completed
1796,342,2026-05-06 23:48:58.277983,completed
1797,763,2026-07-30 23:48:58.277983,completed
1798,356,2026-03-17 23:48:58.277983,completed
1799,364,2026-04-01 23:48:58.277983,completed
1800,242,2026-05-03 23:48:58.277983,completed
1801,832,2026-08-24 23:48:58.277983,cancelled
1802,264,2026-06-01 23:48:58.277983,completed
1803,967,2026-04-19 23:48:58.277983,completed
1804,231,2026-08-01 23:48:58.277983,completed
1805,919,2026-05-31 23:48:58.277983,cancelled
1806,141,2026-08-17 23:48:58.277983,cancelled
1807,392,2026-04-28 23:48:58.277983,cancelled
1808,628,2026-04-01 23:48:58.277983,cancelled
1809,233,2026-05-25 23:48:58.277983,completed
1810,587,2026-07-31 23:48:58.277983,completed
1811,994,2026-06-21 23:48:58.277983,processing
1812,338,2026-05-17 23:48:58.277983,processing
1813,135,2026-07-18 23:48:58.277983,cancelled
1814,142,2026-04-13 23:48:58.277983,processing
1815,701,2026-07-19 23:48:58.277983,completed
1816,317,2026-03-16 23:48:58.277983,cancelled
1817,921,2026-04-27 23:48:58.277983,completed
1818,441,2026-08-02 23:48:58.277983,cancelled
1819,956,2026-04-17 23:48:58.277983,completed
1820,326,2026-08-22 23:48:58.277983,processing
1821,546,2026-08-09 23:48:58.277983,completed
1822,326,2026-08-02 23:48:58.277983,cancelled
1823,31,2026-06-19 23:48:58.277983,completed
1824,985,2026-05-26 23:48:58.277983,completed
1825,454,2026-03-29 23:48:58.277983,cancelled
1826,281,2026-08-01 23:48:58.277983,completed
1827,110,2026-08-06 23:48:58.277983,completed
1828,27,2026-04-05 23:48:58.277983,processing
1829,274,2026-04-06 23:48:58.277983,processing
1830,628,2026-07-11 23:48:58.277983,processing
1831,238,2026-07-11 23:48:58.277983,cancelled
1832,27,2026-06-09 23:48:58.277983,completed
1833,705,2026-05-09 23:48:58.277983,completed
1834,515,2026-04-07 23:48:58.277983,completed
1835,730,2026-03-26 23:48:58.277983,completed
1836,189,2026-06-01 23:48:58.277983,completed
1837,486,2026-08-04 23:48:58.277983,completed
1838,198,2026-07-13 23:48:58.277983,completed
1839,419,2026-09-05 23:48:58.277983,completed
1840,974,2026-05-26 23:48:58.277983,completed
1841,761,2026-03-21 23:48:58.277983,completed
1842,776,2026-07-18 23:48:58.277983,completed
1843,182,2026-05-19 23:48:58.277983,processing
1844,502,2026-03-16 23:48:58.277983,completed
1845,888,2026-05-14 23:48:58.277983,completed
1846,438,2026-05-28 23:48:58.277983,completed
1847,623,2026-06-03 23:48:58.277983,cancelled
1848,321,2026-05-31 23:48:58.277983,processing
1849,962,2026-04-15 23:48:58.277983,processing
1850,550,2026-04-27 23:48:58.277983,cancelled
1851,897,2026-03-12 23:48:58.277983,completed
1852,534,2026-08-12 23:48:58.277983,completed
1853,468,2026-08-29 23:48:58.277983,completed
1854,532,2026-04-24 23:48:58.277983,completed
1855,753,2026-08-29 23:48:58.277983,processing
1856,397,2026-04-29 23:48:58.277983,cancelled
1857,986,2026-08-27 23:48:58.277983,completed
1858,299,2026-05-19 23:48:58.277983,completed
1859,906,2026-06-23 23:48:58.277983,completed
1860,473,2026-07-28 23:48:58.277983,completed
1861,302,2026-04-05 23:48:58.277983,completed
1862,707,2026-04-29 23:48:58.277983,completed
1863,475,2026-03-27 23:48:58.277983,completed
1864,93,2026-05-03 23:48:58.277983,completed
1865,185,2026-04-12 23:48:58.277983,cancelled
1866,560,2026-08-05 23:48:58.277983,completed
1867,424,2026-06-18 23:48:58.277983,completed
1868,26,2026-07-25 23:48:58.277983,completed
1869,605,2026-07-19 23:48:58.277983,completed
1870,93,2026-07-06 23:48:58.277983,completed
1871,709,2026-03-26 23:48:58.277983,cancelled
1872,816,2026-07-29 23:48:58.277983,cancelled
1873,751,2026-08-08 23:48:58.277983,completed
1874,117,2026-03-12 23:48:58.277983,completed
1875,650,2026-06-08 23:48:58.277983,completed
1876,537,2026-06-02 23:48:58.277983,cancelled
1877,811,2026-05-01 23:48:58.277983,processing
1878,973,2026-07-30 23:48:58.277983,completed
1879,564,2026-06-03 23:48:58.277983,completed
1880,787,2026-07-27 23:48:58.277983,completed
1881,580,2026-03-24 23:48:58.277983,completed
1882,167,2026-08-02 23:48:58.277983,completed
1883,788,2026-08-26 23:48:58.277983,completed
1884,316,2026-06-21 23:48:58.277983,cancelled
1885,788,2026-05-17 23:48:58.277983,completed
1886,642,2026-07-24 23:48:58.277983,completed
1887,921,2026-08-06 23:48:58.277983,completed
1888,4,2026-04-02 23:48:58.277983,completed
1889,13,2026-05-14 23:48:58.277983,completed
1890,876,2026-05-04 23:48:58.277983,processing
1891,827,2026-09-07 23:48:58.277983,processing
1892,904,2026-05-05 23:48:58.277983,completed
1893,223,2026-04-11 23:48:58.277983,cancelled
1894,488,2026-05-15 23:48:58.277983,completed
1895,453,2026-08-19 23:48:58.277983,processing
1896,615,2026-09-07 23:48:58.277983,completed
1897,904,2026-04-21 23:48:58.277983,completed
1898,635,2026-04-01 23:48:58.277983,processing
1899,840,2026-07-17 23:48:58.277983,completed
1900,190,2026-08-02 23:48:58.277983,completed
1901,669,2026-06-11 23:48:58.277983,completed
1902,149,2026-08-31 23:48:58.277983,cancelled
1903,592,2026-04-07 23:48:58.277983,completed
1904,340,2026-08-17 23:48:58.277983,completed
1905,112,2026-05-25 23:48:58.277983,completed
1906,166,2026-03-20 23:48:58.277983,completed
1907,626,2026-03-23 23:48:58.277983,cancelled
1908,717,2026-04-09 23:48:58.277983,processing
1909,807,2026-04-18 23:48:58.277983,completed
1910,990,2026-05-15 23:48:58.277983,cancelled
1911,593,2026-06-08 23:48:58.277983,completed
1912,96,2026-06-24 23:48:58.277983,completed
1913,378,2026-06-03 23:48:58.277983,completed
1914,777,2026-05-22 23:48:58.277983,processing
1915,67,2026-06-26 23:48:58.277983,completed
1916,138,2026-08-08 23:48:58.277983,cancelled
1917,881,2026-06-30 23:48:58.277983,completed
1918,540,2026-05-26 23:48:58.277983,processing
1919,215,2026-03-14 23:48:58.277983,completed
1920,627,2026-08-25 23:48:58.277983,completed
1921,586,2026-03-31 23:48:58.277983,processing
1922,90,2026-05-08 23:48:58.277983,cancelled
1923,706,2026-04-07 23:48:58.277983,cancelled
1924,295,2026-05-22 23:48:58.277983,processing
1925,869,2026-06-19 23:48:58.277983,completed
1926,539,2026-04-14 23:48:58.277983,processing
1927,363,2026-08-06 23:48:58.277983,processing
1928,577,2026-05-04 23:48:58.277983,processing
1929,747,2026-03-31 23:48:58.277983,completed
1930,505,2026-07-24 23:48:58.277983,processing
1931,239,2026-06-26 23:48:58.277983,completed
1932,2,2026-08-09 23:48:58.277983,completed
1933,477,2026-04-01 23:48:58.277983,completed
1934,756,2026-07-17 23:48:58.277983,processing
1935,425,2026-05-26 23:48:58.277983,completed
1936,342,2026-06-11 23:48:58.277983,processing
1937,826,2026-03-29 23:48:58.277983,completed
1938,12,2026-03-29 23:48:58.277983,completed
1939,707,2026-06-28 23:48:58.277983,completed
1940,810,2026-08-22 23:48:58.277983,completed
1941,308,2026-05-02 23:48:58.277983,processing
1942,332,2026-09-07 23:48:58.277983,completed
1943,703,2026-06-15 23:48:58.277983,completed
1944,406,2026-04-16 23:48:58.277983,processing
1945,984,2026-09-01 23:48:58.277983,completed
1946,199,2026-06-16 23:48:58.277983,completed
1947,945,2026-03-20 23:48:58.277983,completed
1948,939,2026-05-10 23:48:58.277983,completed
1949,662,2026-08-05 23:48:58.277983,completed
1950,160,2026-04-01 23:48:58.277983,completed
1951,914,2026-04-24 23:48:58.277983,completed
1952,474,2026-05-26 23:48:58.277983,cancelled
1953,58,2026-04-28 23:48:58.277983,completed
1954,579,2026-03-19 23:48:58.277983,completed
1955,569,2026-04-24 23:48:58.277983,completed
1956,214,2026-04-14 23:48:58.277983,cancelled
1957,340,2026-06-10 23:48:58.277983,completed
1958,993,2026-08-01 23:48:58.277983,completed
1959,861,2026-09-01 23:48:58.277983,completed
1960,385,2026-04-01 23:48:58.277983,processing
1961,863,2026-07-28 23:48:58.277983,processing
1962,621,2026-06-01 23:48:58.277983,completed
1963,610,2026-08-10 23:48:58.277983,completed
1964,723,2026-06-20 23:48:58.277983,cancelled
1965,33,2026-07-01 23:48:58.277983,completed
1966,89,2026-05-04 23:48:58.277983,completed
1967,381,2026-05-16 23:48:58.277983,completed
1968,222,2026-04-27 23:48:58.277983,completed
1969,180,2026-08-11 23:48:58.277983,completed
1970,804,2026-08-30 23:48:58.277983,completed
1971,936,2026-08-16 23:48:58.277983,completed
1972,519,2026-09-02 23:48:58.277983,completed
1973,927,2026-05-03 23:48:58.277983,completed
1974,195,2026-06-13 23:48:58.277983,completed
1975,751,2026-04-27 23:48:58.277983,completed
1976,795,2026-06-17 23:48:58.277983,completed
1977,788,2026-08-14 23:48:58.277983,processing
1978,693,2026-08-06 23:48:58.277983,completed
1979,742,2026-08-30 23:48:58.277983,completed
1980,397,2026-04-28 23:48:58.277983,completed
1981,5,2026-06-21 23:48:58.277983,completed
1982,704,2026-04-09 23:48:58.277983,completed
1983,342,2026-05-12 23:48:58.277983,completed
1984,106,2026-04-28 23:48:58.277983,cancelled
1985,764,2026-06-21 23:48:58.277983,completed
1986,592,2026-06-21 23:48:58.277983,cancelled
1987,914,2026-07-17 23:48:58.277983,completed
1988,206,2026-07-21 23:48:58.277983,completed
1989,284,2026-04-25 23:48:58.277983,completed
1990,792,2026-05-19 23:48:58.277983,cancelled
1991,121,2026-07-01 23:48:58.277983,completed
1992,162,2026-06-30 23:48:58.277983,completed
1993,16,2026-04-02 23:48:58.277983,processing
1994,527,2026-08-13 23:48:58.277983,completed
1995,556,2026-06-11 23:48:58.277983,processing
1996,327,2026-07-01 23:48:58.277983,completed
1997,966,2026-03-12 23:48:58.277983,completed
1998,588,2026-07-08 23:48:58.277983,completed
1999,73,2026-06-21 23:48:58.277983,processing
2000,914,2026-06-14 23:48:58.277983,processing
2001,455,2026-08-27 23:48:58.277983,completed
2002,30,2026-05-11 23:48:58.277983,cancelled
2003,52,2026-08-12 23:48:58.277983,completed
2004,56,2026-08-17 23:48:58.277983,completed
2005,402,2026-07-25 23:48:58.277983,cancelled
2006,611,2026-04-10 23:48:58.277983,cancelled
2007,857,2026-03-16 23:48:58.277983,cancelled
2008,457,2026-04-04 23:48:58.277983,completed
2009,320,2026-06-15 23:48:58.277983,completed
2010,731,2026-03-21 23:48:58.277983,processing
2011,81,2026-05-12 23:48:58.277983,processing
2012,135,2026-08-16 23:48:58.277983,cancelled
2013,480,2026-08-15 23:48:58.277983,completed
2014,318,2026-03-17 23:48:58.277983,cancelled
2015,728,2026-05-12 23:48:58.277983,completed
2016,238,2026-07-13 23:48:58.277983,completed
2017,882,2026-04-04 23:48:58.277983,completed
2018,935,2026-06-07 23:48:58.277983,completed
2019,188,2026-03-13 23:48:58.277983,cancelled
2020,339,2026-06-17 23:48:58.277983,completed
2021,500,2026-09-01 23:48:58.277983,completed
2022,487,2026-08-11 23:48:58.277983,completed
2023,491,2026-05-13 23:48:58.277983,completed
2024,290,2026-06-11 23:48:58.277983,processing
2025,589,2026-08-07 23:48:58.277983,processing
2026,106,2026-05-28 23:48:58.277983,cancelled
2027,816,2026-08-12 23:48:58.277983,completed
2028,570,2026-03-26 23:48:58.277983,completed
2029,812,2026-06-23 23:48:58.277983,processing
2030,473,2026-05-29 23:48:58.277983,processing
2031,424,2026-07-09 23:48:58.277983,processing
2032,250,2026-04-21 23:48:58.277983,completed
2033,998,2026-05-08 23:48:58.277983,completed
2034,68,2026-06-13 23:48:58.277983,completed
2035,834,2026-03-15 23:48:58.277983,processing
2036,442,2026-05-20 23:48:58.277983,processing
2037,807,2026-06-13 23:48:58.277983,processing
2038,711,2026-07-10 23:48:58.277983,completed
2039,679,2026-03-21 23:48:58.277983,completed
2040,758,2026-04-15 23:48:58.277983,completed
2041,118,2026-04-10 23:48:58.277983,processing
2042,475,2026-06-17 23:48:58.277983,processing
2043,100,2026-05-18 23:48:58.277983,completed
2044,316,2026-05-28 23:48:58.277983,completed
2045,613,2026-08-12 23:48:58.277983,cancelled
2046,834,2026-04-09 23:48:58.277983,completed
2047,336,2026-05-05 23:48:58.277983,cancelled
2048,677,2026-08-24 23:48:58.277983,completed
2049,223,2026-08-04 23:48:58.277983,processing
2050,925,2026-03-30 23:48:58.277983,completed
2051,776,2026-08-02 23:48:58.277983,cancelled
2052,153,2026-05-16 23:48:58.277983,processing
2053,299,2026-06-01 23:48:58.277983,processing
2054,592,2026-05-17 23:48:58.277983,completed
2055,211,2026-03-18 23:48:58.277983,completed
2056,307,2026-04-16 23:48:58.277983,cancelled
2057,312,2026-05-20 23:48:58.277983,cancelled
2058,938,2026-06-12 23:48:58.277983,completed
2059,597,2026-09-06 23:48:58.277983,processing
2060,523,2026-05-28 23:48:58.277983,completed
2061,873,2026-06-25 23:48:58.277983,completed
2062,379,2026-04-21 23:48:58.277983,completed
2063,1,2026-03-12 23:48:58.277983,processing
2064,841,2026-06-09 23:48:58.277983,completed
2065,882,2026-06-28 23:48:58.277983,completed
2066,241,2026-05-21 23:48:58.277983,cancelled
2067,605,2026-05-31 23:48:58.277983,cancelled
2068,326,2026-06-03 23:48:58.277983,completed
2069,391,2026-05-20 23:48:58.277983,processing
2070,217,2026-03-23 23:48:58.277983,completed
2071,487,2026-08-04 23:48:58.277983,completed
2072,569,2026-06-02 23:48:58.277983,completed
2073,861,2026-05-25 23:48:58.277983,completed
2074,296,2026-03-21 23:48:58.277983,completed
2075,138,2026-09-06 23:48:58.277983,completed
2076,664,2026-09-04 23:48:58.277983,completed
2077,739,2026-05-07 23:48:58.277983,cancelled
2078,448,2026-08-05 23:48:58.277983,completed
2079,141,2026-03-28 23:48:58.277983,completed
2080,881,2026-05-15 23:48:58.277983,cancelled
2081,619,2026-05-23 23:48:58.277983,processing
2082,185,2026-05-15 23:48:58.277983,processing
2083,435,2026-04-20 23:48:58.279317,completed
2084,394,2026-06-10 23:48:58.279317,completed
2085,191,2026-05-23 23:48:58.279317,processing
2086,8,2026-04-14 23:48:58.279317,completed
2087,868,2026-07-10 23:48:58.279317,cancelled
2088,514,2026-07-02 23:48:58.279317,completed
2089,949,2026-04-22 23:48:58.279317,processing
2090,376,2026-08-31 23:48:58.279317,completed
2091,582,2026-05-08 23:48:58.279317,cancelled
2092,378,2026-08-11 23:48:58.279317,processing
2093,494,2026-03-16 23:48:58.279317,completed
2094,146,2026-04-27 23:48:58.279317,completed
2095,477,2026-04-29 23:48:58.279317,completed
2096,536,2026-04-05 23:48:58.279317,completed
2097,252,2026-05-11 23:48:58.279317,cancelled
2098,760,2026-03-23 23:48:58.279317,cancelled
2099,80,2026-03-17 23:48:58.279317,cancelled
2100,553,2026-04-13 23:48:58.279317,completed
2101,628,2026-08-26 23:48:58.279317,completed
2102,548,2026-09-06 23:48:58.279317,completed
2103,465,2026-04-30 23:48:58.279317,completed
2104,588,2026-06-16 23:48:58.279317,completed
2105,362,2026-06-25 23:48:58.279317,completed
2106,172,2026-08-30 23:48:58.279317,cancelled
2107,946,2026-04-09 23:48:58.279317,cancelled
2108,312,2026-04-17 23:48:58.279317,completed
2109,63,2026-03-31 23:48:58.279317,completed
2110,593,2026-07-27 23:48:58.279317,processing
2111,53,2026-03-24 23:48:58.279317,completed
2112,829,2026-04-02 23:48:58.279317,completed
2113,294,2026-05-07 23:48:58.279317,completed
2114,130,2026-05-02 23:48:58.279317,completed
2115,872,2026-06-29 23:48:58.279317,completed
2116,136,2026-04-04 23:48:58.279317,completed
2117,282,2026-07-05 23:48:58.279317,completed
2118,760,2026-08-11 23:48:58.279317,processing
2119,179,2026-04-10 23:48:58.279317,cancelled
2120,155,2026-03-24 23:48:58.279317,completed
2121,379,2026-07-26 23:48:58.279317,completed
2122,802,2026-03-13 23:48:58.279317,completed
2123,497,2026-07-24 23:48:58.279317,processing
2124,883,2026-08-31 23:48:58.279317,completed
2125,87,2026-08-02 23:48:58.279317,processing
2126,957,2026-07-31 23:48:58.279317,completed
2127,771,2026-05-26 23:48:58.279317,completed
2128,244,2026-03-23 23:48:58.279317,completed
2129,744,2026-03-29 23:48:58.279317,completed
2130,216,2026-04-14 23:48:58.279317,cancelled
2131,863,2026-06-12 23:48:58.279317,completed
2132,658,2026-07-03 23:48:58.279317,completed
2133,54,2026-07-28 23:48:58.279317,completed
2134,409,2026-05-10 23:48:58.279317,completed
2135,488,2026-04-25 23:48:58.279317,completed
2136,389,2026-03-18 23:48:58.279317,cancelled
2137,400,2026-05-10 23:48:58.279317,completed
2138,149,2026-04-26 23:48:58.279317,completed
2139,13,2026-06-27 23:48:58.279317,completed
2140,392,2026-03-19 23:48:58.279317,completed
2141,985,2026-04-26 23:48:58.279317,cancelled
2142,979,2026-08-29 23:48:58.279317,completed
2143,940,2026-04-25 23:48:58.279317,cancelled
2144,363,2026-05-21 23:48:58.279317,processing
2145,941,2026-03-26 23:48:58.279317,completed
2146,344,2026-07-01 23:48:58.279317,completed
2147,822,2026-08-14 23:48:58.279317,completed
2148,671,2026-04-12 23:48:58.279317,completed
2149,473,2026-03-20 23:48:58.279317,cancelled
2150,248,2026-03-20 23:48:58.279317,processing
2151,789,2026-07-21 23:48:58.279317,processing
2152,346,2026-03-19 23:48:58.279317,cancelled
2153,185,2026-06-20 23:48:58.279317,processing
2154,11,2026-03-20 23:48:58.279317,completed
2155,852,2026-08-22 23:48:58.279317,completed
2156,422,2026-08-14 23:48:58.279317,processing
2157,107,2026-03-17 23:48:58.279317,completed
2158,360,2026-07-14 23:48:58.279317,cancelled
2159,291,2026-07-06 23:48:58.279317,completed
2160,35,2026-09-02 23:48:58.279317,processing
2161,95,2026-08-25 23:48:58.279317,processing
2162,673,2026-07-15 23:48:58.279317,processing
2163,654,2026-08-08 23:48:58.279317,cancelled
2164,981,2026-08-09 23:48:58.279317,completed
2165,877,2026-04-07 23:48:58.279317,completed
2166,385,2026-03-24 23:48:58.279317,cancelled
2167,580,2026-07-23 23:48:58.279317,completed
2168,713,2026-07-23 23:48:58.279317,completed
2169,302,2026-05-12 23:48:58.279317,cancelled
2170,959,2026-08-20 23:48:58.279317,cancelled
2171,465,2026-06-30 23:48:58.279317,completed
2172,709,2026-03-22 23:48:58.279317,completed
2173,264,2026-07-29 23:48:58.279317,completed
2174,284,2026-08-24 23:48:58.279317,completed
2175,398,2026-06-15 23:48:58.279317,completed
2176,265,2026-07-03 23:48:58.279317,completed
2177,452,2026-08-22 23:48:58.279317,completed
2178,951,2026-07-19 23:48:58.279317,processing
2179,403,2026-07-25 23:48:58.279317,cancelled
2180,504,2026-08-12 23:48:58.279317,completed
2181,554,2026-05-21 23:48:58.279317,completed
2182,629,2026-03-28 23:48:58.279317,completed
2183,935,2026-05-18 23:48:58.279317,cancelled
2184,266,2026-08-13 23:48:58.279317,completed
2185,75,2026-08-21 23:48:58.279317,processing
2186,746,2026-07-06 23:48:58.279317,completed
2187,20,2026-05-04 23:48:58.279317,completed
2188,669,2026-03-29 23:48:58.279317,completed
2189,956,2026-08-30 23:48:58.279317,cancelled
2190,400,2026-07-02 23:48:58.279317,completed
2191,717,2026-06-16 23:48:58.279317,completed
2192,589,2026-09-08 23:48:58.279317,processing
2193,725,2026-05-06 23:48:58.279317,completed
2194,447,2026-05-28 23:48:58.279317,cancelled
2195,800,2026-08-22 23:48:58.279317,processing
2196,232,2026-09-08 23:48:58.279317,completed
2197,978,2026-03-16 23:48:58.279317,completed
2198,125,2026-04-16 23:48:58.279317,processing
2199,958,2026-06-09 23:48:58.279317,completed
2200,699,2026-06-23 23:48:58.279317,completed
2201,57,2026-03-31 23:48:58.279317,cancelled
2202,93,2026-06-07 23:48:58.279317,processing
2203,874,2026-06-13 23:48:58.279317,completed
2204,862,2026-05-14 23:48:58.279317,completed
2205,664,2026-07-19 23:48:58.279317,completed
2206,568,2026-08-29 23:48:58.279317,completed
2207,677,2026-07-22 23:48:58.279317,completed
2208,713,2026-06-01 23:48:58.279317,completed
2209,646,2026-03-16 23:48:58.279317,completed
2210,499,2026-08-18 23:48:58.279317,cancelled
2211,449,2026-07-22 23:48:58.279317,completed
2212,37,2026-07-21 23:48:58.279317,completed
2213,738,2026-04-10 23:48:58.279317,completed
2214,501,2026-06-01 23:48:58.279317,completed
2215,812,2026-04-23 23:48:58.279317,cancelled
2216,316,2026-05-04 23:48:58.279317,processing
2217,989,2026-05-16 23:48:58.279317,completed
2218,38,2026-06-14 23:48:58.279317,completed
2219,346,2026-08-29 23:48:58.279317,completed
2220,122,2026-07-16 23:48:58.279317,cancelled
2221,684,2026-04-28 23:48:58.279317,completed
2222,963,2026-03-19 23:48:58.279317,processing
2223,153,2026-04-13 23:48:58.279317,completed
2224,948,2026-08-21 23:48:58.279317,completed
2225,754,2026-08-03 23:48:58.279317,completed
2226,670,2026-09-04 23:48:58.279317,completed
2227,929,2026-04-03 23:48:58.279317,completed
2228,249,2026-03-13 23:48:58.279317,cancelled
2229,134,2026-09-05 23:48:58.279317,completed
2230,648,2026-08-27 23:48:58.279317,completed
2231,841,2026-08-15 23:48:58.279317,completed
2232,626,2026-07-27 23:48:58.279317,processing
2233,66,2026-08-12 23:48:58.279317,completed
2234,510,2026-04-09 23:48:58.279317,processing
2235,226,2026-08-23 23:48:58.279317,completed
2236,437,2026-06-14 23:48:58.279317,cancelled
2237,695,2026-05-29 23:48:58.279317,completed
2238,124,2026-03-17 23:48:58.279317,processing
2239,559,2026-08-04 23:48:58.279317,completed
2240,857,2026-07-16 23:48:58.279317,completed
2241,608,2026-07-26 23:48:58.279317,completed
2242,65,2026-08-09 23:48:58.279317,completed
2243,145,2026-05-25 23:48:58.279317,completed
2244,714,2026-06-06 23:48:58.279317,processing
2245,169,2026-05-19 23:48:58.279317,completed
2246,948,2026-04-13 23:48:58.279317,completed
2247,137,2026-08-14 23:48:58.279317,cancelled
2248,628,2026-06-04 23:48:58.279317,completed
2249,17,2026-05-07 23:48:58.279317,completed
2250,7,2026-09-07 23:48:58.279317,completed
2251,949,2026-08-17 23:48:58.279317,cancelled
2252,668,2026-04-10 23:48:58.279317,completed
2253,427,2026-03-15 23:48:58.279317,completed
2254,709,2026-08-07 23:48:58.279317,completed
2255,147,2026-03-29 23:48:58.279317,completed
2256,536,2026-05-16 23:48:58.279317,completed
2257,245,2026-07-26 23:48:58.279317,processing
2258,709,2026-08-30 23:48:58.279317,processing
2259,185,2026-05-04 23:48:58.279317,processing
2260,974,2026-08-17 23:48:58.279317,cancelled
2261,847,2026-06-23 23:48:58.279317,completed
2262,429,2026-09-07 23:48:58.279317,processing
2263,242,2026-07-21 23:48:58.279317,completed
2264,543,2026-08-15 23:48:58.279317,processing
2265,371,2026-04-23 23:48:58.279317,processing
2266,225,2026-05-13 23:48:58.279317,cancelled
2267,676,2026-07-17 23:48:58.279317,completed
2268,55,2026-07-21 23:48:58.279317,completed
2269,816,2026-08-01 23:48:58.279317,cancelled
2270,865,2026-05-10 23:48:58.279317,completed
2271,181,2026-07-30 23:48:58.279317,cancelled
2272,945,2026-08-28 23:48:58.279317,completed
2273,661,2026-06-07 23:48:58.279317,completed
2274,215,2026-05-20 23:48:58.279317,completed
2275,343,2026-04-04 23:48:58.279317,completed
2276,45,2026-08-13 23:48:58.279317,cancelled
2277,54,2026-04-24 23:48:58.279317,completed
2278,162,2026-09-01 23:48:58.279317,completed
2279,528,2026-08-10 23:48:58.279317,completed
2280,917,2026-07-10 23:48:58.279317,cancelled
2281,456,2026-04-10 23:48:58.279317,processing
2282,334,2026-05-24 23:48:58.279317,completed
2283,766,2026-03-19 23:48:58.279317,completed
2284,236,2026-08-11 23:48:58.279317,completed
2285,234,2026-08-14 23:48:58.279317,completed
2286,756,2026-05-26 23:48:58.279317,completed
2287,385,2026-07-14 23:48:58.279317,completed
2288,483,2026-04-12 23:48:58.279317,completed
2289,56,2026-05-20 23:48:58.279317,completed
2290,222,2026-04-05 23:48:58.279317,completed
2291,183,2026-06-01 23:48:58.279317,completed
2292,140,2026-05-14 23:48:58.279317,cancelled
2293,199,2026-03-31 23:48:58.279317,completed
2294,999,2026-07-01 23:48:58.279317,completed
2295,344,2026-08-07 23:48:58.279317,completed
2296,709,2026-04-16 23:48:58.279317,completed
2297,288,2026-08-05 23:48:58.279317,completed
2298,873,2026-05-12 23:48:58.279317,completed
2299,429,2026-07-27 23:48:58.279317,completed
2300,226,2026-06-25 23:48:58.279317,processing
2301,161,2026-03-29 23:48:58.279317,processing
2302,928,2026-07-27 23:48:58.279317,processing
2303,994,2026-04-20 23:48:58.279317,completed
2304,89,2026-05-26 23:48:58.279317,processing
2305,501,2026-07-15 23:48:58.279317,processing
2306,485,2026-05-13 23:48:58.279317,completed
2307,15,2026-05-22 23:48:58.279317,cancelled
2308,894,2026-07-07 23:48:58.279317,completed
2309,336,2026-05-20 23:48:58.279317,processing
2310,228,2026-04-10 23:48:58.279317,completed
2311,936,2026-04-15 23:48:58.279317,completed
2312,428,2026-08-28 23:48:58.279317,completed
2313,482,2026-05-02 23:48:58.279317,completed
2314,436,2026-04-26 23:48:58.279317,completed
2315,491,2026-03-14 23:48:58.279317,completed
2316,464,2026-05-05 23:48:58.279317,completed
2317,86,2026-04-19 23:48:58.279317,completed
2318,710,2026-05-27 23:48:58.279317,completed
2319,136,2026-06-09 23:48:58.279317,completed
2320,245,2026-03-27 23:48:58.279317,completed
2321,17,2026-05-09 23:48:58.279317,cancelled
2322,313,2026-07-29 23:48:58.279317,cancelled
2323,471,2026-04-15 23:48:58.279317,cancelled
2324,598,2026-09-02 23:48:58.279317,completed
2325,475,2026-08-04 23:48:58.279317,cancelled
2326,416,2026-07-23 23:48:58.279317,completed
2327,642,2026-05-13 23:48:58.279317,cancelled
2328,649,2026-09-08 23:48:58.279317,cancelled
2329,73,2026-06-02 23:48:58.279317,cancelled
2330,341,2026-04-26 23:48:58.279317,completed
2331,304,2026-05-22 23:48:58.279317,completed
2332,715,2026-04-05 23:48:58.279317,processing
2333,590,2026-07-17 23:48:58.279317,cancelled
2334,83,2026-04-03 23:48:58.279317,completed
2335,754,2026-08-25 23:48:58.279317,processing
2336,969,2026-03-20 23:48:58.279317,completed
2337,910,2026-08-26 23:48:58.279317,completed
2338,393,2026-06-07 23:48:58.279317,completed
2339,634,2026-08-29 23:48:58.279317,completed
2340,376,2026-07-26 23:48:58.279317,cancelled
2341,573,2026-03-12 23:48:58.279317,completed
2342,575,2026-07-18 23:48:58.279317,completed
2343,343,2026-07-09 23:48:58.279317,processing
2344,117,2026-03-26 23:48:58.279317,completed
2345,756,2026-04-13 23:48:58.279317,cancelled
2346,215,2026-07-13 23:48:58.279317,completed
2347,362,2026-07-02 23:48:58.279317,processing
2348,697,2026-05-23 23:48:58.279317,completed
2349,56,2026-08-23 23:48:58.279317,completed
2350,354,2026-05-16 23:48:58.279317,completed
2351,514,2026-04-27 23:48:58.279317,completed
2352,482,2026-04-25 23:48:58.279317,cancelled
2353,846,2026-04-25 23:48:58.279317,completed
2354,463,2026-04-03 23:48:58.279317,completed
2355,820,2026-03-20 23:48:58.279317,cancelled
2356,829,2026-08-23 23:48:58.279317,completed
2357,914,2026-05-14 23:48:58.279317,completed
2358,83,2026-05-31 23:48:58.279317,completed
2359,296,2026-08-20 23:48:58.279317,completed
2360,169,2026-06-30 23:48:58.279317,completed
2361,714,2026-08-02 23:48:58.279317,completed
2362,155,2026-07-18 23:48:58.279317,processing
2363,975,2026-04-01 23:48:58.279317,completed
2364,301,2026-05-25 23:48:58.279317,cancelled
2365,555,2026-08-06 23:48:58.279317,completed
2366,356,2026-05-24 23:48:58.279317,completed
2367,756,2026-03-27 23:48:58.279317,completed
2368,299,2026-07-22 23:48:58.279317,completed
2369,23,2026-07-11 23:48:58.279317,processing
2370,661,2026-06-15 23:48:58.279317,completed
2371,593,2026-06-13 23:48:58.279317,cancelled
2372,662,2026-06-17 23:48:58.279317,completed
2373,608,2026-03-22 23:48:58.279317,cancelled
2374,543,2026-04-21 23:48:58.279317,completed
2375,469,2026-06-23 23:48:58.279317,processing
2376,136,2026-06-22 23:48:58.279317,completed
2377,809,2026-07-04 23:48:58.279317,completed
2378,496,2026-06-05 23:48:58.279317,completed
2379,789,2026-08-27 23:48:58.279317,completed
2380,362,2026-06-28 23:48:58.279317,completed
2381,980,2026-07-28 23:48:58.279317,processing
2382,947,2026-07-29 23:48:58.279317,cancelled
2383,549,2026-06-27 23:48:58.279317,completed
2384,997,2026-07-26 23:48:58.279317,cancelled
2385,710,2026-03-22 23:48:58.279317,completed
2386,166,2026-07-10 23:48:58.279317,completed
2387,43,2026-06-19 23:48:58.279317,processing
2388,130,2026-05-19 23:48:58.279317,completed
2389,379,2026-07-23 23:48:58.279317,completed
2390,576,2026-08-31 23:48:58.279317,cancelled
2391,325,2026-06-12 23:48:58.279317,completed
2392,382,2026-05-17 23:48:58.279317,processing
2393,999,2026-07-29 23:48:58.279317,processing
2394,309,2026-08-08 23:48:58.279317,completed
2395,415,2026-05-04 23:48:58.279317,completed
2396,971,2026-05-14 23:48:58.279317,completed
2397,160,2026-09-07 23:48:58.279317,cancelled
2398,560,2026-05-02 23:48:58.279317,completed
2399,663,2026-03-12 23:48:58.279317,completed
2400,486,2026-06-26 23:48:58.279317,processing
2401,683,2026-08-02 23:48:58.279317,processing
2402,747,2026-05-18 23:48:58.279317,completed
2403,706,2026-08-11 23:48:58.279317,cancelled
2404,491,2026-08-29 23:48:58.279317,completed
2405,695,2026-04-20 23:48:58.279317,completed
2406,316,2026-09-02 23:48:58.279317,completed
2407,633,2026-07-14 23:48:58.279317,completed
2408,366,2026-08-16 23:48:58.279317,completed
2409,57,2026-04-06 23:48:58.279317,cancelled
2410,200,2026-04-12 23:48:58.279317,processing
2411,228,2026-06-29 23:48:58.279317,completed
2412,24,2026-08-18 23:48:58.279317,processing
2413,870,2026-05-17 23:48:58.279317,cancelled
2414,688,2026-08-17 23:48:58.279317,processing
2415,404,2026-07-21 23:48:58.279317,completed
2416,326,2026-04-07 23:48:58.279317,processing
2417,524,2026-08-25 23:48:58.279317,cancelled
2418,370,2026-05-30 23:48:58.279317,completed
2419,734,2026-05-22 23:48:58.279317,completed
2420,396,2026-06-05 23:48:58.279317,completed
2421,292,2026-06-12 23:48:58.279317,completed
2422,316,2026-05-17 23:48:58.279317,processing
2423,90,2026-07-15 23:48:58.279317,cancelled
2424,910,2026-05-18 23:48:58.279317,cancelled
2425,426,2026-05-18 23:48:58.279317,completed
2426,168,2026-05-23 23:48:58.279317,cancelled
2427,918,2026-05-25 23:48:58.279317,completed
2428,856,2026-04-11 23:48:58.279317,processing
2429,89,2026-08-03 23:48:58.279317,completed
2430,311,2026-05-10 23:48:58.279317,processing
2431,344,2026-08-23 23:48:58.279317,processing
2432,775,2026-06-04 23:48:58.279317,completed
2433,7,2026-05-27 23:48:58.279317,cancelled
2434,937,2026-07-01 23:48:58.279317,completed
2435,180,2026-04-19 23:48:58.279317,completed
2436,728,2026-04-16 23:48:58.279317,completed
2437,205,2026-07-23 23:48:58.279317,completed
2438,297,2026-04-20 23:48:58.279317,completed
2439,44,2026-06-23 23:48:58.279317,processing
2440,312,2026-05-05 23:48:58.279317,processing
2441,758,2026-05-13 23:48:58.279317,completed
2442,28,2026-09-08 23:48:58.279317,completed
2443,269,2026-06-24 23:48:58.279317,cancelled
2444,855,2026-03-30 23:48:58.279317,completed
2445,128,2026-03-25 23:48:58.279317,cancelled
2446,915,2026-06-27 23:48:58.279317,completed
2447,184,2026-05-06 23:48:58.279317,cancelled
2448,661,2026-07-08 23:48:58.279317,completed
2449,123,2026-06-30 23:48:58.279317,completed
2450,994,2026-08-22 23:48:58.279317,processing
2451,764,2026-06-08 23:48:58.279317,processing
2452,493,2026-04-17 23:48:58.279317,completed
2453,890,2026-07-04 23:48:58.279317,cancelled
2454,703,2026-05-10 23:48:58.279317,cancelled
2455,838,2026-08-09 23:48:58.279317,completed
2456,525,2026-04-14 23:48:58.279317,completed
2457,866,2026-07-04 23:48:58.279317,completed
2458,596,2026-08-25 23:48:58.279317,completed
2459,328,2026-05-13 23:48:58.279317,cancelled
2460,139,2026-06-09 23:48:58.279317,completed
2461,55,2026-07-01 23:48:58.279317,completed
2462,430,2026-03-30 23:48:58.279317,completed
2463,50,2026-06-26 23:48:58.279317,completed
2464,543,2026-03-29 23:48:58.279317,completed
2465,527,2026-07-21 23:48:58.279317,cancelled
2466,188,2026-08-15 23:48:58.279317,processing
2467,771,2026-07-28 23:48:58.279317,processing
2468,331,2026-06-20 23:48:58.279317,cancelled
2469,820,2026-06-23 23:48:58.279317,completed
2470,702,2026-03-14 23:48:58.279317,cancelled
2471,372,2026-08-15 23:48:58.279317,processing
2472,594,2026-06-10 23:48:58.279317,completed
2473,14,2026-08-04 23:48:58.279317,processing
2474,289,2026-06-05 23:48:58.279317,completed
2475,422,2026-06-13 23:48:58.279317,completed
2476,105,2026-07-15 23:48:58.279317,completed
2477,516,2026-07-14 23:48:58.279317,completed
2478,815,2026-04-18 23:48:58.279317,processing
2479,707,2026-04-27 23:48:58.279317,processing
2480,730,2026-04-20 23:48:58.279317,cancelled
2481,775,2026-08-10 23:48:58.279317,completed
2482,472,2026-08-20 23:48:58.279317,completed
2483,839,2026-08-06 23:48:58.279317,completed
2484,492,2026-06-11 23:48:58.279317,completed
2485,708,2026-06-08 23:48:58.279317,completed
2486,837,2026-05-18 23:48:58.279317,processing
2487,536,2026-06-13 23:48:58.279317,completed
2488,727,2026-06-23 23:48:58.279317,completed
2489,763,2026-08-09 23:48:58.279317,completed
2490,132,2026-03-15 23:48:58.280322,completed
2491,705,2026-07-12 23:48:58.280322,completed
2492,129,2026-07-17 23:48:58.280322,completed
2493,81,2026-05-23 23:48:58.280322,cancelled
2494,782,2026-08-11 23:48:58.280322,completed
2495,20,2026-05-08 23:48:58.280322,completed
2496,44,2026-07-20 23:48:58.280322,completed
2497,34,2026-03-24 23:48:58.280322,processing
2498,608,2026-08-24 23:48:58.280322,completed
2499,122,2026-07-06 23:48:58.280322,completed
2500,68,2026-06-23 23:48:58.280322,cancelled
2501,11,2026-08-15 23:48:58.280322,completed
2502,943,2026-04-07 23:48:58.280322,completed
2503,602,2026-07-19 23:48:58.280322,completed
2504,687,2026-06-11 23:48:58.280322,completed
2505,93,2026-08-02 23:48:58.280322,cancelled
2506,965,2026-06-29 23:48:58.280322,processing
2507,357,2026-06-10 23:48:58.280322,completed
2508,876,2026-05-03 23:48:58.280322,cancelled
2509,628,2026-07-09 23:48:58.280322,processing
2510,584,2026-08-22 23:48:58.280322,completed
2511,840,2026-04-13 23:48:58.280322,completed
2512,542,2026-07-15 23:48:58.280322,cancelled
2513,197,2026-06-28 23:48:58.280322,completed
2514,924,2026-04-24 23:48:58.280322,completed
2515,997,2026-08-14 23:48:58.280322,completed
2516,943,2026-05-02 23:48:58.280322,cancelled
2517,487,2026-06-07 23:48:58.280322,cancelled
2518,604,2026-07-23 23:48:58.280322,completed
2519,690,2026-08-12 23:48:58.280322,completed
2520,855,2026-06-10 23:48:58.280322,completed
2521,435,2026-07-16 23:48:58.280322,processing
2522,234,2026-05-27 23:48:58.280322,completed
2523,780,2026-06-20 23:48:58.280322,completed
2524,478,2026-08-11 23:48:58.280322,processing
2525,140,2026-05-05 23:48:58.280322,completed
2526,722,2026-06-27 23:48:58.280322,processing
2527,740,2026-08-29 23:48:58.280322,completed
2528,336,2026-05-05 23:48:58.280322,completed
2529,395,2026-06-28 23:48:58.280322,completed
2530,615,2026-06-21 23:48:58.280322,cancelled
2531,1000,2026-05-18 23:48:58.280322,completed
2532,568,2026-05-27 23:48:58.280322,completed
2533,876,2026-05-22 23:48:58.280322,completed
2534,878,2026-08-22 23:48:58.280322,completed
2535,962,2026-03-19 23:48:58.280322,completed
2536,184,2026-09-05 23:48:58.280322,cancelled
2537,504,2026-03-20 23:48:58.280322,completed
2538,406,2026-05-19 23:48:58.280322,processing
2539,675,2026-03-19 23:48:58.280322,completed
2540,123,2026-08-03 23:48:58.280322,completed
2541,411,2026-03-15 23:48:58.280322,processing
2542,105,2026-07-27 23:48:58.280322,completed
2543,373,2026-07-20 23:48:58.280322,completed
2544,206,2026-04-09 23:48:58.280322,completed
2545,126,2026-07-11 23:48:58.280322,completed
2546,743,2026-05-04 23:48:58.280322,completed
2547,784,2026-04-13 23:48:58.280322,processing
2548,280,2026-03-28 23:48:58.280322,completed
2549,365,2026-05-10 23:48:58.280322,cancelled
2550,618,2026-05-28 23:48:58.280322,completed
2551,524,2026-06-29 23:48:58.280322,completed
2552,787,2026-05-15 23:48:58.280322,completed
2553,126,2026-07-06 23:48:58.280322,completed
2554,510,2026-07-11 23:48:58.280322,cancelled
2555,966,2026-08-05 23:48:58.280322,completed
2556,102,2026-08-26 23:48:58.280322,completed
2557,511,2026-03-19 23:48:58.280322,completed
2558,996,2026-07-25 23:48:58.280322,completed
2559,620,2026-03-19 23:48:58.280322,completed
2560,157,2026-06-23 23:48:58.280322,processing
2561,639,2026-08-15 23:48:58.280322,completed
2562,677,2026-04-28 23:48:58.280322,completed
2563,812,2026-05-12 23:48:58.280322,completed
2564,301,2026-03-23 23:48:58.280322,completed
2565,503,2026-05-02 23:48:58.280322,completed
2566,556,2026-06-13 23:48:58.280322,processing
2567,560,2026-09-04 23:48:58.280322,completed
2568,441,2026-08-09 23:48:58.280322,completed
2569,461,2026-06-20 23:48:58.280322,completed
2570,454,2026-05-14 23:48:58.280322,completed
2571,34,2026-07-25 23:48:58.280322,processing
2572,676,2026-06-23 23:48:58.280322,cancelled
2573,169,2026-05-06 23:48:58.280322,completed
2574,138,2026-06-21 23:48:58.280322,cancelled
2575,399,2026-05-07 23:48:58.280322,completed
2576,583,2026-03-20 23:48:58.280322,completed
2577,676,2026-04-20 23:48:58.280322,cancelled
2578,553,2026-04-15 23:48:58.280322,completed
2579,488,2026-04-18 23:48:58.280322,completed
2580,519,2026-08-25 23:48:58.280322,completed
2581,270,2026-05-05 23:48:58.280322,processing
2582,995,2026-06-04 23:48:58.280322,processing
2583,693,2026-06-10 23:48:58.280322,completed
2584,329,2026-08-24 23:48:58.280322,completed
2585,605,2026-08-28 23:48:58.280322,completed
2586,858,2026-06-07 23:48:58.280322,completed
2587,829,2026-04-12 23:48:58.280322,completed
2588,784,2026-04-01 23:48:58.280322,completed
2589,390,2026-08-15 23:48:58.280322,completed
2590,354,2026-06-09 23:48:58.280322,completed
2591,360,2026-08-25 23:48:58.280322,cancelled
2592,251,2026-07-07 23:48:58.280322,completed
2593,664,2026-06-21 23:48:58.280322,processing
2594,87,2026-03-16 23:48:58.280322,completed
2595,890,2026-06-22 23:48:58.280322,completed
2596,346,2026-07-27 23:48:58.280322,completed
2597,552,2026-06-17 23:48:58.280322,completed
2598,472,2026-03-24 23:48:58.280322,completed
2599,582,2026-04-30 23:48:58.280322,completed
2600,274,2026-09-03 23:48:58.280322,cancelled
2601,481,2026-04-11 23:48:58.280322,completed
2602,325,2026-06-04 23:48:58.280322,processing
2603,400,2026-06-18 23:48:58.280322,processing
2604,101,2026-05-06 23:48:58.280322,completed
2605,708,2026-03-20 23:48:58.280322,completed
2606,345,2026-05-04 23:48:58.280322,processing
2607,831,2026-03-22 23:48:58.280322,completed
2608,171,2026-04-04 23:48:58.280322,completed
2609,373,2026-05-20 23:48:58.280322,completed
2610,509,2026-03-30 23:48:58.280322,completed
2611,861,2026-04-24 23:48:58.280322,completed
2612,295,2026-07-03 23:48:58.280322,completed
2613,305,2026-04-15 23:48:58.280322,completed
2614,824,2026-07-13 23:48:58.280322,processing
2615,761,2026-08-16 23:48:58.280322,cancelled
2616,865,2026-04-13 23:48:58.280322,completed
2617,607,2026-06-14 23:48:58.280322,completed
2618,69,2026-04-16 23:48:58.280322,processing
2619,487,2026-05-22 23:48:58.280322,completed
2620,356,2026-08-20 23:48:58.280322,cancelled
2621,844,2026-06-23 23:48:58.280322,processing
2622,824,2026-06-24 23:48:58.280322,completed
2623,680,2026-04-23 23:48:58.280322,completed
2624,205,2026-05-25 23:48:58.280322,completed
2625,258,2026-04-02 23:48:58.280322,processing
2626,465,2026-03-21 23:48:58.280322,processing
2627,185,2026-09-04 23:48:58.280322,cancelled
2628,721,2026-04-29 23:48:58.280322,completed
2629,591,2026-05-04 23:48:58.280322,completed
2630,677,2026-05-12 23:48:58.280322,completed
2631,960,2026-03-29 23:48:58.280322,processing
2632,829,2026-04-04 23:48:58.280322,completed
2633,958,2026-04-17 23:48:58.280322,cancelled
2634,642,2026-08-24 23:48:58.280322,processing
2635,206,2026-06-07 23:48:58.280322,completed
2636,152,2026-07-09 23:48:58.280322,completed
2637,765,2026-03-17 23:48:58.280322,completed
2638,865,2026-05-20 23:48:58.280322,completed
2639,327,2026-08-23 23:48:58.280322,cancelled
2640,209,2026-05-26 23:48:58.280322,completed
2641,844,2026-06-27 23:48:58.280322,cancelled
2642,165,2026-07-05 23:48:58.280322,cancelled
2643,616,2026-07-10 23:48:58.280322,completed
2644,245,2026-08-10 23:48:58.280322,completed
2645,197,2026-09-01 23:48:58.280322,completed
2646,817,2026-06-21 23:48:58.280322,completed
2647,498,2026-04-18 23:48:58.280322,completed
2648,433,2026-03-27 23:48:58.280322,completed
2649,207,2026-07-30 23:48:58.280322,completed
2650,140,2026-09-01 23:48:58.280322,completed
2651,809,2026-06-29 23:48:58.280322,cancelled
2652,564,2026-07-25 23:48:58.280322,cancelled
2653,873,2026-08-29 23:48:58.280322,cancelled
2654,498,2026-09-03 23:48:58.280322,completed
2655,881,2026-08-18 23:48:58.280322,completed
2656,617,2026-06-24 23:48:58.280322,completed
2657,923,2026-05-27 23:48:58.280322,completed
2658,688,2026-03-24 23:48:58.280322,completed
2659,407,2026-08-04 23:48:58.280322,completed
2660,115,2026-04-15 23:48:58.280322,cancelled
2661,513,2026-08-09 23:48:58.280322,processing
2662,681,2026-04-13 23:48:58.280322,processing
2663,258,2026-05-04 23:48:58.280322,completed
2664,244,2026-04-08 23:48:58.280322,completed
2665,792,2026-06-20 23:48:58.280322,completed
2666,853,2026-04-12 23:48:58.280322,cancelled
2667,400,2026-07-10 23:48:58.280322,completed
2668,224,2026-08-03 23:48:58.280322,completed
2669,180,2026-07-16 23:48:58.280322,completed
2670,451,2026-05-27 23:48:58.280322,completed
2671,884,2026-04-11 23:48:58.280322,completed
2672,503,2026-04-25 23:48:58.280322,completed
2673,717,2026-08-11 23:48:58.280322,completed
2674,559,2026-05-23 23:48:58.280322,completed
2675,700,2026-07-07 23:48:58.280322,completed
2676,901,2026-08-02 23:48:58.280322,completed
2677,487,2026-06-06 23:48:58.280322,completed
2678,22,2026-03-27 23:48:58.280322,processing
2679,36,2026-03-23 23:48:58.280322,completed
2680,708,2026-03-21 23:48:58.280322,completed
2681,260,2026-04-20 23:48:58.280322,completed
2682,317,2026-03-29 23:48:58.280322,cancelled
2683,372,2026-03-17 23:48:58.280322,completed
2684,548,2026-07-10 23:48:58.280322,completed
2685,398,2026-09-06 23:48:58.280322,completed
2686,950,2026-07-05 23:48:58.280322,completed
2687,93,2026-07-10 23:48:58.280322,completed
2688,216,2026-07-29 23:48:58.280322,completed
2689,647,2026-06-19 23:48:58.280322,cancelled
2690,417,2026-08-31 23:48:58.280322,completed
2691,888,2026-08-19 23:48:58.280322,completed
2692,483,2026-05-26 23:48:58.280322,completed
2693,735,2026-05-23 23:48:58.280322,completed
2694,845,2026-07-29 23:48:58.280322,cancelled
2695,268,2026-05-02 23:48:58.280322,completed
2696,361,2026-05-24 23:48:58.280322,processing
2697,747,2026-04-21 23:48:58.280322,cancelled
2698,335,2026-05-15 23:48:58.280322,cancelled
2699,29,2026-08-26 23:48:58.280322,cancelled
2700,657,2026-07-23 23:48:58.280322,cancelled
2701,455,2026-03-28 23:48:58.280322,completed
2702,4,2026-05-29 23:48:58.280322,completed
2703,644,2026-06-22 23:48:58.280322,completed
2704,590,2026-08-18 23:48:58.280322,completed
2705,162,2026-07-07 23:48:58.280322,processing
2706,731,2026-03-26 23:48:58.280322,completed
2707,868,2026-04-09 23:48:58.280322,cancelled
2708,421,2026-06-19 23:48:58.280322,completed
2709,490,2026-08-05 23:48:58.280322,completed
2710,178,2026-03-17 23:48:58.280322,processing
2711,847,2026-06-17 23:48:58.280322,completed
2712,204,2026-08-18 23:48:58.280322,completed
2713,377,2026-07-24 23:48:58.280322,completed
2714,898,2026-06-04 23:48:58.280322,processing
2715,230,2026-09-03 23:48:58.280322,completed
2716,946,2026-04-19 23:48:58.280322,cancelled
2717,627,2026-04-01 23:48:58.280322,completed
2718,929,2026-08-17 23:48:58.280322,completed
2719,204,2026-07-03 23:48:58.280322,cancelled
2720,873,2026-07-27 23:48:58.280322,completed
2721,411,2026-04-03 23:48:58.280322,completed
2722,615,2026-07-04 23:48:58.280322,completed
2723,92,2026-06-06 23:48:58.280322,completed
2724,970,2026-04-16 23:48:58.280322,completed
2725,15,2026-04-27 23:48:58.280322,completed
2726,792,2026-05-15 23:48:58.280322,cancelled
2727,507,2026-08-09 23:48:58.280322,completed
2728,731,2026-07-18 23:48:58.280322,completed
2729,969,2026-07-02 23:48:58.280322,completed
2730,765,2026-05-05 23:48:58.280322,completed
2731,134,2026-05-21 23:48:58.280322,completed
2732,615,2026-07-15 23:48:58.280322,completed
2733,745,2026-03-19 23:48:58.280322,completed
2734,429,2026-07-24 23:48:58.280322,completed
2735,812,2026-08-02 23:48:58.280322,completed
2736,298,2026-07-03 23:48:58.280322,completed
2737,633,2026-05-16 23:48:58.280322,completed
2738,379,2026-04-12 23:48:58.280948,cancelled
2739,663,2026-05-14 23:48:58.280948,completed
2740,11,2026-05-11 23:48:58.280948,completed
2741,893,2026-06-18 23:48:58.280948,cancelled
2742,408,2026-03-17 23:48:58.280948,completed
2743,731,2026-06-02 23:48:58.280948,cancelled
2744,434,2026-04-09 23:48:58.280948,completed
2745,75,2026-08-15 23:48:58.280948,processing
2746,61,2026-08-26 23:48:58.280948,completed
2747,954,2026-07-10 23:48:58.280948,completed
2748,931,2026-06-10 23:48:58.280948,processing
2749,962,2026-03-21 23:48:58.280948,processing
2750,727,2026-08-28 23:48:58.280948,completed
2751,260,2026-05-02 23:48:58.280948,processing
2752,391,2026-06-23 23:48:58.280948,completed
2753,688,2026-06-06 23:48:58.280948,completed
2754,992,2026-04-18 23:48:58.280948,completed
2755,595,2026-07-25 23:48:58.280948,completed
2756,174,2026-05-03 23:48:58.280948,completed
2757,953,2026-06-14 23:48:58.280948,completed
2758,136,2026-08-17 23:48:58.280948,completed
2759,728,2026-04-26 23:48:58.280948,completed
2760,146,2026-07-04 23:48:58.280948,completed
2761,321,2026-08-28 23:48:58.280948,completed
2762,512,2026-06-29 23:48:58.280948,cancelled
2763,370,2026-05-21 23:48:58.280948,completed
2764,925,2026-07-03 23:48:58.280948,processing
2765,850,2026-07-03 23:48:58.280948,processing
2766,321,2026-05-20 23:48:58.280948,completed
2767,324,2026-05-06 23:48:58.280948,completed
2768,570,2026-03-24 23:48:58.280948,cancelled
2769,818,2026-05-19 23:48:58.280948,completed
2770,194,2026-08-01 23:48:58.280948,completed
2771,236,2026-07-24 23:48:58.280948,completed
2772,482,2026-07-04 23:48:58.280948,completed
2773,723,2026-05-12 23:48:58.280948,completed
2774,119,2026-05-05 23:48:58.280948,completed
2775,453,2026-06-09 23:48:58.280948,cancelled
2776,575,2026-05-07 23:48:58.280948,completed
2777,505,2026-08-11 23:48:58.280948,cancelled
2778,888,2026-08-02 23:48:58.280948,completed
2779,358,2026-08-16 23:48:58.280948,completed
2780,890,2026-06-28 23:48:58.280948,completed
2781,855,2026-07-27 23:48:58.280948,cancelled
2782,521,2026-07-01 23:48:58.280948,processing
2783,913,2026-03-23 23:48:58.280948,processing
2784,218,2026-04-12 23:48:58.280948,completed
2785,539,2026-04-15 23:48:58.280948,completed
2786,427,2026-08-20 23:48:58.280948,completed
2787,787,2026-05-04 23:48:58.280948,cancelled
2788,97,2026-06-16 23:48:58.280948,completed
2789,292,2026-03-18 23:48:58.280948,cancelled
2790,125,2026-05-31 23:48:58.280948,completed
2791,605,2026-08-12 23:48:58.280948,completed
2792,158,2026-09-01 23:48:58.280948,completed
2793,472,2026-03-24 23:48:58.280948,completed
2794,465,2026-04-01 23:48:58.280948,completed
2795,609,2026-03-24 23:48:58.280948,completed
2796,338,2026-08-28 23:48:58.280948,cancelled
2797,638,2026-05-16 23:48:58.280948,completed
2798,971,2026-04-16 23:48:58.280948,completed
2799,217,2026-08-27 23:48:58.280948,cancelled
2800,290,2026-06-18 23:48:58.280948,completed
2801,762,2026-08-21 23:48:58.280948,processing
2802,975,2026-04-07 23:48:58.280948,completed
2803,95,2026-05-29 23:48:58.280948,completed
2804,183,2026-07-09 23:48:58.280948,completed
2805,92,2026-09-03 23:48:58.280948,completed
2806,167,2026-06-01 23:48:58.280948,completed
2807,292,2026-03-27 23:48:58.280948,cancelled
2808,158,2026-08-09 23:48:58.280948,completed
2809,503,2026-05-21 23:48:58.280948,cancelled
2810,826,2026-06-21 23:48:58.280948,cancelled
2811,618,2026-08-06 23:48:58.280948,completed
2812,682,2026-08-15 23:48:58.280948,completed
2813,525,2026-07-19 23:48:58.280948,completed
2814,457,2026-06-01 23:48:58.280948,completed
2815,275,2026-04-17 23:48:58.280948,processing
2816,434,2026-08-16 23:48:58.280948,completed
2817,831,2026-06-06 23:48:58.280948,processing
2818,191,2026-05-20 23:48:58.280948,cancelled
2819,437,2026-08-16 23:48:58.280948,completed
2820,526,2026-06-13 23:48:58.280948,completed
2821,693,2026-07-13 23:48:58.280948,cancelled
2822,703,2026-07-31 23:48:58.280948,completed
2823,540,2026-03-31 23:48:58.280948,cancelled
2824,538,2026-08-18 23:48:58.280948,completed
2825,480,2026-05-20 23:48:58.280948,completed
2826,929,2026-05-09 23:48:58.280948,completed
2827,153,2026-08-07 23:48:58.280948,cancelled
2828,925,2026-06-24 23:48:58.280948,completed
2829,536,2026-05-22 23:48:58.280948,completed
2830,583,2026-08-27 23:48:58.280948,processing
2831,79,2026-08-28 23:48:58.280948,processing
2832,111,2026-05-01 23:48:58.280948,completed
2833,423,2026-08-15 23:48:58.280948,completed
2834,677,2026-04-16 23:48:58.280948,completed
2835,364,2026-07-05 23:48:58.280948,processing
2836,84,2026-05-03 23:48:58.280948,completed
2837,117,2026-03-23 23:48:58.280948,completed
2838,184,2026-07-24 23:48:58.280948,completed
2839,47,2026-08-18 23:48:58.280948,completed
2840,898,2026-03-12 23:48:58.280948,completed
2841,322,2026-04-11 23:48:58.280948,cancelled
2842,466,2026-03-21 23:48:58.280948,completed
2843,639,2026-07-03 23:48:58.280948,completed
2844,990,2026-07-23 23:48:58.280948,completed
2845,190,2026-08-19 23:48:58.280948,cancelled
2846,619,2026-07-04 23:48:58.280948,cancelled
2847,109,2026-05-20 23:48:58.280948,processing
2848,19,2026-09-07 23:48:58.280948,completed
2849,120,2026-09-05 23:48:58.280948,completed
2850,672,2026-05-09 23:48:58.280948,completed
2851,709,2026-05-28 23:48:58.280948,cancelled
2852,989,2026-04-07 23:48:58.280948,cancelled
2853,499,2026-06-23 23:48:58.280948,processing
2854,833,2026-04-04 23:48:58.280948,completed
2855,708,2026-03-20 23:48:58.280948,cancelled
2856,692,2026-05-30 23:48:58.280948,completed
2857,90,2026-08-07 23:48:58.280948,completed
2858,15,2026-07-22 23:48:58.280948,completed
2859,836,2026-09-04 23:48:58.280948,cancelled
2860,994,2026-07-22 23:48:58.280948,completed
2861,215,2026-05-08 23:48:58.280948,cancelled
2862,149,2026-03-26 23:48:58.280948,completed
2863,447,2026-04-01 23:48:58.280948,processing
2864,196,2026-08-17 23:48:58.280948,completed
2865,789,2026-05-13 23:48:58.280948,completed
2866,486,2026-05-23 23:48:58.280948,completed
2867,120,2026-07-28 23:48:58.280948,completed
2868,757,2026-03-13 23:48:58.280948,completed
2869,987,2026-05-07 23:48:58.280948,completed
2870,21,2026-05-16 23:48:58.280948,processing
2871,249,2026-07-19 23:48:58.280948,completed
2872,584,2026-05-31 23:48:58.280948,completed
2873,342,2026-09-06 23:48:58.280948,completed
2874,646,2026-05-21 23:48:58.280948,completed
2875,869,2026-05-05 23:48:58.280948,cancelled
2876,593,2026-04-09 23:48:58.280948,cancelled
2877,568,2026-06-26 23:48:58.280948,completed
2878,500,2026-05-29 23:48:58.280948,completed
2879,526,2026-04-10 23:48:58.280948,cancelled
2880,627,2026-03-19 23:48:58.280948,completed
2881,238,2026-08-24 23:48:58.280948,processing
2882,20,2026-05-23 23:48:58.280948,processing
2883,324,2026-04-20 23:48:58.280948,completed
2884,275,2026-03-27 23:48:58.280948,completed
2885,911,2026-05-10 23:48:58.280948,completed
2886,507,2026-04-02 23:48:58.280948,cancelled
2887,356,2026-05-17 23:48:58.280948,cancelled
2888,447,2026-09-03 23:48:58.280948,completed
2889,295,2026-07-21 23:48:58.280948,completed
2890,353,2026-05-19 23:48:58.280948,completed
2891,520,2026-07-14 23:48:58.280948,processing
2892,931,2026-03-17 23:48:58.280948,completed
2893,944,2026-04-07 23:48:58.280948,cancelled
2894,673,2026-05-12 23:48:58.280948,completed
2895,905,2026-06-25 23:48:58.280948,cancelled
2896,729,2026-06-01 23:48:58.280948,completed
2897,854,2026-03-20 23:48:58.280948,cancelled
2898,753,2026-06-08 23:48:58.280948,completed
2899,819,2026-07-29 23:48:58.280948,processing
2900,213,2026-06-28 23:48:58.280948,cancelled
2901,768,2026-08-17 23:48:58.280948,cancelled
2902,495,2026-08-06 23:48:58.280948,completed
2903,205,2026-07-30 23:48:58.280948,processing
2904,504,2026-08-14 23:48:58.280948,completed
2905,966,2026-05-05 23:48:58.280948,completed
2906,241,2026-07-17 23:48:58.280948,processing
2907,49,2026-09-04 23:48:58.280948,completed
2908,903,2026-07-04 23:48:58.280948,completed
2909,694,2026-07-30 23:48:58.280948,completed
2910,848,2026-05-03 23:48:58.280948,completed
2911,827,2026-08-23 23:48:58.280948,completed
2912,441,2026-08-10 23:48:58.280948,processing
2913,233,2026-08-09 23:48:58.280948,processing
2914,230,2026-05-07 23:48:58.280948,completed
2915,349,2026-06-10 23:48:58.280948,completed
2916,789,2026-04-19 23:48:58.280948,completed
2917,918,2026-08-01 23:48:58.280948,cancelled
2918,895,2026-04-30 23:48:58.280948,processing
2919,686,2026-08-13 23:48:58.280948,cancelled
2920,52,2026-05-19 23:48:58.280948,completed
2921,986,2026-08-11 23:48:58.280948,completed
2922,801,2026-04-05 23:48:58.280948,processing
2923,801,2026-08-13 23:48:58.280948,processing
2924,43,2026-05-02 23:48:58.280948,completed
2925,172,2026-03-31 23:48:58.280948,completed
2926,892,2026-07-18 23:48:58.280948,completed
2927,161,2026-06-26 23:48:58.280948,cancelled
2928,453,2026-05-02 23:48:58.280948,completed
2929,751,2026-08-14 23:48:58.280948,completed
2930,663,2026-06-07 23:48:58.280948,completed
2931,839,2026-08-04 23:48:58.280948,completed
2932,869,2026-07-19 23:48:58.280948,completed
2933,993,2026-05-25 23:48:58.280948,completed
2934,252,2026-05-10 23:48:58.280948,completed
2935,294,2026-05-02 23:48:58.280948,completed
2936,88,2026-07-02 23:48:58.280948,completed
2937,733,2026-05-25 23:48:58.280948,completed
2938,645,2026-03-22 23:48:58.280948,completed
2939,156,2026-04-26 23:48:58.280948,completed
2940,807,2026-07-12 23:48:58.280948,completed
2941,822,2026-05-22 23:48:58.280948,completed
2942,941,2026-05-27 23:48:58.280948,completed
2943,975,2026-04-29 23:48:58.280948,cancelled
2944,371,2026-09-01 23:48:58.280948,completed
2945,150,2026-09-06 23:48:58.280948,cancelled
2946,826,2026-04-29 23:48:58.280948,completed
2947,87,2026-06-14 23:48:58.280948,completed
2948,412,2026-07-28 23:48:58.280948,completed
2949,63,2026-05-31 23:48:58.280948,completed
2950,677,2026-03-28 23:48:58.280948,completed
2951,925,2026-04-14 23:48:58.280948,completed
2952,647,2026-03-23 23:48:58.280948,processing
2953,997,2026-06-25 23:48:58.280948,completed
2954,412,2026-03-18 23:48:58.280948,cancelled
2955,567,2026-06-23 23:48:58.280948,cancelled
2956,761,2026-06-20 23:48:58.280948,completed
2957,9,2026-06-29 23:48:58.280948,processing
2958,626,2026-08-02 23:48:58.280948,cancelled
2959,414,2026-05-17 23:48:58.280948,cancelled
2960,211,2026-04-22 23:48:58.280948,processing
2961,808,2026-04-03 23:48:58.280948,cancelled
2962,453,2026-03-14 23:48:58.280948,completed
2963,909,2026-03-26 23:48:58.280948,completed
2964,795,2026-07-20 23:48:58.280948,completed
2965,87,2026-08-30 23:48:58.280948,processing
2966,343,2026-06-01 23:48:58.280948,cancelled
2967,737,2026-08-07 23:48:58.280948,processing
2968,554,2026-06-28 23:48:58.280948,completed
2969,96,2026-05-01 23:48:58.280948,processing
2970,320,2026-04-28 23:48:58.280948,completed
2971,776,2026-03-30 23:48:58.280948,completed
2972,24,2026-09-01 23:48:58.280948,processing
2973,607,2026-07-04 23:48:58.280948,completed
2974,853,2026-06-23 23:48:58.280948,cancelled
2975,433,2026-05-02 23:48:58.280948,completed
2976,750,2026-08-24 23:48:58.280948,completed
2977,266,2026-04-01 23:48:58.280948,processing
2978,363,2026-08-08 23:48:58.280948,completed
2979,775,2026-03-26 23:48:58.280948,completed
2980,460,2026-06-24 23:48:58.280948,processing
2981,755,2026-09-07 23:48:58.280948,completed
2982,348,2026-07-10 23:48:58.280948,cancelled
2983,596,2026-04-17 23:48:58.280948,cancelled
2984,916,2026-04-01 23:48:58.280948,cancelled
2985,547,2026-04-09 23:48:58.280948,completed
2986,359,2026-06-24 23:48:58.280948,completed
2987,683,2026-04-15 23:48:58.280948,cancelled
2988,144,2026-06-04 23:48:58.280948,processing
2989,756,2026-07-07 23:48:58.280948,completed
2990,336,2026-04-29 23:48:58.280948,processing
2991,198,2026-06-08 23:48:58.280948,completed
2992,101,2026-08-02 23:48:58.280948,cancelled
2993,436,2026-05-26 23:48:58.280948,completed
2994,95,2026-08-24 23:48:58.280948,completed
2995,910,2026-08-06 23:48:58.280948,completed
2996,220,2026-05-17 23:48:58.280948,completed
2997,379,2026-03-19 23:48:58.280948,processing
2998,413,2026-04-11 23:48:58.280948,processing
2999,532,2026-05-30 23:48:58.280948,completed
3000,599,2026-05-04 23:48:58.280948,cancelled
3001,434,2026-05-19 23:48:58.280948,cancelled
3002,954,2026-05-06 23:48:58.280948,cancelled
3003,997,2026-05-25 23:48:58.280948,completed
3004,148,2026-05-02 23:48:58.280948,completed
3005,497,2026-05-14 23:48:58.280948,completed
3006,992,2026-03-12 23:48:58.280948,processing
3007,884,2026-04-26 23:48:58.280948,completed
3008,712,2026-07-16 23:48:58.280948,completed
3009,485,2026-08-31 23:48:58.280948,cancelled
3010,161,2026-04-18 23:48:58.280948,completed
3011,944,2026-08-09 23:48:58.280948,processing
3012,873,2026-05-27 23:48:58.280948,completed
3013,124,2026-06-06 23:48:58.280948,processing
3014,297,2026-08-29 23:48:58.280948,processing
3015,157,2026-08-09 23:48:58.280948,completed
3016,313,2026-06-05 23:48:58.280948,completed
3017,302,2026-05-07 23:48:58.280948,completed
3018,811,2026-08-03 23:48:58.280948,completed
3019,803,2026-04-11 23:48:58.280948,completed
3020,50,2026-06-22 23:48:58.280948,completed
3021,221,2026-07-24 23:48:58.280948,cancelled
3022,501,2026-09-08 23:48:58.280948,completed
3023,561,2026-06-11 23:48:58.280948,completed
3024,892,2026-08-28 23:48:58.280948,completed
3025,493,2026-04-15 23:48:58.280948,completed
3026,580,2026-05-16 23:48:58.280948,completed
3027,801,2026-06-04 23:48:58.280948,completed
3028,855,2026-04-06 23:48:58.280948,completed
3029,781,2026-08-04 23:48:58.280948,processing
3030,652,2026-05-14 23:48:58.280948,completed
3031,684,2026-05-17 23:48:58.280948,completed
3032,888,2026-06-17 23:48:58.280948,completed
3033,820,2026-04-02 23:48:58.280948,cancelled
3034,639,2026-05-27 23:48:58.280948,completed
3035,239,2026-05-30 23:48:58.280948,completed
3036,554,2026-08-28 23:48:58.280948,cancelled
3037,912,2026-05-18 23:48:58.280948,cancelled
3038,285,2026-03-27 23:48:58.280948,completed
3039,887,2026-07-28 23:48:58.280948,cancelled
3040,26,2026-04-15 23:48:58.280948,cancelled
3041,816,2026-06-21 23:48:58.280948,processing
3042,661,2026-08-08 23:48:58.280948,cancelled
3043,573,2026-08-18 23:48:58.280948,completed
3044,979,2026-04-03 23:48:58.280948,processing
3045,591,2026-08-26 23:48:58.280948,processing
3046,535,2026-07-22 23:48:58.280948,completed
3047,515,2026-09-04 23:48:58.280948,completed
3048,675,2026-04-25 23:48:58.280948,completed
3049,986,2026-09-04 23:48:58.280948,completed
3050,806,2026-07-18 23:48:58.280948,completed
3051,850,2026-03-12 23:48:58.280948,processing
3052,455,2026-08-18 23:48:58.280948,processing
3053,622,2026-06-18 23:48:58.280948,completed
3054,604,2026-08-28 23:48:58.280948,completed
3055,883,2026-09-03 23:48:58.280948,completed
3056,448,2026-07-24 23:48:58.280948,completed
3057,25,2026-04-26 23:48:58.280948,completed
3058,392,2026-07-05 23:48:58.280948,completed
3059,118,2026-08-14 23:48:58.280948,processing
3060,173,2026-06-27 23:48:58.280948,completed
3061,188,2026-07-05 23:48:58.280948,completed
3062,158,2026-06-22 23:48:58.280948,completed
3063,695,2026-07-27 23:48:58.280948,completed
3064,630,2026-06-17 23:48:58.280948,completed
3065,28,2026-08-25 23:48:58.280948,completed
3066,400,2026-08-14 23:48:58.280948,completed
3067,146,2026-05-26 23:48:58.280948,completed
3068,265,2026-06-04 23:48:58.280948,completed
3069,54,2026-07-19 23:48:58.280948,completed
3070,771,2026-04-09 23:48:58.280948,processing
3071,243,2026-05-05 23:48:58.280948,processing
3072,771,2026-05-02 23:48:58.280948,completed
3073,973,2026-08-10 23:48:58.280948,completed
3074,63,2026-06-19 23:48:58.280948,completed
3075,567,2026-05-27 23:48:58.280948,completed
3076,496,2026-09-01 23:48:58.280948,completed
3077,649,2026-07-11 23:48:58.280948,completed
3078,276,2026-04-20 23:48:58.280948,processing
3079,692,2026-08-14 23:48:58.280948,completed
3080,782,2026-04-19 23:48:58.280948,cancelled
3081,805,2026-08-07 23:48:58.280948,completed
3082,582,2026-05-27 23:48:58.280948,completed
3083,86,2026-03-30 23:48:58.280948,processing
3084,209,2026-08-03 23:48:58.280948,completed
3085,554,2026-07-27 23:48:58.280948,completed
3086,551,2026-05-23 23:48:58.280948,processing
3087,463,2026-08-29 23:48:58.280948,completed
3088,833,2026-05-13 23:48:58.280948,processing
3089,297,2026-03-25 23:48:58.280948,completed
3090,1,2026-08-24 23:48:58.280948,completed
3091,280,2026-04-08 23:48:58.280948,completed
3092,860,2026-03-18 23:48:58.280948,completed
3093,360,2026-03-31 23:48:58.280948,completed
3094,600,2026-05-01 23:48:58.280948,completed
3095,47,2026-07-29 23:48:58.280948,cancelled
3096,547,2026-04-17 23:48:58.280948,completed
3097,308,2026-08-17 23:48:58.280948,completed
3098,716,2026-08-08 23:48:58.280948,completed
3099,743,2026-04-19 23:48:58.280948,completed
3100,900,2026-05-21 23:48:58.280948,completed
3101,626,2026-05-02 23:48:58.280948,completed
3102,906,2026-03-18 23:48:58.280948,completed
3103,651,2026-07-04 23:48:58.280948,cancelled
3104,464,2026-07-01 23:48:58.280948,completed
3105,679,2026-06-18 23:48:58.280948,completed
3106,216,2026-05-14 23:48:58.280948,processing
3107,337,2026-09-04 23:48:58.280948,cancelled
3108,137,2026-03-27 23:48:58.280948,completed
3109,624,2026-05-10 23:48:58.280948,completed
3110,924,2026-09-06 23:48:58.280948,cancelled
3111,178,2026-05-26 23:48:58.280948,processing
3112,917,2026-03-14 23:48:58.280948,cancelled
3113,501,2026-05-31 23:48:58.280948,processing
3114,84,2026-03-26 23:48:58.280948,cancelled
3115,80,2026-04-24 23:48:58.280948,completed
3116,914,2026-03-21 23:48:58.280948,completed
3117,689,2026-08-08 23:48:58.280948,completed
3118,996,2026-06-04 23:48:58.280948,processing
3119,367,2026-06-01 23:48:58.280948,completed
3120,860,2026-03-14 23:48:58.280948,completed
3121,128,2026-05-13 23:48:58.280948,completed
3122,959,2026-07-21 23:48:58.280948,completed
3123,10,2026-07-14 23:48:58.280948,cancelled
3124,21,2026-06-29 23:48:58.280948,cancelled
3125,944,2026-06-09 23:48:58.280948,completed
3126,93,2026-04-04 23:48:58.280948,cancelled
3127,311,2026-07-14 23:48:58.280948,completed
3128,506,2026-06-08 23:48:58.280948,completed
3129,288,2026-05-05 23:48:58.280948,cancelled
3130,724,2026-04-06 23:48:58.280948,completed
3131,8,2026-07-20 23:48:58.280948,cancelled
3132,406,2026-08-11 23:48:58.280948,completed
3133,583,2026-05-03 23:48:58.280948,completed
3134,175,2026-04-20 23:48:58.280948,completed
3135,676,2026-04-17 23:48:58.280948,cancelled
3136,699,2026-04-07 23:48:58.280948,processing
3137,180,2026-08-23 23:48:58.280948,processing
3138,132,2026-08-23 23:48:58.280948,completed
3139,266,2026-04-16 23:48:58.280948,completed
3140,903,2026-04-28 23:48:58.280948,cancelled
3141,802,2026-06-30 23:48:58.280948,completed
3142,869,2026-03-19 23:48:58.280948,completed
3143,994,2026-03-15 23:48:58.280948,cancelled
3144,546,2026-04-04 23:48:58.280948,completed
3145,698,2026-04-18 23:48:58.280948,completed
3146,3,2026-05-22 23:48:58.280948,cancelled
3147,690,2026-03-26 23:48:58.280948,completed
3148,875,2026-06-18 23:48:58.280948,completed
3149,865,2026-05-27 23:48:58.280948,completed
3150,125,2026-03-18 23:48:58.280948,processing
3151,478,2026-05-05 23:48:58.280948,completed
3152,530,2026-08-28 23:48:58.280948,cancelled
3153,230,2026-08-27 23:48:58.280948,completed
3154,941,2026-05-24 23:48:58.280948,processing
3155,460,2026-06-20 23:48:58.280948,completed
3156,402,2026-07-21 23:48:58.280948,completed
3157,84,2026-04-15 23:48:58.280948,completed
3158,756,2026-07-13 23:48:58.280948,cancelled
3159,434,2026-08-20 23:48:58.280948,completed
3160,202,2026-07-28 23:48:58.280948,completed
3161,319,2026-08-23 23:48:58.280948,cancelled
3162,641,2026-08-15 23:48:58.280948,completed
3163,492,2026-05-21 23:48:58.280948,completed
3164,607,2026-04-01 23:48:58.280948,completed
3165,861,2026-07-06 23:48:58.280948,completed
3166,111,2026-05-10 23:48:58.280948,completed
3167,982,2026-06-13 23:48:58.280948,completed
3168,842,2026-06-15 23:48:58.280948,processing
3169,814,2026-07-10 23:48:58.280948,completed
3170,795,2026-04-08 23:48:58.280948,processing
3171,450,2026-08-15 23:48:58.280948,cancelled
3172,458,2026-04-13 23:48:58.280948,completed
3173,88,2026-08-24 23:48:58.280948,completed
3174,387,2026-06-20 23:48:58.280948,cancelled
3175,67,2026-08-07 23:48:58.280948,completed
3176,942,2026-05-18 23:48:58.280948,completed
3177,309,2026-04-05 23:48:58.280948,cancelled
3178,443,2026-08-23 23:48:58.280948,completed
3179,694,2026-08-25 23:48:58.280948,processing
3180,54,2026-06-25 23:48:58.280948,completed
3181,412,2026-08-15 23:48:58.280948,processing
3182,771,2026-05-26 23:48:58.280948,completed
3183,886,2026-04-08 23:48:58.280948,cancelled
3184,639,2026-09-06 23:48:58.280948,completed
3185,394,2026-05-13 23:48:58.280948,completed
3186,902,2026-04-03 23:48:58.280948,processing
3187,104,2026-06-14 23:48:58.280948,cancelled
3188,961,2026-03-20 23:48:58.280948,completed
3189,465,2026-04-29 23:48:58.280948,completed
3190,602,2026-07-21 23:48:58.280948,completed
3191,106,2026-09-05 23:48:58.280948,processing
3192,731,2026-08-22 23:48:58.280948,processing
3193,809,2026-07-21 23:48:58.280948,processing
3194,130,2026-03-29 23:48:58.280948,processing
3195,263,2026-06-10 23:48:58.280948,completed
3196,493,2026-04-03 23:48:58.280948,completed
3197,191,2026-07-08 23:48:58.280948,completed
3198,817,2026-08-28 23:48:58.280948,completed
3199,131,2026-06-21 23:48:58.280948,processing
3200,447,2026-04-30 23:48:58.280948,cancelled
3201,773,2026-06-09 23:48:58.280948,completed
3202,598,2026-04-23 23:48:58.280948,completed
3203,151,2026-05-11 23:48:58.280948,completed
3204,618,2026-06-13 23:48:58.280948,completed
3205,378,2026-09-06 23:48:58.280948,processing
3206,601,2026-03-24 23:48:58.280948,cancelled
3207,149,2026-08-25 23:48:58.280948,completed
3208,520,2026-04-18 23:48:58.280948,completed
3209,433,2026-06-12 23:48:58.280948,completed
3210,1000,2026-07-19 23:48:58.280948,cancelled
3211,931,2026-07-19 23:48:58.280948,completed
3212,350,2026-07-22 23:48:58.280948,cancelled
3213,488,2026-03-15 23:48:58.280948,cancelled
3214,479,2026-04-08 23:48:58.280948,cancelled
3215,340,2026-04-13 23:48:58.280948,processing
3216,987,2026-06-15 23:48:58.280948,processing
3217,307,2026-05-24 23:48:58.280948,completed
3218,167,2026-08-13 23:48:58.280948,completed
3219,898,2026-08-29 23:48:58.280948,completed
3220,225,2026-09-08 23:48:58.280948,cancelled
3221,229,2026-03-15 23:48:58.280948,completed
3222,478,2026-04-02 23:48:58.280948,completed
3223,245,2026-05-08 23:48:58.280948,cancelled
3224,787,2026-06-16 23:48:58.280948,cancelled
3225,385,2026-07-18 23:48:58.280948,completed
3226,189,2026-09-07 23:48:58.280948,completed
3227,11,2026-08-21 23:48:58.280948,completed
3228,31,2026-04-19 23:48:58.280948,completed
3229,146,2026-06-26 23:48:58.280948,completed
3230,200,2026-03-31 23:48:58.280948,processing
3231,935,2026-06-08 23:48:58.280948,completed
3232,999,2026-09-01 23:48:58.280948,completed
3233,203,2026-06-28 23:48:58.280948,completed
3234,225,2026-07-03 23:48:58.280948,cancelled
3235,179,2026-06-14 23:48:58.280948,processing
3236,252,2026-07-25 23:48:58.280948,completed
3237,23,2026-07-25 23:48:58.280948,completed
3238,933,2026-08-14 23:48:58.280948,completed
3239,852,2026-03-19 23:48:58.280948,completed
3240,389,2026-03-25 23:48:58.280948,completed
3241,347,2026-07-17 23:48:58.280948,completed
3242,468,2026-07-09 23:48:58.280948,completed
3243,829,2026-06-05 23:48:58.280948,cancelled
3244,176,2026-04-27 23:48:58.280948,processing
3245,903,2026-05-20 23:48:58.280948,cancelled
3246,67,2026-08-09 23:48:58.280948,completed
3247,904,2026-08-06 23:48:58.280948,completed
3248,197,2026-04-25 23:48:58.280948,completed
3249,712,2026-06-05 23:48:58.280948,completed
3250,614,2026-05-22 23:48:58.280948,cancelled
3251,251,2026-08-28 23:48:58.280948,processing
3252,602,2026-07-22 23:48:58.280948,processing
3253,302,2026-08-01 23:48:58.280948,completed
3254,254,2026-08-26 23:48:58.280948,cancelled
3255,815,2026-06-29 23:48:58.280948,completed
3256,872,2026-05-01 23:48:58.280948,processing
3257,908,2026-05-06 23:48:58.280948,completed
3258,745,2026-08-19 23:48:58.280948,completed
3259,810,2026-03-23 23:48:58.280948,processing
3260,67,2026-07-28 23:48:58.280948,processing
3261,398,2026-03-27 23:48:58.280948,processing
3262,384,2026-05-04 23:48:58.280948,processing
3263,476,2026-07-25 23:48:58.280948,completed
3264,730,2026-06-05 23:48:58.280948,processing
3265,712,2026-05-08 23:48:58.280948,cancelled
3266,979,2026-05-05 23:48:58.280948,completed
3267,275,2026-04-13 23:48:58.280948,completed
3268,654,2026-04-12 23:48:58.280948,cancelled
3269,38,2026-07-17 23:48:58.280948,completed
3270,917,2026-07-19 23:48:58.280948,completed
3271,884,2026-07-10 23:48:58.280948,completed
3272,224,2026-06-22 23:48:58.280948,completed
3273,911,2026-06-04 23:48:58.280948,processing
3274,161,2026-06-05 23:48:58.280948,completed
3275,564,2026-08-18 23:48:58.280948,completed
3276,770,2026-08-18 23:48:58.280948,completed
3277,456,2026-04-29 23:48:58.280948,completed
3278,236,2026-04-12 23:48:58.280948,completed
3279,477,2026-04-30 23:48:58.280948,processing
3280,345,2026-05-22 23:48:58.280948,completed
3281,479,2026-05-21 23:48:58.280948,completed
3282,377,2026-05-04 23:48:58.280948,completed
3283,280,2026-06-03 23:48:58.280948,completed
3284,184,2026-05-18 23:48:58.280948,completed
3285,272,2026-03-27 23:48:58.280948,completed
3286,368,2026-08-18 23:48:58.280948,completed
3287,863,2026-05-03 23:48:58.280948,processing
3288,560,2026-03-28 23:48:58.280948,completed
3289,805,2026-06-30 23:48:58.280948,completed
3290,101,2026-08-09 23:48:58.280948,completed
3291,369,2026-08-30 23:48:58.280948,processing
3292,206,2026-06-15 23:48:58.280948,completed
3293,692,2026-06-16 23:48:58.280948,completed
3294,310,2026-03-18 23:48:58.280948,completed
3295,196,2026-03-12 23:48:58.280948,processing
3296,142,2026-04-22 23:48:58.280948,completed
3297,9,2026-06-24 23:48:58.280948,completed
3298,843,2026-06-12 23:48:58.280948,completed
3299,969,2026-05-28 23:48:58.280948,processing
3300,776,2026-03-25 23:48:58.280948,completed
3301,484,2026-03-25 23:48:58.280948,processing
3302,780,2026-08-01 23:48:58.280948,completed
3303,234,2026-07-12 23:48:58.280948,cancelled
3304,768,2026-07-17 23:48:58.280948,completed
3305,240,2026-04-29 23:48:58.280948,processing
3306,805,2026-04-20 23:48:58.280948,completed
3307,740,2026-05-13 23:48:58.280948,completed
3308,811,2026-08-18 23:48:58.280948,completed
3309,867,2026-07-22 23:48:58.280948,completed
3310,789,2026-03-14 23:48:58.280948,completed
3311,215,2026-05-19 23:48:58.280948,completed
3312,874,2026-04-19 23:48:58.280948,completed
3313,384,2026-08-04 23:48:58.280948,processing
3314,895,2026-08-07 23:48:58.280948,completed
3315,966,2026-09-06 23:48:58.280948,completed
3316,830,2026-03-24 23:48:58.280948,completed
3317,348,2026-07-13 23:48:58.280948,completed
3318,436,2026-03-17 23:48:58.280948,completed
3319,782,2026-03-16 23:48:58.280948,processing
3320,307,2026-06-17 23:48:58.280948,processing
3321,24,2026-04-16 23:48:58.280948,completed
3322,945,2026-08-04 23:48:58.280948,completed
3323,976,2026-06-16 23:48:58.280948,processing
3324,645,2026-04-07 23:48:58.280948,processing
3325,588,2026-05-31 23:48:58.280948,completed
3326,210,2026-05-31 23:48:58.280948,completed
3327,548,2026-06-02 23:48:58.280948,completed
3328,487,2026-08-12 23:48:58.280948,completed
3329,584,2026-05-16 23:48:58.280948,cancelled
3330,917,2026-06-23 23:48:58.280948,completed
3331,176,2026-08-13 23:48:58.280948,cancelled
3332,567,2026-07-25 23:48:58.280948,completed
3333,847,2026-03-16 23:48:58.280948,processing
3334,501,2026-09-02 23:48:58.280948,completed
3335,204,2026-08-22 23:48:58.280948,completed
3336,291,2026-07-18 23:48:58.280948,completed
3337,299,2026-03-24 23:48:58.280948,processing
3338,72,2026-05-15 23:48:58.280948,completed
3339,378,2026-04-29 23:48:58.280948,completed
3340,176,2026-06-17 23:48:58.280948,completed
3341,401,2026-07-30 23:48:58.280948,completed
3342,133,2026-04-24 23:48:58.280948,completed
3343,490,2026-08-22 23:48:58.280948,completed
3344,979,2026-07-18 23:48:58.280948,completed
3345,892,2026-07-18 23:48:58.280948,completed
3346,443,2026-03-22 23:48:58.280948,completed
3347,163,2026-04-07 23:48:58.280948,processing
3348,962,2026-06-21 23:48:58.280948,processing
3349,208,2026-05-03 23:48:58.280948,cancelled
3350,702,2026-05-14 23:48:58.280948,completed
3351,207,2026-09-07 23:48:58.280948,completed
3352,457,2026-08-23 23:48:58.280948,completed
3353,620,2026-07-07 23:48:58.280948,processing
3354,337,2026-04-16 23:48:58.280948,completed
3355,472,2026-05-13 23:48:58.280948,processing
3356,41,2026-08-16 23:48:58.282485,completed
3357,662,2026-05-15 23:48:58.282485,completed
3358,718,2026-06-24 23:48:58.282485,completed
3359,628,2026-07-26 23:48:58.282485,completed
3360,256,2026-07-25 23:48:58.282485,processing
3361,751,2026-05-21 23:48:58.282485,completed
3362,394,2026-03-24 23:48:58.282485,completed
3363,716,2026-04-16 23:48:58.282485,completed
3364,403,2026-03-14 23:48:58.282485,completed
3365,246,2026-07-30 23:48:58.282485,completed
3366,904,2026-04-01 23:48:58.282485,processing
3367,299,2026-03-22 23:48:58.282485,completed
3368,715,2026-07-15 23:48:58.282485,completed
3369,422,2026-04-20 23:48:58.282485,completed
3370,378,2026-08-20 23:48:58.282485,completed
3371,517,2026-06-17 23:48:58.282485,completed
3372,462,2026-07-28 23:48:58.282485,completed
3373,213,2026-05-02 23:48:58.282485,completed
3374,474,2026-09-02 23:48:58.282485,completed
3375,655,2026-03-15 23:48:58.282485,cancelled
3376,768,2026-05-13 23:48:58.282485,completed
3377,352,2026-05-29 23:48:58.282485,completed
3378,407,2026-08-30 23:48:58.282485,completed
3379,257,2026-08-10 23:48:58.282485,cancelled
3380,940,2026-08-05 23:48:58.282485,completed
3381,687,2026-05-13 23:48:58.282485,completed
3382,473,2026-08-22 23:48:58.282485,completed
3383,562,2026-03-24 23:48:58.282485,completed
3384,731,2026-05-19 23:48:58.282485,completed
3385,483,2026-06-29 23:48:58.282485,completed
3386,175,2026-09-04 23:48:58.282485,processing
3387,103,2026-07-25 23:48:58.282485,completed
3388,128,2026-04-25 23:48:58.282485,cancelled
3389,401,2026-07-27 23:48:58.282485,completed
3390,688,2026-09-06 23:48:58.282485,cancelled
3391,280,2026-07-31 23:48:58.282485,completed
3392,367,2026-07-25 23:48:58.282485,completed
3393,732,2026-08-31 23:48:58.282485,cancelled
3394,546,2026-07-15 23:48:58.282485,completed
3395,714,2026-08-27 23:48:58.282485,cancelled
3396,831,2026-04-28 23:48:58.282485,cancelled
3397,679,2026-03-24 23:48:58.282485,completed
3398,400,2026-03-16 23:48:58.282485,completed
3399,455,2026-08-26 23:48:58.282485,processing
3400,5,2026-08-27 23:48:58.282485,completed
3401,786,2026-07-19 23:48:58.282485,completed
3402,384,2026-07-09 23:48:58.282485,completed
3403,94,2026-09-04 23:48:58.282485,completed
3404,29,2026-09-05 23:48:58.282485,completed
3405,841,2026-07-21 23:48:58.282485,cancelled
3406,686,2026-08-23 23:48:58.282485,completed
3407,982,2026-08-15 23:48:58.282485,cancelled
3408,172,2026-07-28 23:48:58.282485,completed
3409,426,2026-04-30 23:48:58.282485,completed
3410,836,2026-06-17 23:48:58.282485,completed
3411,576,2026-04-01 23:48:58.282485,completed
3412,640,2026-07-17 23:48:58.282485,processing
3413,405,2026-05-22 23:48:58.282485,completed
3414,238,2026-07-16 23:48:58.282485,completed
3415,366,2026-06-18 23:48:58.282485,completed
3416,16,2026-05-29 23:48:58.282485,cancelled
3417,324,2026-09-05 23:48:58.282485,completed
3418,218,2026-05-14 23:48:58.282485,completed
3419,68,2026-03-24 23:48:58.282485,completed
3420,666,2026-04-02 23:48:58.282485,completed
3421,45,2026-08-22 23:48:58.282485,completed
3422,421,2026-06-23 23:48:58.282485,processing
3423,512,2026-08-13 23:48:58.282485,cancelled
3424,550,2026-04-16 23:48:58.282485,completed
3425,258,2026-08-15 23:48:58.282485,processing
3426,333,2026-03-31 23:48:58.282485,cancelled
3427,398,2026-03-19 23:48:58.282485,cancelled
3428,137,2026-06-15 23:48:58.282485,completed
3429,651,2026-03-16 23:48:58.282485,completed
3430,872,2026-03-22 23:48:58.282485,completed
3431,70,2026-06-15 23:48:58.282485,completed
3432,624,2026-04-12 23:48:58.282485,completed
3433,392,2026-05-01 23:48:58.282485,cancelled
3434,760,2026-07-11 23:48:58.282485,processing
3435,602,2026-03-12 23:48:58.282485,completed
3436,239,2026-09-03 23:48:58.282485,processing
3437,778,2026-08-08 23:48:58.282485,completed
3438,243,2026-05-22 23:48:58.282485,completed
3439,635,2026-08-19 23:48:58.282485,completed
3440,141,2026-06-05 23:48:58.282485,completed
3441,304,2026-07-19 23:48:58.282485,completed
3442,385,2026-07-18 23:48:58.282485,cancelled
3443,39,2026-07-10 23:48:58.282485,cancelled
3444,613,2026-05-18 23:48:58.282485,cancelled
3445,899,2026-06-16 23:48:58.282485,completed
3446,285,2026-06-19 23:48:58.282485,cancelled
3447,806,2026-08-29 23:48:58.282485,processing
3448,811,2026-05-25 23:48:58.282485,cancelled
3449,833,2026-06-27 23:48:58.282485,completed
3450,235,2026-06-16 23:48:58.282485,completed
3451,249,2026-07-18 23:48:58.282485,processing
3452,56,2026-03-22 23:48:58.282485,completed
3453,821,2026-03-17 23:48:58.282485,cancelled
3454,737,2026-07-14 23:48:58.282485,processing
3455,894,2026-06-03 23:48:58.282485,processing
3456,330,2026-07-24 23:48:58.282485,completed
3457,645,2026-09-07 23:48:58.282485,completed
3458,891,2026-05-06 23:48:58.282485,completed
3459,977,2026-07-21 23:48:58.282485,completed
3460,650,2026-08-03 23:48:58.282485,completed
3461,129,2026-08-16 23:48:58.282485,completed
3462,607,2026-04-21 23:48:58.282485,completed
3463,242,2026-05-02 23:48:58.282485,completed
3464,437,2026-05-12 23:48:58.282485,completed
3465,169,2026-07-20 23:48:58.282485,completed
3466,435,2026-07-25 23:48:58.282485,processing
3467,255,2026-06-23 23:48:58.282485,completed
3468,591,2026-05-17 23:48:58.282485,cancelled
3469,207,2026-07-01 23:48:58.282485,completed
3470,82,2026-06-08 23:48:58.282485,completed
3471,387,2026-07-28 23:48:58.282485,completed
3472,452,2026-05-23 23:48:58.282485,processing
3473,625,2026-05-21 23:48:58.282485,completed
3474,840,2026-05-08 23:48:58.282485,completed
3475,781,2026-06-03 23:48:58.282485,completed
3476,875,2026-08-18 23:48:58.282485,completed
3477,610,2026-04-24 23:48:58.282485,completed
3478,567,2026-07-26 23:48:58.282485,completed
3479,390,2026-05-13 23:48:58.282485,completed
3480,465,2026-06-28 23:48:58.282485,completed
3481,576,2026-04-06 23:48:58.282485,completed
3482,74,2026-06-15 23:48:58.282485,completed
3483,733,2026-05-11 23:48:58.282485,completed
3484,159,2026-07-22 23:48:58.282485,completed
3485,14,2026-05-03 23:48:58.282485,cancelled
3486,743,2026-06-05 23:48:58.282485,completed
3487,415,2026-05-25 23:48:58.282485,completed
3488,994,2026-06-05 23:48:58.282485,completed
3489,502,2026-06-22 23:48:58.282485,cancelled
3490,603,2026-08-21 23:48:58.282485,completed
3491,907,2026-08-30 23:48:58.282485,completed
3492,395,2026-04-17 23:48:58.282485,completed
3493,199,2026-05-20 23:48:58.282485,completed
3494,790,2026-06-11 23:48:58.282485,processing
3495,727,2026-05-06 23:48:58.282485,cancelled
3496,706,2026-06-06 23:48:58.282485,cancelled
3497,60,2026-03-26 23:48:58.282485,completed
3498,949,2026-05-23 23:48:58.282485,cancelled
3499,253,2026-07-08 23:48:58.282485,completed
3500,36,2026-06-08 23:48:58.282485,cancelled
3501,724,2026-03-19 23:48:58.282485,completed
3502,715,2026-03-22 23:48:58.282485,cancelled
3503,152,2026-07-04 23:48:58.282485,processing
3504,467,2026-03-18 23:48:58.282485,completed
3505,261,2026-07-07 23:48:58.282485,processing
3506,593,2026-03-23 23:48:58.282485,completed
3507,13,2026-08-10 23:48:58.282485,completed
3508,660,2026-06-02 23:48:58.282485,completed
3509,724,2026-04-11 23:48:58.282485,completed
3510,531,2026-07-22 23:48:58.282485,completed
3511,170,2026-05-22 23:48:58.282485,completed
3512,709,2026-06-23 23:48:58.282485,processing
3513,991,2026-04-25 23:48:58.282485,cancelled
3514,908,2026-06-03 23:48:58.282485,processing
3515,316,2026-05-26 23:48:58.282485,cancelled
3516,891,2026-08-17 23:48:58.282485,completed
3517,652,2026-04-15 23:48:58.282485,completed
3518,834,2026-08-03 23:48:58.282485,completed
3519,767,2026-07-17 23:48:58.282485,cancelled
3520,408,2026-03-14 23:48:58.282485,completed
3521,7,2026-07-27 23:48:58.282485,completed
3522,2,2026-08-15 23:48:58.282485,completed
3523,793,2026-03-14 23:48:58.282485,completed
3524,538,2026-05-25 23:48:58.282485,cancelled
3525,296,2026-05-21 23:48:58.282485,completed
3526,181,2026-06-05 23:48:58.282485,completed
3527,721,2026-08-05 23:48:58.282485,completed
3528,499,2026-07-24 23:48:58.282485,processing
3529,972,2026-08-11 23:48:58.282485,completed
3530,581,2026-07-16 23:48:58.282485,completed
3531,206,2026-08-24 23:48:58.282485,cancelled
3532,188,2026-07-21 23:48:58.282485,completed
3533,924,2026-05-27 23:48:58.282485,completed
3534,642,2026-04-02 23:48:58.282485,completed
3535,890,2026-03-30 23:48:58.282485,completed
3536,82,2026-06-25 23:48:58.282485,completed
3537,387,2026-08-08 23:48:58.282485,completed
3538,66,2026-06-13 23:48:58.282485,completed
3539,600,2026-07-10 23:48:58.282485,completed
3540,497,2026-03-20 23:48:58.282485,completed
3541,10,2026-08-24 23:48:58.282485,completed
3542,770,2026-09-07 23:48:58.282485,cancelled
3543,597,2026-08-29 23:48:58.282485,completed
3544,217,2026-04-28 23:48:58.282485,completed
3545,385,2026-04-07 23:48:58.282485,processing
3546,986,2026-07-02 23:48:58.282485,completed
3547,485,2026-06-14 23:48:58.282485,processing
3548,440,2026-06-14 23:48:58.282485,completed
3549,699,2026-06-13 23:48:58.282485,completed
3550,837,2026-07-09 23:48:58.282485,completed
3551,682,2026-05-29 23:48:58.282485,completed
3552,626,2026-08-25 23:48:58.282485,completed
3553,895,2026-06-16 23:48:58.282485,completed
3554,4,2026-05-15 23:48:58.282485,cancelled
3555,412,2026-08-04 23:48:58.282485,completed
3556,617,2026-08-08 23:48:58.282485,processing
3557,287,2026-03-13 23:48:58.282485,completed
3558,378,2026-05-16 23:48:58.282485,processing
3559,703,2026-03-24 23:48:58.282485,completed
3560,528,2026-05-26 23:48:58.282485,cancelled
3561,193,2026-09-08 23:48:58.282485,cancelled
3562,981,2026-06-18 23:48:58.282485,completed
3563,649,2026-06-08 23:48:58.282485,completed
3564,993,2026-06-17 23:48:58.282485,cancelled
3565,455,2026-07-11 23:48:58.282485,processing
3566,497,2026-05-29 23:48:58.282485,cancelled
3567,628,2026-08-19 23:48:58.282485,completed
3568,439,2026-05-10 23:48:58.282485,cancelled
3569,878,2026-03-13 23:48:58.282485,completed
3570,752,2026-06-02 23:48:58.282485,completed
3571,622,2026-07-21 23:48:58.282485,cancelled
3572,147,2026-04-28 23:48:58.282485,processing
3573,804,2026-05-02 23:48:58.282485,completed
3574,131,2026-05-04 23:48:58.282485,completed
3575,309,2026-03-20 23:48:58.282485,processing
3576,896,2026-05-12 23:48:58.282485,completed
3577,918,2026-05-17 23:48:58.282485,completed
3578,494,2026-03-23 23:48:58.282485,processing
3579,247,2026-07-08 23:48:58.282485,completed
3580,175,2026-03-24 23:48:58.282485,cancelled
3581,92,2026-08-12 23:48:58.282485,completed
3582,733,2026-09-01 23:48:58.282485,completed
3583,952,2026-06-17 23:48:58.282485,completed
3584,785,2026-06-29 23:48:58.282485,completed
3585,737,2026-07-05 23:48:58.282485,cancelled
3586,488,2026-03-21 23:48:58.282485,completed
3587,682,2026-08-05 23:48:58.282485,processing
3588,649,2026-05-06 23:48:58.282485,completed
3589,815,2026-03-15 23:48:58.282485,completed
3590,893,2026-07-13 23:48:58.282485,processing
3591,785,2026-04-08 23:48:58.282485,completed
3592,660,2026-06-13 23:48:58.282485,completed
3593,933,2026-06-03 23:48:58.282485,cancelled
3594,658,2026-04-18 23:48:58.282485,completed
3595,828,2026-07-11 23:48:58.282485,completed
3596,266,2026-08-10 23:48:58.282485,completed
3597,90,2026-08-11 23:48:58.282485,completed
3598,349,2026-04-10 23:48:58.282485,completed
3599,763,2026-08-10 23:48:58.282485,processing
3600,377,2026-08-07 23:48:58.282485,completed
3601,977,2026-06-03 23:48:58.282485,processing
3602,755,2026-09-08 23:48:58.282485,completed
3603,64,2026-04-10 23:48:58.282485,processing
3604,195,2026-06-01 23:48:58.282485,completed
3605,328,2026-06-07 23:48:58.282485,cancelled
3606,957,2026-08-07 23:48:58.282485,processing
3607,680,2026-04-07 23:48:58.282485,processing
3608,228,2026-08-12 23:48:58.282485,completed
3609,10,2026-04-24 23:48:58.282485,completed
3610,324,2026-08-02 23:48:58.282485,completed
3611,858,2026-07-14 23:48:58.282485,completed
3612,697,2026-05-15 23:48:58.282485,completed
3613,616,2026-06-28 23:48:58.282485,completed
3614,765,2026-03-22 23:48:58.282485,cancelled
3615,36,2026-04-08 23:48:58.282485,completed
3616,317,2026-05-03 23:48:58.282485,cancelled
3617,127,2026-06-30 23:48:58.282485,cancelled
3618,588,2026-05-09 23:48:58.282485,cancelled
3619,849,2026-07-15 23:48:58.282485,completed
3620,299,2026-03-12 23:48:58.282485,completed
3621,61,2026-06-15 23:48:58.282485,completed
3622,848,2026-07-17 23:48:58.282485,cancelled
3623,957,2026-07-13 23:48:58.282485,cancelled
3624,754,2026-08-26 23:48:58.282485,completed
3625,878,2026-05-07 23:48:58.282485,cancelled
3626,402,2026-06-24 23:48:58.282485,cancelled
3627,935,2026-07-30 23:48:58.282485,completed
3628,562,2026-05-31 23:48:58.282485,completed
3629,433,2026-03-19 23:48:58.282485,completed
3630,357,2026-05-31 23:48:58.282485,completed
3631,74,2026-04-26 23:48:58.282485,cancelled
3632,290,2026-06-28 23:48:58.282485,cancelled
3633,946,2026-07-21 23:48:58.282485,cancelled
3634,877,2026-04-21 23:48:58.282485,completed
3635,100,2026-08-06 23:48:58.282485,completed
3636,771,2026-04-13 23:48:58.282485,completed
3637,871,2026-06-23 23:48:58.282485,completed
3638,671,2026-07-29 23:48:58.282485,processing
3639,141,2026-05-18 23:48:58.282485,cancelled
3640,495,2026-06-26 23:48:58.282485,completed
3641,215,2026-07-15 23:48:58.282485,cancelled
3642,201,2026-03-26 23:48:58.282485,completed
3643,371,2026-04-14 23:48:58.282485,completed
3644,695,2026-08-02 23:48:58.282485,completed
3645,974,2026-05-22 23:48:58.282485,cancelled
3646,862,2026-07-27 23:48:58.282485,completed
3647,99,2026-06-09 23:48:58.282485,completed
3648,184,2026-08-26 23:48:58.282485,completed
3649,528,2026-03-26 23:48:58.282485,completed
3650,608,2026-05-20 23:48:58.282485,completed
3651,643,2026-05-28 23:48:58.282485,completed
3652,35,2026-08-09 23:48:58.282485,completed
3653,407,2026-05-06 23:48:58.282485,completed
3654,705,2026-04-09 23:48:58.282485,completed
3655,669,2026-06-04 23:48:58.282485,cancelled
3656,815,2026-03-21 23:48:58.282485,cancelled
3657,92,2026-05-13 23:48:58.282485,cancelled
3658,392,2026-06-30 23:48:58.282485,cancelled
3659,669,2026-05-18 23:48:58.282485,completed
3660,12,2026-08-09 23:48:58.282485,completed
3661,85,2026-08-08 23:48:58.282485,completed
3662,657,2026-03-21 23:48:58.282485,processing
3663,231,2026-09-03 23:48:58.282485,processing
3664,587,2026-04-15 23:48:58.282485,completed
3665,281,2026-03-15 23:48:58.282485,cancelled
3666,97,2026-04-10 23:48:58.282485,completed
3667,394,2026-05-08 23:48:58.282485,cancelled
3668,720,2026-05-20 23:48:58.282485,completed
3669,586,2026-08-07 23:48:58.282485,completed
3670,334,2026-08-23 23:48:58.282485,cancelled
3671,931,2026-04-24 23:48:58.282485,completed
3672,416,2026-03-13 23:48:58.282485,completed
3673,404,2026-04-19 23:48:58.282485,processing
3674,803,2026-04-26 23:48:58.282485,completed
3675,66,2026-04-29 23:48:58.282485,processing
3676,552,2026-03-26 23:48:58.282485,completed
3677,772,2026-07-17 23:48:58.282485,cancelled
3678,920,2026-08-09 23:48:58.282485,completed
3679,883,2026-04-08 23:48:58.282485,cancelled
3680,185,2026-09-07 23:48:58.282485,processing
3681,458,2026-06-20 23:48:58.282485,completed
3682,41,2026-08-07 23:48:58.282485,processing
3683,212,2026-03-25 23:48:58.282485,completed
3684,90,2026-04-18 23:48:58.282485,completed
3685,872,2026-08-31 23:48:58.282485,completed
3686,128,2026-05-02 23:48:58.282485,completed
3687,373,2026-04-22 23:48:58.282485,completed
3688,434,2026-03-24 23:48:58.282485,completed
3689,255,2026-06-24 23:48:58.282485,completed
3690,969,2026-04-29 23:48:58.282485,completed
3691,675,2026-04-25 23:48:58.282485,completed
3692,144,2026-04-14 23:48:58.282485,completed
3693,712,2026-06-20 23:48:58.282485,processing
3694,933,2026-06-10 23:48:58.282485,processing
3695,552,2026-05-01 23:48:58.282485,completed
3696,705,2026-08-14 23:48:58.282485,cancelled
3697,840,2026-08-28 23:48:58.282485,completed
3698,38,2026-07-22 23:48:58.282485,completed
3699,307,2026-07-15 23:48:58.282485,completed
3700,617,2026-04-20 23:48:58.282485,completed
3701,606,2026-06-09 23:48:58.282485,completed
3702,132,2026-04-02 23:48:58.282485,completed
3703,77,2026-04-21 23:48:58.282485,completed
3704,267,2026-06-03 23:48:58.282485,cancelled
3705,926,2026-07-29 23:48:58.282485,completed
3706,468,2026-08-18 23:48:58.282485,completed
3707,693,2026-05-23 23:48:58.282485,cancelled
3708,147,2026-04-24 23:48:58.282485,completed
3709,73,2026-03-31 23:48:58.282485,cancelled
3710,276,2026-03-30 23:48:58.282485,cancelled
3711,662,2026-07-21 23:48:58.282485,cancelled
3712,382,2026-04-17 23:48:58.282485,cancelled
3713,664,2026-05-01 23:48:58.282485,processing
3714,168,2026-05-24 23:48:58.282485,completed
3715,324,2026-05-20 23:48:58.282485,completed
3716,27,2026-04-07 23:48:58.282485,completed
3717,80,2026-07-01 23:48:58.282485,completed
3718,545,2026-08-11 23:48:58.282485,cancelled
3719,562,2026-05-27 23:48:58.282485,completed
3720,338,2026-03-29 23:48:58.282485,completed
3721,372,2026-06-15 23:48:58.282485,completed
3722,150,2026-07-13 23:48:58.282485,completed
3723,11,2026-08-14 23:48:58.282485,completed
3724,993,2026-07-14 23:48:58.282485,completed
3725,975,2026-08-13 23:48:58.282485,completed
3726,180,2026-04-27 23:48:58.282485,cancelled
3727,897,2026-06-22 23:48:58.282485,processing
3728,842,2026-05-06 23:48:58.282485,completed
3729,542,2026-06-11 23:48:58.282485,cancelled
3730,586,2026-06-28 23:48:58.282485,processing
3731,278,2026-04-06 23:48:58.282485,completed
3732,919,2026-08-27 23:48:58.282485,completed
3733,326,2026-06-01 23:48:58.282485,completed
3734,354,2026-03-19 23:48:58.282485,processing
3735,565,2026-04-09 23:48:58.282485,completed
3736,489,2026-04-10 23:48:58.282485,completed
3737,266,2026-09-06 23:48:58.282485,cancelled
3738,526,2026-07-31 23:48:58.282485,cancelled
3739,130,2026-08-03 23:48:58.282485,completed
3740,582,2026-07-02 23:48:58.282485,completed
3741,941,2026-03-29 23:48:58.282485,completed
3742,725,2026-07-07 23:48:58.282485,cancelled
3743,624,2026-05-24 23:48:58.282485,cancelled
3744,469,2026-07-24 23:48:58.282485,completed
3745,363,2026-05-12 23:48:58.282485,processing
3746,294,2026-06-30 23:48:58.282485,completed
3747,534,2026-07-12 23:48:58.282485,completed
3748,651,2026-08-17 23:48:58.282485,completed
3749,417,2026-06-20 23:48:58.282485,completed
3750,650,2026-08-19 23:48:58.282485,completed
3751,748,2026-07-09 23:48:58.282485,completed
3752,170,2026-04-14 23:48:58.282485,completed
3753,87,2026-06-27 23:48:58.282485,processing
3754,952,2026-05-05 23:48:58.282485,completed
3755,986,2026-05-23 23:48:58.282485,cancelled
3756,521,2026-08-05 23:48:58.282485,completed
3757,510,2026-04-30 23:48:58.282485,cancelled
3758,694,2026-04-25 23:48:58.282485,cancelled
3759,128,2026-05-28 23:48:58.282485,completed
3760,632,2026-07-22 23:48:58.282485,cancelled
3761,8,2026-05-23 23:48:58.282485,cancelled
3762,548,2026-06-12 23:48:58.282485,completed
3763,757,2026-03-23 23:48:58.282485,processing
3764,701,2026-04-06 23:48:58.282485,completed
3765,622,2026-05-17 23:48:58.282485,completed
3766,691,2026-04-27 23:48:58.282485,completed
3767,180,2026-08-20 23:48:58.282485,completed
3768,860,2026-08-05 23:48:58.282485,processing
3769,362,2026-08-26 23:48:58.282485,completed
3770,508,2026-06-03 23:48:58.282485,completed
3771,383,2026-08-11 23:48:58.282485,completed
3772,936,2026-03-19 23:48:58.282485,completed
3773,852,2026-04-23 23:48:58.282485,completed
3774,298,2026-06-24 23:48:58.282485,completed
3775,301,2026-07-03 23:48:58.282485,completed
3776,3,2026-03-31 23:48:58.282485,processing
3777,404,2026-07-15 23:48:58.282485,completed
3778,952,2026-03-28 23:48:58.282485,processing
3779,846,2026-08-30 23:48:58.282485,completed
3780,914,2026-04-03 23:48:58.282485,completed
3781,59,2026-06-09 23:48:58.282485,completed
3782,631,2026-05-14 23:48:58.282485,completed
3783,306,2026-06-10 23:48:58.282485,completed
3784,6,2026-06-11 23:48:58.282485,cancelled
3785,191,2026-05-29 23:48:58.282485,completed
3786,10,2026-08-14 23:48:58.282485,completed
3787,504,2026-07-20 23:48:58.282485,completed
3788,542,2026-04-30 23:48:58.282485,completed
3789,421,2026-08-08 23:48:58.282485,completed
3790,8,2026-07-31 23:48:58.282485,cancelled
3791,257,2026-07-13 23:48:58.282485,completed
3792,405,2026-06-05 23:48:58.282485,completed
3793,374,2026-05-22 23:48:58.282485,completed
3794,550,2026-07-02 23:48:58.282485,completed
3795,450,2026-03-24 23:48:58.282485,completed
3796,166,2026-08-04 23:48:58.282485,completed
3797,766,2026-05-20 23:48:58.282485,completed
3798,368,2026-07-20 23:48:58.282485,completed
3799,195,2026-06-28 23:48:58.282485,completed
3800,137,2026-05-30 23:48:58.282485,completed
3801,762,2026-06-16 23:48:58.282485,completed
3802,165,2026-03-22 23:48:58.282485,completed
3803,972,2026-05-09 23:48:58.282485,cancelled
3804,273,2026-08-09 23:48:58.282485,completed
3805,501,2026-04-21 23:48:58.282485,completed
3806,820,2026-03-18 23:48:58.282485,cancelled
3807,131,2026-06-17 23:48:58.282485,completed
3808,514,2026-06-01 23:48:58.282485,completed
3809,113,2026-08-12 23:48:58.282485,completed
3810,130,2026-07-31 23:48:58.282485,completed
3811,513,2026-09-05 23:48:58.282485,cancelled
3812,243,2026-08-26 23:48:58.282485,cancelled
3813,850,2026-06-13 23:48:58.282485,completed
3814,1000,2026-04-09 23:48:58.282485,cancelled
3815,9,2026-05-20 23:48:58.282485,completed
3816,297,2026-06-28 23:48:58.282485,completed
3817,85,2026-05-22 23:48:58.282485,completed
3818,633,2026-07-31 23:48:58.282485,cancelled
3819,524,2026-07-23 23:48:58.282485,completed
3820,288,2026-08-10 23:48:58.282485,completed
3821,718,2026-07-07 23:48:58.282485,cancelled
3822,841,2026-05-22 23:48:58.282485,completed
3823,486,2026-03-12 23:48:58.282485,completed
3824,718,2026-05-03 23:48:58.282485,processing
3825,186,2026-07-22 23:48:58.282485,processing
3826,645,2026-03-30 23:48:58.282485,completed
3827,235,2026-08-09 23:48:58.282485,completed
3828,411,2026-08-30 23:48:58.282485,completed
3829,197,2026-08-02 23:48:58.282485,completed
3830,19,2026-04-04 23:48:58.282485,completed
3831,94,2026-08-26 23:48:58.282485,completed
3832,418,2026-04-27 23:48:58.282485,completed
3833,717,2026-03-30 23:48:58.282485,completed
3834,228,2026-06-14 23:48:58.282485,completed
3835,491,2026-08-24 23:48:58.282485,processing
3836,438,2026-03-28 23:48:58.282485,completed
3837,312,2026-08-11 23:48:58.282485,completed
3838,373,2026-06-29 23:48:58.282485,completed
3839,729,2026-05-24 23:48:58.282485,completed
3840,328,2026-08-27 23:48:58.282485,completed
3841,42,2026-09-08 23:48:58.282485,completed
3842,677,2026-06-18 23:48:58.282485,completed
3843,293,2026-05-11 23:48:58.282485,completed
3844,931,2026-04-06 23:48:58.282485,completed
3845,442,2026-07-23 23:48:58.282485,completed
3846,972,2026-05-06 23:48:58.282485,completed
3847,343,2026-06-23 23:48:58.283920,completed
3848,100,2026-03-21 23:48:58.283920,completed
3849,700,2026-04-20 23:48:58.283920,completed
3850,340,2026-06-08 23:48:58.283920,cancelled
3851,830,2026-06-08 23:48:58.283920,cancelled
3852,798,2026-04-11 23:48:58.283920,processing
3853,620,2026-06-05 23:48:58.283920,completed
3854,666,2026-06-30 23:48:58.283920,completed
3855,599,2026-06-02 23:48:58.283920,completed
3856,909,2026-08-12 23:48:58.283920,completed
3857,645,2026-04-07 23:48:58.283920,completed
3858,43,2026-04-11 23:48:58.283920,cancelled
3859,838,2026-07-22 23:48:58.283920,completed
3860,722,2026-05-17 23:48:58.283920,completed
3861,77,2026-04-22 23:48:58.283920,processing
3862,352,2026-06-23 23:48:58.283920,cancelled
3863,486,2026-07-19 23:48:58.283920,processing
3864,739,2026-07-31 23:48:58.283920,completed
3865,131,2026-07-21 23:48:58.283920,completed
3866,564,2026-07-06 23:48:58.283920,processing
3867,999,2026-06-12 23:48:58.283920,completed
3868,460,2026-03-31 23:48:58.283920,cancelled
3869,121,2026-05-20 23:48:58.283920,completed
3870,495,2026-05-24 23:48:58.283920,processing
3871,954,2026-05-03 23:48:58.283920,completed
3872,171,2026-04-08 23:48:58.283920,completed
3873,714,2026-08-06 23:48:58.283920,completed
3874,47,2026-04-17 23:48:58.283920,completed
3875,814,2026-03-15 23:48:58.283920,completed
3876,759,2026-05-30 23:48:58.283920,completed
3877,702,2026-04-25 23:48:58.283920,processing
3878,995,2026-08-20 23:48:58.283920,completed
3879,449,2026-05-01 23:48:58.283920,completed
3880,576,2026-06-01 23:48:58.283920,completed
3881,622,2026-07-01 23:48:58.283920,completed
3882,189,2026-09-08 23:48:58.283920,completed
3883,586,2026-07-15 23:48:58.283920,processing
3884,714,2026-09-06 23:48:58.283920,processing
3885,467,2026-05-03 23:48:58.283920,cancelled
3886,738,2026-04-27 23:48:58.283920,completed
3887,311,2026-07-14 23:48:58.283920,completed
3888,726,2026-07-02 23:48:58.283920,processing
3889,122,2026-07-27 23:48:58.283920,completed
3890,47,2026-04-25 23:48:58.283920,completed
3891,299,2026-08-29 23:48:58.283920,cancelled
3892,152,2026-06-29 23:48:58.283920,completed
3893,277,2026-08-26 23:48:58.283920,cancelled
3894,255,2026-07-17 23:48:58.283920,processing
3895,119,2026-09-08 23:48:58.283920,cancelled
3896,356,2026-03-31 23:48:58.283920,processing
3897,996,2026-06-06 23:48:58.283920,completed
3898,86,2026-03-12 23:48:58.283920,processing
3899,271,2026-08-05 23:48:58.283920,completed
3900,920,2026-04-05 23:48:58.283920,completed
3901,333,2026-08-25 23:48:58.283920,cancelled
3902,836,2026-09-06 23:48:58.283920,completed
3903,225,2026-06-29 23:48:58.283920,completed
3904,263,2026-09-04 23:48:58.283920,processing
3905,674,2026-04-12 23:48:58.283920,completed
3906,740,2026-03-16 23:48:58.283920,completed
3907,969,2026-03-25 23:48:58.283920,completed
3908,891,2026-04-01 23:48:58.283920,cancelled
3909,619,2026-04-20 23:48:58.283920,completed
3910,837,2026-05-18 23:48:58.283920,completed
3911,333,2026-07-02 23:48:58.283920,completed
3912,596,2026-03-31 23:48:58.283920,completed
3913,160,2026-05-17 23:48:58.283920,completed
3914,748,2026-05-20 23:48:58.283920,completed
3915,152,2026-05-09 23:48:58.283920,completed
3916,508,2026-07-24 23:48:58.283920,completed
3917,190,2026-07-25 23:48:58.283920,completed
3918,584,2026-05-06 23:48:58.283920,cancelled
3919,185,2026-03-27 23:48:58.283920,completed
3920,22,2026-06-21 23:48:58.283920,completed
3921,907,2026-07-25 23:48:58.283920,completed
3922,704,2026-04-06 23:48:58.283920,completed
3923,72,2026-08-03 23:48:58.283920,completed
3924,437,2026-07-08 23:48:58.283920,completed
3925,931,2026-03-27 23:48:58.283920,completed
3926,103,2026-04-27 23:48:58.283920,completed
3927,745,2026-09-05 23:48:58.283920,processing
3928,103,2026-06-04 23:48:58.283920,completed
3929,22,2026-08-11 23:48:58.283920,completed
3930,782,2026-03-28 23:48:58.283920,completed
3931,136,2026-07-07 23:48:58.283920,completed
3932,275,2026-08-03 23:48:58.283920,cancelled
3933,615,2026-09-05 23:48:58.283920,completed
3934,981,2026-08-12 23:48:58.283920,processing
3935,754,2026-06-14 23:48:58.283920,cancelled
3936,88,2026-07-19 23:48:58.283920,completed
3937,492,2026-04-17 23:48:58.283920,completed
3938,836,2026-07-29 23:48:58.283920,completed
3939,340,2026-05-09 23:48:58.283920,completed
3940,250,2026-08-25 23:48:58.283920,processing
3941,709,2026-07-02 23:48:58.283920,cancelled
3942,557,2026-08-08 23:48:58.283920,completed
3943,845,2026-08-28 23:48:58.283920,completed
3944,558,2026-06-25 23:48:58.283920,completed
3945,524,2026-05-25 23:48:58.283920,completed
3946,2,2026-07-13 23:48:58.283920,completed
3947,233,2026-05-22 23:48:58.283920,completed
3948,151,2026-06-10 23:48:58.283920,cancelled
3949,294,2026-07-13 23:48:58.283920,cancelled
3950,394,2026-03-17 23:48:58.283920,cancelled
3951,843,2026-08-11 23:48:58.283920,completed
3952,174,2026-08-11 23:48:58.283920,completed
3953,105,2026-06-28 23:48:58.283920,completed
3954,79,2026-04-04 23:48:58.283920,completed
3955,122,2026-06-08 23:48:58.283920,completed
3956,918,2026-08-28 23:48:58.283920,processing
3957,155,2026-07-25 23:48:58.283920,completed
3958,544,2026-06-15 23:48:58.283920,processing
3959,186,2026-03-19 23:48:58.283920,completed
3960,154,2026-03-22 23:48:58.283920,cancelled
3961,309,2026-04-02 23:48:58.283920,completed
3962,357,2026-08-13 23:48:58.283920,completed
3963,939,2026-05-04 23:48:58.283920,cancelled
3964,378,2026-07-03 23:48:58.283920,cancelled
3965,818,2026-08-20 23:48:58.283920,completed
3966,883,2026-08-01 23:48:58.283920,cancelled
3967,151,2026-06-19 23:48:58.283920,completed
3968,400,2026-05-17 23:48:58.283920,cancelled
3969,816,2026-05-09 23:48:58.283920,completed
3970,116,2026-04-14 23:48:58.283920,completed
3971,983,2026-06-29 23:48:58.283920,completed
3972,93,2026-06-18 23:48:58.283920,completed
3973,187,2026-06-02 23:48:58.283920,completed
3974,327,2026-05-05 23:48:58.283920,completed
3975,493,2026-03-15 23:48:58.283920,completed
3976,617,2026-03-30 23:48:58.283920,completed
3977,142,2026-03-25 23:48:58.283920,completed
3978,393,2026-05-24 23:48:58.283920,processing
3979,510,2026-04-24 23:48:58.283920,processing
3980,505,2026-04-25 23:48:58.283920,processing
3981,842,2026-07-12 23:48:58.283920,completed
3982,86,2026-04-13 23:48:58.283920,cancelled
3983,432,2026-04-27 23:48:58.283920,processing
3984,796,2026-03-15 23:48:58.283920,cancelled
3985,225,2026-03-13 23:48:58.283920,completed
3986,241,2026-06-08 23:48:58.283920,completed
3987,209,2026-09-04 23:48:58.283920,completed
3988,572,2026-05-10 23:48:58.283920,completed
3989,944,2026-08-11 23:48:58.283920,completed
3990,934,2026-06-11 23:48:58.283920,completed
3991,870,2026-08-04 23:48:58.283920,completed
3992,472,2026-08-03 23:48:58.283920,processing
3993,996,2026-05-24 23:48:58.283920,completed
3994,216,2026-07-13 23:48:58.283920,completed
3995,765,2026-08-04 23:48:58.283920,completed
3996,986,2026-03-14 23:48:58.283920,cancelled
3997,147,2026-06-04 23:48:58.283920,cancelled
3998,27,2026-03-14 23:48:58.283920,completed
3999,381,2026-08-26 23:48:58.283920,cancelled
4000,109,2026-03-23 23:48:58.283920,processing
4001,76,2026-05-09 23:48:58.283920,processing
4002,892,2026-07-30 23:48:58.283920,completed
4003,151,2026-06-07 23:48:58.283920,completed
4004,81,2026-07-08 23:48:58.283920,completed
4005,13,2026-04-16 23:48:58.283920,completed
4006,154,2026-07-24 23:48:58.283920,completed
4007,762,2026-08-04 23:48:58.283920,cancelled
4008,541,2026-03-14 23:48:58.283920,completed
4009,482,2026-05-26 23:48:58.283920,cancelled
4010,346,2026-05-18 23:48:58.283920,cancelled
4011,712,2026-09-05 23:48:58.283920,completed
4012,114,2026-07-31 23:48:58.283920,completed
4013,903,2026-03-28 23:48:58.283920,completed
4014,619,2026-07-26 23:48:58.283920,processing
4015,165,2026-09-06 23:48:58.283920,completed
4016,853,2026-05-23 23:48:58.283920,cancelled
4017,971,2026-05-15 23:48:58.283920,processing
4018,729,2026-07-04 23:48:58.283920,processing
4019,514,2026-06-22 23:48:58.283920,cancelled
4020,233,2026-05-23 23:48:58.283920,completed
4021,279,2026-08-16 23:48:58.283920,processing
4022,387,2026-08-07 23:48:58.283920,cancelled
4023,217,2026-05-29 23:48:58.283920,processing
4024,58,2026-07-14 23:48:58.283920,completed
4025,189,2026-04-18 23:48:58.283920,processing
4026,862,2026-08-20 23:48:58.283920,cancelled
4027,480,2026-05-09 23:48:58.283920,completed
4028,669,2026-03-28 23:48:58.283920,completed
4029,848,2026-06-03 23:48:58.283920,completed
4030,56,2026-06-05 23:48:58.283920,cancelled
4031,435,2026-07-21 23:48:58.283920,completed
4032,112,2026-08-13 23:48:58.283920,completed
4033,372,2026-04-07 23:48:58.283920,completed
4034,29,2026-07-09 23:48:58.283920,completed
4035,167,2026-04-23 23:48:58.283920,completed
4036,67,2026-07-16 23:48:58.283920,processing
4037,12,2026-06-21 23:48:58.283920,completed
4038,565,2026-07-19 23:48:58.283920,cancelled
4039,952,2026-08-31 23:48:58.283920,completed
4040,276,2026-08-18 23:48:58.283920,processing
4041,579,2026-08-28 23:48:58.283920,processing
4042,810,2026-05-08 23:48:58.283920,completed
4043,50,2026-06-20 23:48:58.283920,completed
4044,967,2026-06-21 23:48:58.283920,completed
4045,366,2026-06-28 23:48:58.283920,completed
4046,513,2026-07-21 23:48:58.283920,completed
4047,770,2026-05-31 23:48:58.283920,cancelled
4048,365,2026-08-06 23:48:58.283920,cancelled
4049,691,2026-08-15 23:48:58.283920,completed
4050,418,2026-05-03 23:48:58.283920,completed
4051,515,2026-08-01 23:48:58.283920,completed
4052,602,2026-06-03 23:48:58.283920,completed
4053,601,2026-08-30 23:48:58.283920,completed
4054,166,2026-08-01 23:48:58.283920,cancelled
4055,475,2026-08-19 23:48:58.283920,cancelled
4056,96,2026-07-11 23:48:58.283920,completed
4057,827,2026-03-18 23:48:58.283920,cancelled
4058,145,2026-07-29 23:48:58.283920,processing
4059,529,2026-04-06 23:48:58.283920,cancelled
4060,536,2026-06-13 23:48:58.283920,completed
4061,805,2026-08-06 23:48:58.283920,completed
4062,298,2026-06-08 23:48:58.283920,processing
4063,877,2026-05-21 23:48:58.283920,completed
4064,913,2026-03-18 23:48:58.283920,completed
4065,245,2026-07-17 23:48:58.283920,processing
4066,622,2026-08-20 23:48:58.283920,completed
4067,581,2026-04-01 23:48:58.283920,completed
4068,100,2026-09-05 23:48:58.283920,completed
4069,785,2026-06-21 23:48:58.283920,processing
4070,889,2026-08-17 23:48:58.283920,completed
4071,97,2026-05-15 23:48:58.283920,completed
4072,174,2026-06-25 23:48:58.283920,completed
4073,70,2026-06-29 23:48:58.283920,processing
4074,373,2026-06-10 23:48:58.283920,completed
4075,73,2026-07-25 23:48:58.283920,cancelled
4076,791,2026-05-14 23:48:58.283920,completed
4077,485,2026-07-05 23:48:58.283920,completed
4078,666,2026-08-04 23:48:58.283920,completed
4079,996,2026-04-16 23:48:58.283920,completed
4080,41,2026-06-07 23:48:58.283920,completed
4081,411,2026-05-27 23:48:58.283920,processing
4082,940,2026-03-18 23:48:58.283920,completed
4083,452,2026-06-07 23:48:58.283920,processing
4084,866,2026-04-02 23:48:58.283920,completed
4085,383,2026-08-18 23:48:58.283920,cancelled
4086,424,2026-05-02 23:48:58.283920,completed
4087,270,2026-03-18 23:48:58.283920,completed
4088,636,2026-03-28 23:48:58.283920,completed
4089,759,2026-07-08 23:48:58.283920,cancelled
4090,841,2026-04-18 23:48:58.283920,completed
4091,159,2026-08-13 23:48:58.283920,completed
4092,385,2026-07-30 23:48:58.283920,processing
4093,409,2026-08-21 23:48:58.283920,completed
4094,398,2026-05-13 23:48:58.283920,cancelled
4095,96,2026-06-11 23:48:58.283920,completed
4096,480,2026-03-28 23:48:58.283920,processing
4097,922,2026-05-12 23:48:58.283920,completed
4098,88,2026-07-24 23:48:58.283920,cancelled
4099,111,2026-05-30 23:48:58.283920,completed
4100,205,2026-05-29 23:48:58.283920,completed
4101,67,2026-06-19 23:48:58.283920,completed
4102,619,2026-05-07 23:48:58.283920,completed
4103,720,2026-05-10 23:48:58.283920,completed
4104,286,2026-05-15 23:48:58.283920,completed
4105,559,2026-07-31 23:48:58.283920,completed
4106,150,2026-03-29 23:48:58.283920,completed
4107,328,2026-04-16 23:48:58.283920,completed
4108,616,2026-06-03 23:48:58.283920,completed
4109,959,2026-06-08 23:48:58.283920,completed
4110,485,2026-07-16 23:48:58.283920,completed
4111,217,2026-09-03 23:48:58.283920,cancelled
4112,434,2026-07-01 23:48:58.283920,completed
4113,651,2026-07-25 23:48:58.283920,completed
4114,146,2026-08-22 23:48:58.283920,completed
4115,415,2026-08-19 23:48:58.283920,completed
4116,895,2026-05-16 23:48:58.283920,completed
4117,538,2026-07-16 23:48:58.283920,cancelled
4118,915,2026-07-04 23:48:58.283920,completed
4119,851,2026-08-26 23:48:58.283920,completed
4120,917,2026-05-22 23:48:58.283920,completed
4121,987,2026-06-24 23:48:58.283920,completed
4122,204,2026-06-11 23:48:58.283920,completed
4123,494,2026-05-10 23:48:58.283920,processing
4124,706,2026-07-29 23:48:58.283920,cancelled
4125,448,2026-06-10 23:48:58.283920,cancelled
4126,585,2026-06-01 23:48:58.283920,completed
4127,575,2026-04-09 23:48:58.283920,completed
4128,80,2026-03-22 23:48:58.283920,processing
4129,632,2026-08-02 23:48:58.283920,completed
4130,681,2026-06-19 23:48:58.283920,completed
4131,155,2026-05-14 23:48:58.283920,completed
4132,512,2026-06-19 23:48:58.283920,completed
4133,812,2026-03-20 23:48:58.283920,completed
4134,270,2026-04-28 23:48:58.283920,cancelled
4135,4,2026-05-16 23:48:58.283920,completed
4136,650,2026-05-16 23:48:58.283920,cancelled
4137,993,2026-04-13 23:48:58.283920,completed
4138,38,2026-07-15 23:48:58.283920,cancelled
4139,193,2026-05-24 23:48:58.283920,cancelled
4140,560,2026-07-28 23:48:58.283920,processing
4141,387,2026-07-15 23:48:58.283920,completed
4142,215,2026-07-22 23:48:58.283920,cancelled
4143,591,2026-09-05 23:48:58.283920,completed
4144,834,2026-06-07 23:48:58.283920,completed
4145,310,2026-06-22 23:48:58.283920,processing
4146,839,2026-08-08 23:48:58.283920,cancelled
4147,512,2026-03-26 23:48:58.283920,completed
4148,424,2026-05-26 23:48:58.283920,completed
4149,361,2026-04-23 23:48:58.283920,completed
4150,536,2026-06-15 23:48:58.283920,completed
4151,949,2026-07-25 23:48:58.283920,completed
4152,439,2026-06-05 23:48:58.283920,completed
4153,567,2026-04-09 23:48:58.283920,completed
4154,556,2026-05-20 23:48:58.283920,completed
4155,292,2026-03-24 23:48:58.283920,cancelled
4156,697,2026-05-20 23:48:58.283920,cancelled
4157,291,2026-03-13 23:48:58.283920,processing
4158,961,2026-08-14 23:48:58.283920,completed
4159,826,2026-08-13 23:48:58.283920,completed
4160,666,2026-09-04 23:48:58.283920,processing
4161,955,2026-05-26 23:48:58.283920,completed
4162,509,2026-04-02 23:48:58.283920,processing
4163,103,2026-03-30 23:48:58.283920,completed
4164,516,2026-04-13 23:48:58.283920,completed
4165,684,2026-06-26 23:48:58.283920,completed
4166,217,2026-07-13 23:48:58.283920,completed
4167,565,2026-06-03 23:48:58.283920,completed
4168,201,2026-05-11 23:48:58.283920,completed
4169,360,2026-05-13 23:48:58.283920,completed
4170,930,2026-03-27 23:48:58.283920,cancelled
4171,804,2026-05-30 23:48:58.283920,completed
4172,963,2026-06-05 23:48:58.283920,completed
4173,520,2026-06-28 23:48:58.283920,completed
4174,901,2026-03-24 23:48:58.283920,completed
4175,315,2026-05-25 23:48:58.283920,cancelled
4176,248,2026-09-07 23:48:58.283920,completed
4177,34,2026-09-05 23:48:58.283920,completed
4178,158,2026-06-05 23:48:58.283920,processing
4179,840,2026-04-08 23:48:58.283920,completed
4180,344,2026-07-27 23:48:58.283920,processing
4181,441,2026-07-09 23:48:58.283920,processing
4182,997,2026-05-31 23:48:58.283920,completed
4183,632,2026-03-28 23:48:58.283920,completed
4184,849,2026-08-26 23:48:58.283920,processing
4185,440,2026-08-07 23:48:58.283920,cancelled
4186,400,2026-07-26 23:48:58.283920,completed
4187,926,2026-06-19 23:48:58.283920,processing
4188,163,2026-05-20 23:48:58.283920,completed
4189,102,2026-08-07 23:48:58.283920,processing
4190,122,2026-03-31 23:48:58.283920,processing
4191,804,2026-05-31 23:48:58.283920,cancelled
4192,939,2026-07-04 23:48:58.283920,processing
4193,163,2026-06-18 23:48:58.283920,completed
4194,96,2026-08-16 23:48:58.284934,completed
4195,448,2026-09-06 23:48:58.284934,cancelled
4196,789,2026-04-10 23:48:58.284934,completed
4197,29,2026-04-03 23:48:58.284934,cancelled
4198,557,2026-08-19 23:48:58.284934,processing
4199,392,2026-09-02 23:48:58.284934,cancelled
4200,752,2026-08-06 23:48:58.284934,completed
4201,650,2026-03-31 23:48:58.284934,completed
4202,192,2026-07-09 23:48:58.284934,cancelled
4203,920,2026-07-14 23:48:58.284934,completed
4204,199,2026-04-24 23:48:58.284934,completed
4205,744,2026-06-04 23:48:58.284934,completed
4206,676,2026-08-26 23:48:58.284934,completed
4207,85,2026-08-03 23:48:58.284934,cancelled
4208,24,2026-03-29 23:48:58.284934,processing
4209,888,2026-08-13 23:48:58.284934,completed
4210,471,2026-04-09 23:48:58.284934,completed
4211,110,2026-08-03 23:48:58.284934,completed
4212,269,2026-07-24 23:48:58.284934,completed
4213,80,2026-05-05 23:48:58.284934,completed
4214,935,2026-07-17 23:48:58.284934,completed
4215,104,2026-05-06 23:48:58.284934,completed
4216,424,2026-08-21 23:48:58.284934,completed
4217,983,2026-04-01 23:48:58.284934,completed
4218,216,2026-03-17 23:48:58.284934,completed
4219,385,2026-06-20 23:48:58.284934,cancelled
4220,931,2026-05-16 23:48:58.284934,completed
4221,185,2026-06-24 23:48:58.284934,completed
4222,926,2026-07-25 23:48:58.284934,cancelled
4223,581,2026-03-31 23:48:58.284934,processing
4224,876,2026-08-31 23:48:58.284934,completed
4225,1000,2026-06-13 23:48:58.284934,completed
4226,496,2026-04-04 23:48:58.284934,processing
4227,560,2026-09-07 23:48:58.284934,completed
4228,535,2026-07-05 23:48:58.284934,completed
4229,198,2026-04-06 23:48:58.284934,completed
4230,549,2026-09-03 23:48:58.284934,processing
4231,525,2026-07-31 23:48:58.284934,completed
4232,888,2026-06-07 23:48:58.284934,completed
4233,921,2026-07-15 23:48:58.284934,completed
4234,336,2026-08-04 23:48:58.284934,completed
4235,86,2026-03-15 23:48:58.284934,completed
4236,275,2026-06-30 23:48:58.284934,completed
4237,205,2026-08-16 23:48:58.284934,completed
4238,726,2026-04-20 23:48:58.284934,cancelled
4239,302,2026-05-12 23:48:58.284934,cancelled
4240,829,2026-05-05 23:48:58.284934,completed
4241,525,2026-05-29 23:48:58.284934,completed
4242,257,2026-07-26 23:48:58.284934,completed
4243,704,2026-06-29 23:48:58.284934,completed
4244,106,2026-04-12 23:48:58.284934,processing
4245,320,2026-07-28 23:48:58.284934,completed
4246,977,2026-05-07 23:48:58.284934,completed
4247,905,2026-05-17 23:48:58.284934,completed
4248,611,2026-07-01 23:48:58.284934,completed
4249,638,2026-08-12 23:48:58.284934,processing
4250,393,2026-05-22 23:48:58.284934,completed
4251,581,2026-06-10 23:48:58.284934,completed
4252,920,2026-03-31 23:48:58.284934,completed
4253,461,2026-07-28 23:48:58.284934,completed
4254,982,2026-05-01 23:48:58.284934,completed
4255,601,2026-05-27 23:48:58.284934,completed
4256,619,2026-03-27 23:48:58.284934,processing
4257,361,2026-05-30 23:48:58.284934,completed
4258,118,2026-07-24 23:48:58.284934,completed
4259,440,2026-07-23 23:48:58.284934,completed
4260,252,2026-08-21 23:48:58.284934,completed
4261,673,2026-06-05 23:48:58.284934,completed
4262,149,2026-06-20 23:48:58.284934,completed
4263,10,2026-06-19 23:48:58.284934,cancelled
4264,12,2026-06-16 23:48:58.284934,completed
4265,477,2026-04-16 23:48:58.284934,completed
4266,921,2026-07-11 23:48:58.284934,processing
4267,68,2026-06-02 23:48:58.284934,completed
4268,617,2026-07-16 23:48:58.284934,processing
4269,223,2026-08-13 23:48:58.284934,processing
4270,285,2026-04-06 23:48:58.284934,cancelled
4271,77,2026-04-15 23:48:58.284934,cancelled
4272,432,2026-03-18 23:48:58.284934,completed
4273,326,2026-06-19 23:48:58.284934,completed
4274,202,2026-08-27 23:48:58.284934,completed
4275,511,2026-08-28 23:48:58.284934,completed
4276,432,2026-08-09 23:48:58.284934,completed
4277,464,2026-07-27 23:48:58.284934,processing
4278,335,2026-04-10 23:48:58.284934,completed
4279,243,2026-04-14 23:48:58.284934,completed
4280,292,2026-09-04 23:48:58.284934,cancelled
4281,803,2026-04-14 23:48:58.284934,completed
4282,934,2026-05-13 23:48:58.284934,completed
4283,135,2026-05-28 23:48:58.284934,completed
4284,918,2026-04-25 23:48:58.284934,processing
4285,41,2026-06-14 23:48:58.284934,cancelled
4286,17,2026-08-22 23:48:58.284934,completed
4287,98,2026-05-25 23:48:58.284934,cancelled
4288,309,2026-06-30 23:48:58.284934,completed
4289,772,2026-06-12 23:48:58.284934,completed
4290,82,2026-04-19 23:48:58.284934,completed
4291,506,2026-04-05 23:48:58.284934,completed
4292,403,2026-06-24 23:48:58.284934,cancelled
4293,466,2026-05-05 23:48:58.284934,cancelled
4294,991,2026-08-08 23:48:58.284934,completed
4295,961,2026-04-03 23:48:58.284934,completed
4296,30,2026-07-13 23:48:58.284934,completed
4297,846,2026-09-06 23:48:58.284934,completed
4298,108,2026-06-18 23:48:58.284934,cancelled
4299,742,2026-05-20 23:48:58.284934,completed
4300,175,2026-08-17 23:48:58.284934,completed
4301,742,2026-06-06 23:48:58.284934,processing
4302,6,2026-03-16 23:48:58.284934,completed
4303,266,2026-08-28 23:48:58.284934,completed
4304,50,2026-06-23 23:48:58.284934,completed
4305,271,2026-06-16 23:48:58.284934,cancelled
4306,628,2026-06-03 23:48:58.284934,completed
4307,716,2026-07-27 23:48:58.284934,completed
4308,598,2026-05-14 23:48:58.284934,completed
4309,130,2026-06-19 23:48:58.284934,completed
4310,772,2026-04-12 23:48:58.284934,completed
4311,653,2026-05-17 23:48:58.284934,cancelled
4312,126,2026-04-28 23:48:58.284934,processing
4313,247,2026-04-14 23:48:58.284934,completed
4314,678,2026-05-06 23:48:58.284934,completed
4315,330,2026-05-08 23:48:58.284934,completed
4316,95,2026-07-03 23:48:58.284934,completed
4317,729,2026-08-18 23:48:58.284934,completed
4318,572,2026-07-08 23:48:58.284934,cancelled
4319,663,2026-07-18 23:48:58.284934,cancelled
4320,80,2026-08-20 23:48:58.284934,completed
4321,62,2026-07-16 23:48:58.284934,completed
4322,687,2026-07-15 23:48:58.284934,completed
4323,839,2026-06-02 23:48:58.284934,completed
4324,500,2026-08-13 23:48:58.284934,completed
4325,214,2026-04-10 23:48:58.284934,processing
4326,527,2026-06-20 23:48:58.284934,completed
4327,726,2026-05-15 23:48:58.284934,cancelled
4328,158,2026-05-02 23:48:58.284934,completed
4329,937,2026-08-06 23:48:58.284934,completed
4330,939,2026-06-07 23:48:58.284934,completed
4331,999,2026-05-16 23:48:58.284934,processing
4332,526,2026-07-19 23:48:58.284934,completed
4333,193,2026-08-22 23:48:58.284934,completed
4334,434,2026-07-28 23:48:58.284934,cancelled
4335,315,2026-04-14 23:48:58.284934,cancelled
4336,105,2026-08-02 23:48:58.284934,completed
4337,898,2026-08-12 23:48:58.284934,cancelled
4338,113,2026-07-09 23:48:58.284934,completed
4339,916,2026-05-14 23:48:58.284934,completed
4340,274,2026-09-01 23:48:58.284934,completed
4341,678,2026-04-26 23:48:58.284934,completed
4342,361,2026-07-03 23:48:58.284934,completed
4343,950,2026-04-21 23:48:58.284934,completed
4344,363,2026-05-21 23:48:58.284934,completed
4345,155,2026-05-30 23:48:58.284934,processing
4346,442,2026-05-01 23:48:58.284934,completed
4347,55,2026-05-19 23:48:58.284934,completed
4348,379,2026-08-14 23:48:58.284934,completed
4349,665,2026-06-03 23:48:58.284934,cancelled
4350,951,2026-05-23 23:48:58.284934,completed
4351,302,2026-07-22 23:48:58.284934,completed
4352,181,2026-04-09 23:48:58.284934,completed
4353,543,2026-04-06 23:48:58.284934,completed
4354,532,2026-05-21 23:48:58.284934,completed
4355,698,2026-08-27 23:48:58.284934,cancelled
4356,255,2026-08-11 23:48:58.284934,completed
4357,118,2026-08-26 23:48:58.284934,completed
4358,590,2026-07-02 23:48:58.284934,completed
4359,68,2026-04-25 23:48:58.284934,completed
4360,283,2026-07-13 23:48:58.284934,processing
4361,717,2026-05-28 23:48:58.284934,completed
4362,403,2026-08-14 23:48:58.284934,completed
4363,752,2026-03-15 23:48:58.284934,completed
4364,508,2026-07-18 23:48:58.284934,completed
4365,805,2026-07-18 23:48:58.284934,completed
4366,653,2026-06-27 23:48:58.284934,cancelled
4367,611,2026-06-27 23:48:58.284934,cancelled
4368,4,2026-08-15 23:48:58.284934,completed
4369,516,2026-03-13 23:48:58.284934,processing
4370,489,2026-06-22 23:48:58.284934,cancelled
4371,245,2026-07-27 23:48:58.284934,completed
4372,698,2026-08-22 23:48:58.284934,completed
4373,192,2026-06-15 23:48:58.284934,completed
4374,146,2026-09-05 23:48:58.284934,cancelled
4375,486,2026-05-22 23:48:58.284934,completed
4376,22,2026-07-25 23:48:58.284934,completed
4377,903,2026-08-20 23:48:58.284934,completed
4378,696,2026-09-06 23:48:58.284934,processing
4379,361,2026-05-10 23:48:58.284934,processing
4380,2,2026-05-06 23:48:58.284934,completed
4381,484,2026-08-11 23:48:58.284934,completed
4382,839,2026-09-04 23:48:58.284934,processing
4383,697,2026-06-26 23:48:58.284934,completed
4384,538,2026-05-03 23:48:58.284934,completed
4385,774,2026-08-02 23:48:58.284934,completed
4386,103,2026-06-23 23:48:58.284934,cancelled
4387,344,2026-05-16 23:48:58.284934,completed
4388,753,2026-06-11 23:48:58.284934,processing
4389,264,2026-03-23 23:48:58.284934,completed
4390,260,2026-06-07 23:48:58.284934,completed
4391,14,2026-06-10 23:48:58.284934,completed
4392,728,2026-06-15 23:48:58.284934,processing
4393,794,2026-03-23 23:48:58.284934,processing
4394,496,2026-08-11 23:48:58.284934,completed
4395,703,2026-04-29 23:48:58.284934,cancelled
4396,656,2026-09-03 23:48:58.284934,completed
4397,421,2026-07-14 23:48:58.284934,cancelled
4398,146,2026-06-09 23:48:58.284934,completed
4399,32,2026-07-08 23:48:58.284934,processing
4400,759,2026-03-14 23:48:58.284934,completed
4401,369,2026-07-18 23:48:58.284934,cancelled
4402,92,2026-07-21 23:48:58.284934,completed
4403,655,2026-08-12 23:48:58.284934,completed
4404,899,2026-04-01 23:48:58.284934,cancelled
4405,558,2026-05-16 23:48:58.284934,processing
4406,180,2026-07-03 23:48:58.284934,cancelled
4407,358,2026-06-16 23:48:58.284934,completed
4408,604,2026-05-25 23:48:58.284934,completed
4409,317,2026-07-22 23:48:58.284934,completed
4410,594,2026-04-28 23:48:58.284934,cancelled
4411,352,2026-04-05 23:48:58.284934,completed
4412,444,2026-05-15 23:48:58.284934,processing
4413,992,2026-06-12 23:48:58.284934,completed
4414,113,2026-09-06 23:48:58.284934,completed
4415,950,2026-03-17 23:48:58.284934,completed
4416,478,2026-03-18 23:48:58.284934,completed
4417,536,2026-06-26 23:48:58.284934,processing
4418,572,2026-03-22 23:48:58.284934,completed
4419,311,2026-05-07 23:48:58.284934,completed
4420,67,2026-06-25 23:48:58.284934,completed
4421,465,2026-08-29 23:48:58.284934,completed
4422,290,2026-04-10 23:48:58.284934,completed
4423,55,2026-05-06 23:48:58.284934,completed
4424,6,2026-05-21 23:48:58.284934,completed
4425,677,2026-09-08 23:48:58.284934,completed
4426,258,2026-08-04 23:48:58.284934,completed
4427,900,2026-06-28 23:48:58.284934,processing
4428,682,2026-04-18 23:48:58.284934,completed
4429,977,2026-08-17 23:48:58.284934,cancelled
4430,278,2026-08-03 23:48:58.284934,cancelled
4431,202,2026-05-21 23:48:58.284934,processing
4432,941,2026-08-19 23:48:58.284934,completed
4433,225,2026-08-31 23:48:58.284934,completed
4434,956,2026-06-10 23:48:58.284934,completed
4435,832,2026-03-19 23:48:58.284934,cancelled
4436,396,2026-05-23 23:48:58.284934,completed
4437,991,2026-08-14 23:48:58.284934,completed
4438,943,2026-06-23 23:48:58.284934,processing
4439,319,2026-07-26 23:48:58.284934,processing
4440,447,2026-03-19 23:48:58.284934,completed
4441,824,2026-04-13 23:48:58.284934,completed
4442,700,2026-07-19 23:48:58.284934,completed
4443,139,2026-05-25 23:48:58.284934,processing
4444,205,2026-06-23 23:48:58.284934,completed
4445,88,2026-06-24 23:48:58.284934,processing
4446,950,2026-04-01 23:48:58.284934,completed
4447,559,2026-07-24 23:48:58.284934,completed
4448,802,2026-05-20 23:48:58.284934,completed
4449,142,2026-04-27 23:48:58.284934,completed
4450,711,2026-06-20 23:48:58.284934,processing
4451,958,2026-03-17 23:48:58.284934,cancelled
4452,367,2026-05-12 23:48:58.284934,completed
4453,438,2026-05-12 23:48:58.284934,completed
4454,985,2026-05-26 23:48:58.284934,completed
4455,29,2026-04-18 23:48:58.284934,completed
4456,981,2026-05-24 23:48:58.284934,completed
4457,774,2026-08-04 23:48:58.284934,processing
4458,929,2026-06-23 23:48:58.284934,completed
4459,595,2026-04-30 23:48:58.284934,completed
4460,131,2026-04-03 23:48:58.284934,processing
4461,922,2026-04-17 23:48:58.284934,completed
4462,55,2026-05-31 23:48:58.284934,completed
4463,413,2026-03-21 23:48:58.284934,completed
4464,474,2026-04-29 23:48:58.284934,completed
4465,860,2026-08-26 23:48:58.284934,completed
4466,57,2026-07-01 23:48:58.284934,cancelled
4467,110,2026-06-15 23:48:58.284934,processing
4468,100,2026-06-26 23:48:58.284934,processing
4469,494,2026-03-16 23:48:58.284934,completed
4470,886,2026-08-24 23:48:58.284934,completed
4471,759,2026-04-12 23:48:58.284934,cancelled
4472,524,2026-08-26 23:48:58.284934,cancelled
4473,210,2026-04-29 23:48:58.284934,completed
4474,576,2026-05-05 23:48:58.284934,completed
4475,229,2026-03-20 23:48:58.284934,cancelled
4476,873,2026-07-31 23:48:58.284934,completed
4477,644,2026-06-21 23:48:58.284934,cancelled
4478,960,2026-09-07 23:48:58.284934,completed
4479,639,2026-03-16 23:48:58.284934,completed
4480,118,2026-08-22 23:48:58.284934,completed
4481,157,2026-04-07 23:48:58.284934,completed
4482,533,2026-08-15 23:48:58.284934,completed
4483,210,2026-08-13 23:48:58.284934,completed
4484,26,2026-05-02 23:48:58.284934,completed
4485,401,2026-08-25 23:48:58.284934,completed
4486,308,2026-05-28 23:48:58.284934,completed
4487,189,2026-07-10 23:48:58.284934,processing
4488,267,2026-04-05 23:48:58.284934,cancelled
4489,450,2026-03-24 23:48:58.284934,processing
4490,127,2026-05-21 23:48:58.284934,completed
4491,652,2026-09-03 23:48:58.284934,completed
4492,146,2026-03-24 23:48:58.284934,completed
4493,175,2026-05-01 23:48:58.284934,cancelled
4494,717,2026-04-22 23:48:58.284934,completed
4495,488,2026-05-09 23:48:58.284934,completed
4496,297,2026-03-22 23:48:58.284934,completed
4497,983,2026-04-11 23:48:58.284934,completed
4498,377,2026-03-22 23:48:58.284934,completed
4499,401,2026-06-02 23:48:58.284934,cancelled
4500,820,2026-08-12 23:48:58.284934,completed
4501,427,2026-05-23 23:48:58.284934,completed
4502,29,2026-06-28 23:48:58.284934,completed
4503,124,2026-04-17 23:48:58.284934,completed
4504,12,2026-04-13 23:48:58.284934,completed
4505,35,2026-03-27 23:48:58.284934,cancelled
4506,915,2026-03-24 23:48:58.284934,processing
4507,456,2026-08-29 23:48:58.284934,completed
4508,986,2026-08-04 23:48:58.284934,completed
4509,904,2026-05-14 23:48:58.284934,completed
4510,10,2026-07-30 23:48:58.284934,completed
4511,513,2026-05-03 23:48:58.284934,completed
4512,358,2026-03-12 23:48:58.284934,processing
4513,400,2026-04-30 23:48:58.284934,completed
4514,179,2026-03-25 23:48:58.284934,completed
4515,361,2026-03-25 23:48:58.284934,cancelled
4516,577,2026-06-14 23:48:58.284934,completed
4517,733,2026-08-04 23:48:58.284934,completed
4518,804,2026-03-24 23:48:58.284934,completed
4519,946,2026-05-31 23:48:58.284934,completed
4520,939,2026-03-27 23:48:58.284934,completed
4521,386,2026-05-11 23:48:58.284934,processing
4522,675,2026-07-24 23:48:58.284934,processing
4523,726,2026-05-02 23:48:58.284934,cancelled
4524,539,2026-07-04 23:48:58.284934,completed
4525,715,2026-06-18 23:48:58.284934,processing
4526,979,2026-04-13 23:48:58.284934,completed
4527,599,2026-04-03 23:48:58.284934,completed
4528,70,2026-08-28 23:48:58.284934,completed
4529,873,2026-07-30 23:48:58.284934,completed
4530,99,2026-03-22 23:48:58.284934,completed
4531,512,2026-03-19 23:48:58.284934,completed
4532,332,2026-07-11 23:48:58.284934,cancelled
4533,815,2026-07-10 23:48:58.284934,completed
4534,922,2026-07-26 23:48:58.284934,cancelled
4535,914,2026-06-02 23:48:58.284934,completed
4536,945,2026-08-23 23:48:58.284934,completed
4537,627,2026-07-06 23:48:58.284934,completed
4538,39,2026-08-21 23:48:58.284934,completed
4539,782,2026-06-05 23:48:58.284934,processing
4540,647,2026-09-01 23:48:58.284934,completed
4541,329,2026-08-12 23:48:58.284934,cancelled
4542,461,2026-06-04 23:48:58.284934,completed
4543,653,2026-04-15 23:48:58.284934,processing
4544,205,2026-07-20 23:48:58.284934,completed
4545,503,2026-05-19 23:48:58.284934,cancelled
4546,293,2026-07-13 23:48:58.284934,completed
4547,760,2026-07-29 23:48:58.284934,completed
4548,834,2026-04-26 23:48:58.284934,completed
4549,89,2026-04-12 23:48:58.284934,completed
4550,645,2026-03-21 23:48:58.284934,completed
4551,209,2026-08-31 23:48:58.284934,completed
4552,915,2026-09-07 23:48:58.284934,completed
4553,793,2026-05-27 23:48:58.284934,processing
4554,560,2026-08-21 23:48:58.284934,completed
4555,190,2026-03-18 23:48:58.284934,cancelled
4556,981,2026-03-28 23:48:58.284934,processing
4557,509,2026-07-22 23:48:58.284934,completed
4558,585,2026-05-10 23:48:58.284934,processing
4559,361,2026-06-09 23:48:58.284934,processing
4560,922,2026-04-18 23:48:58.284934,completed
4561,821,2026-08-22 23:48:58.284934,completed
4562,438,2026-04-01 23:48:58.284934,completed
4563,895,2026-08-21 23:48:58.284934,processing
4564,81,2026-08-07 23:48:58.284934,processing
4565,306,2026-08-14 23:48:58.284934,completed
4566,511,2026-07-11 23:48:58.284934,completed
4567,616,2026-04-23 23:48:58.284934,completed
4568,24,2026-07-13 23:48:58.284934,completed
4569,945,2026-07-06 23:48:58.284934,completed
4570,721,2026-06-09 23:48:58.284934,completed
4571,894,2026-07-30 23:48:58.284934,completed
4572,77,2026-04-25 23:48:58.284934,processing
4573,248,2026-04-29 23:48:58.284934,processing
4574,513,2026-06-21 23:48:58.284934,completed
4575,634,2026-08-25 23:48:58.284934,processing
4576,715,2026-08-11 23:48:58.284934,processing
4577,483,2026-07-03 23:48:58.284934,cancelled
4578,31,2026-08-31 23:48:58.284934,completed
4579,432,2026-07-04 23:48:58.284934,completed
4580,343,2026-08-24 23:48:58.284934,completed
4581,210,2026-04-21 23:48:58.284934,cancelled
4582,338,2026-03-23 23:48:58.284934,completed
4583,242,2026-05-05 23:48:58.284934,completed
4584,825,2026-04-17 23:48:58.284934,processing
4585,720,2026-08-30 23:48:58.284934,completed
4586,73,2026-05-25 23:48:58.284934,processing
4587,758,2026-04-05 23:48:58.284934,completed
4588,909,2026-04-20 23:48:58.284934,completed
4589,970,2026-08-06 23:48:58.284934,completed
4590,741,2026-08-29 23:48:58.284934,completed
4591,37,2026-05-04 23:48:58.284934,processing
4592,231,2026-03-26 23:48:58.284934,completed
4593,442,2026-05-09 23:48:58.284934,completed
4594,801,2026-07-12 23:48:58.284934,completed
4595,954,2026-08-25 23:48:58.284934,completed
4596,793,2026-07-20 23:48:58.284934,processing
4597,623,2026-06-03 23:48:58.284934,cancelled
4598,701,2026-09-04 23:48:58.284934,processing
4599,494,2026-08-26 23:48:58.284934,completed
4600,785,2026-06-04 23:48:58.284934,cancelled
4601,129,2026-05-21 23:48:58.284934,cancelled
4602,438,2026-04-21 23:48:58.285929,completed
4603,119,2026-05-19 23:48:58.285929,completed
4604,919,2026-04-04 23:48:58.285929,completed
4605,361,2026-07-21 23:48:58.285929,completed
4606,448,2026-08-25 23:48:58.285929,completed
4607,238,2026-08-16 23:48:58.285929,processing
4608,11,2026-07-12 23:48:58.285929,completed
4609,766,2026-04-24 23:48:58.285929,processing
4610,47,2026-09-05 23:48:58.285929,cancelled
4611,256,2026-08-25 23:48:58.285929,completed
4612,59,2026-08-07 23:48:58.285929,completed
4613,185,2026-06-28 23:48:58.285929,completed
4614,322,2026-06-11 23:48:58.285929,processing
4615,671,2026-07-08 23:48:58.285929,completed
4616,133,2026-04-06 23:48:58.285929,completed
4617,491,2026-03-24 23:48:58.285929,completed
4618,673,2026-08-20 23:48:58.285929,completed
4619,257,2026-04-22 23:48:58.285929,completed
4620,507,2026-03-12 23:48:58.285929,cancelled
4621,833,2026-06-09 23:48:58.285929,completed
4622,455,2026-06-23 23:48:58.285929,completed
4623,799,2026-04-20 23:48:58.285929,completed
4624,890,2026-03-25 23:48:58.285929,completed
4625,540,2026-07-02 23:48:58.285929,completed
4626,715,2026-04-23 23:48:58.285929,processing
4627,107,2026-08-26 23:48:58.285929,completed
4628,923,2026-05-26 23:48:58.285929,cancelled
4629,974,2026-04-02 23:48:58.285929,completed
4630,287,2026-08-19 23:48:58.285929,completed
4631,934,2026-08-04 23:48:58.285929,processing
4632,237,2026-06-22 23:48:58.285929,cancelled
4633,567,2026-07-17 23:48:58.285929,completed
4634,382,2026-08-03 23:48:58.285929,completed
4635,241,2026-03-14 23:48:58.285929,completed
4636,666,2026-05-15 23:48:58.285929,completed
4637,22,2026-05-04 23:48:58.285929,completed
4638,277,2026-06-29 23:48:58.285929,processing
4639,394,2026-06-24 23:48:58.285929,completed
4640,62,2026-06-29 23:48:58.285929,processing
4641,394,2026-05-05 23:48:58.285929,completed
4642,884,2026-06-03 23:48:58.285929,completed
4643,455,2026-08-28 23:48:58.285929,completed
4644,211,2026-06-03 23:48:58.285929,completed
4645,676,2026-05-21 23:48:58.285929,processing
4646,54,2026-03-23 23:48:58.285929,completed
4647,33,2026-04-23 23:48:58.285929,completed
4648,960,2026-09-02 23:48:58.285929,processing
4649,773,2026-06-14 23:48:58.285929,completed
4650,830,2026-04-10 23:48:58.285929,completed
4651,776,2026-09-01 23:48:58.285929,completed
4652,744,2026-04-02 23:48:58.285929,completed
4653,887,2026-05-22 23:48:58.285929,cancelled
4654,951,2026-08-25 23:48:58.285929,completed
4655,567,2026-06-01 23:48:58.285929,cancelled
4656,955,2026-03-19 23:48:58.285929,completed
4657,880,2026-04-25 23:48:58.285929,completed
4658,435,2026-04-15 23:48:58.285929,cancelled
4659,582,2026-04-29 23:48:58.285929,completed
4660,167,2026-06-03 23:48:58.285929,completed
4661,764,2026-07-10 23:48:58.285929,completed
4662,930,2026-09-05 23:48:58.285929,completed
4663,819,2026-03-18 23:48:58.285929,completed
4664,88,2026-07-07 23:48:58.285929,processing
4665,303,2026-06-14 23:48:58.285929,processing
4666,405,2026-08-30 23:48:58.285929,processing
4667,281,2026-06-08 23:48:58.285929,completed
4668,676,2026-07-06 23:48:58.285929,cancelled
4669,830,2026-04-06 23:48:58.285929,completed
4670,128,2026-06-22 23:48:58.285929,processing
4671,677,2026-06-18 23:48:58.285929,completed
4672,868,2026-07-25 23:48:58.285929,completed
4673,474,2026-09-04 23:48:58.285929,completed
4674,10,2026-05-12 23:48:58.285929,completed
4675,990,2026-06-09 23:48:58.285929,completed
4676,654,2026-04-19 23:48:58.285929,completed
4677,419,2026-08-25 23:48:58.285929,processing
4678,962,2026-08-19 23:48:58.285929,completed
4679,919,2026-04-05 23:48:58.285929,processing
4680,322,2026-08-23 23:48:58.285929,completed
4681,185,2026-07-04 23:48:58.285929,completed
4682,266,2026-05-05 23:48:58.285929,completed
4683,233,2026-03-31 23:48:58.285929,completed
4684,151,2026-04-03 23:48:58.285929,cancelled
4685,51,2026-07-11 23:48:58.285929,completed
4686,671,2026-08-30 23:48:58.285929,completed
4687,701,2026-05-02 23:48:58.285929,completed
4688,594,2026-06-19 23:48:58.285929,completed
4689,567,2026-07-12 23:48:58.285929,completed
4690,975,2026-07-04 23:48:58.285929,completed
4691,17,2026-03-19 23:48:58.285929,completed
4692,554,2026-08-28 23:48:58.285929,processing
4693,241,2026-06-11 23:48:58.285929,completed
4694,80,2026-05-02 23:48:58.285929,completed
4695,116,2026-05-01 23:48:58.285929,completed
4696,243,2026-07-18 23:48:58.285929,completed
4697,585,2026-06-05 23:48:58.285929,cancelled
4698,426,2026-08-21 23:48:58.285929,cancelled
4699,437,2026-06-28 23:48:58.285929,completed
4700,26,2026-06-17 23:48:58.285929,processing
4701,808,2026-06-08 23:48:58.285929,completed
4702,999,2026-05-27 23:48:58.285929,cancelled
4703,384,2026-05-11 23:48:58.285929,completed
4704,637,2026-09-01 23:48:58.285929,completed
4705,378,2026-08-28 23:48:58.285929,completed
4706,953,2026-08-01 23:48:58.285929,processing
4707,27,2026-08-12 23:48:58.285929,processing
4708,217,2026-06-20 23:48:58.285929,processing
4709,733,2026-05-01 23:48:58.285929,processing
4710,730,2026-06-12 23:48:58.285929,completed
4711,388,2026-04-12 23:48:58.285929,completed
4712,673,2026-08-01 23:48:58.285929,completed
4713,781,2026-03-26 23:48:58.285929,completed
4714,979,2026-08-20 23:48:58.285929,completed
4715,579,2026-05-03 23:48:58.285929,processing
4716,646,2026-04-21 23:48:58.285929,cancelled
4717,429,2026-04-24 23:48:58.285929,cancelled
4718,125,2026-04-26 23:48:58.285929,completed
4719,622,2026-05-11 23:48:58.285929,cancelled
4720,538,2026-04-28 23:48:58.285929,completed
4721,325,2026-07-02 23:48:58.285929,completed
4722,857,2026-04-14 23:48:58.285929,completed
4723,933,2026-07-08 23:48:58.285929,completed
4724,249,2026-06-08 23:48:58.285929,completed
4725,467,2026-06-20 23:48:58.285929,cancelled
4726,996,2026-08-10 23:48:58.285929,cancelled
4727,247,2026-05-18 23:48:58.285929,cancelled
4728,981,2026-05-27 23:48:58.285929,completed
4729,82,2026-06-10 23:48:58.285929,processing
4730,518,2026-08-20 23:48:58.285929,completed
4731,670,2026-05-08 23:48:58.285929,processing
4732,236,2026-05-17 23:48:58.285929,completed
4733,236,2026-04-16 23:48:58.285929,completed
4734,948,2026-04-24 23:48:58.285929,completed
4735,796,2026-05-27 23:48:58.285929,cancelled
4736,599,2026-03-22 23:48:58.285929,completed
4737,621,2026-07-04 23:48:58.285929,completed
4738,350,2026-06-20 23:48:58.285929,completed
4739,84,2026-05-27 23:48:58.285929,completed
4740,518,2026-08-02 23:48:58.285929,processing
4741,507,2026-03-31 23:48:58.285929,completed
4742,922,2026-07-24 23:48:58.285929,completed
4743,16,2026-07-28 23:48:58.285929,completed
4744,429,2026-07-03 23:48:58.285929,processing
4745,729,2026-05-11 23:48:58.285929,cancelled
4746,104,2026-08-07 23:48:58.285929,completed
4747,854,2026-05-21 23:48:58.285929,completed
4748,707,2026-07-28 23:48:58.285929,completed
4749,136,2026-04-30 23:48:58.285929,processing
4750,941,2026-06-01 23:48:58.285929,completed
4751,363,2026-08-07 23:48:58.285929,completed
4752,714,2026-04-19 23:48:58.285929,completed
4753,730,2026-06-25 23:48:58.285929,completed
4754,345,2026-06-14 23:48:58.285929,processing
4755,624,2026-04-04 23:48:58.285929,completed
4756,740,2026-08-28 23:48:58.285929,completed
4757,757,2026-06-10 23:48:58.285929,completed
4758,933,2026-05-27 23:48:58.285929,cancelled
4759,461,2026-05-20 23:48:58.285929,completed
4760,776,2026-05-09 23:48:58.285929,cancelled
4761,138,2026-07-24 23:48:58.285929,cancelled
4762,785,2026-04-11 23:48:58.285929,processing
4763,86,2026-08-01 23:48:58.285929,completed
4764,608,2026-04-10 23:48:58.285929,completed
4765,691,2026-03-26 23:48:58.285929,completed
4766,389,2026-06-18 23:48:58.285929,completed
4767,181,2026-05-01 23:48:58.285929,cancelled
4768,603,2026-06-29 23:48:58.285929,completed
4769,238,2026-06-24 23:48:58.285929,completed
4770,350,2026-08-27 23:48:58.285929,processing
4771,531,2026-04-27 23:48:58.285929,processing
4772,521,2026-05-22 23:48:58.285929,completed
4773,331,2026-06-02 23:48:58.285929,completed
4774,776,2026-07-25 23:48:58.285929,completed
4775,43,2026-07-17 23:48:58.285929,completed
4776,532,2026-06-29 23:48:58.285929,processing
4777,901,2026-04-04 23:48:58.285929,completed
4778,102,2026-06-12 23:48:58.285929,completed
4779,170,2026-08-09 23:48:58.285929,completed
4780,281,2026-05-07 23:48:58.285929,completed
4781,230,2026-07-27 23:48:58.285929,completed
4782,962,2026-07-04 23:48:58.285929,processing
4783,772,2026-08-12 23:48:58.285929,completed
4784,683,2026-06-29 23:48:58.285929,completed
4785,99,2026-07-18 23:48:58.285929,processing
4786,859,2026-05-01 23:48:58.285929,completed
4787,29,2026-04-08 23:48:58.285929,completed
4788,983,2026-04-23 23:48:58.285929,processing
4789,819,2026-07-21 23:48:58.285929,completed
4790,501,2026-09-02 23:48:58.285929,completed
4791,209,2026-06-28 23:48:58.285929,processing
4792,437,2026-05-18 23:48:58.285929,processing
4793,130,2026-05-15 23:48:58.285929,completed
4794,941,2026-08-11 23:48:58.285929,cancelled
4795,724,2026-08-09 23:48:58.285929,completed
4796,911,2026-05-21 23:48:58.285929,completed
4797,270,2026-08-17 23:48:58.285929,completed
4798,286,2026-03-21 23:48:58.285929,completed
4799,992,2026-06-10 23:48:58.285929,completed
4800,763,2026-07-14 23:48:58.285929,cancelled
4801,77,2026-06-17 23:48:58.285929,completed
4802,520,2026-06-15 23:48:58.285929,completed
4803,465,2026-03-31 23:48:58.285929,cancelled
4804,526,2026-03-20 23:48:58.285929,completed
4805,724,2026-03-16 23:48:58.285929,completed
4806,914,2026-08-30 23:48:58.285929,completed
4807,103,2026-03-12 23:48:58.285929,processing
4808,326,2026-07-22 23:48:58.285929,processing
4809,677,2026-04-01 23:48:58.285929,completed
4810,972,2026-03-30 23:48:58.285929,cancelled
4811,9,2026-07-08 23:48:58.285929,completed
4812,601,2026-06-04 23:48:58.285929,completed
4813,690,2026-07-20 23:48:58.285929,completed
4814,482,2026-08-01 23:48:58.285929,completed
4815,834,2026-07-23 23:48:58.285929,cancelled
4816,509,2026-06-28 23:48:58.285929,completed
4817,204,2026-03-30 23:48:58.285929,completed
4818,974,2026-04-29 23:48:58.285929,cancelled
4819,768,2026-07-16 23:48:58.285929,completed
4820,445,2026-08-22 23:48:58.285929,completed
4821,572,2026-04-05 23:48:58.285929,completed
4822,728,2026-07-25 23:48:58.285929,completed
4823,429,2026-03-16 23:48:58.285929,completed
4824,629,2026-06-03 23:48:58.285929,cancelled
4825,598,2026-07-10 23:48:58.285929,cancelled
4826,358,2026-05-08 23:48:58.285929,processing
4827,673,2026-07-24 23:48:58.285929,completed
4828,861,2026-07-11 23:48:58.285929,completed
4829,685,2026-05-07 23:48:58.285929,completed
4830,816,2026-03-31 23:48:58.285929,completed
4831,613,2026-06-09 23:48:58.285929,processing
4832,493,2026-06-25 23:48:58.285929,completed
4833,225,2026-08-11 23:48:58.285929,completed
4834,430,2026-05-17 23:48:58.285929,completed
4835,254,2026-03-23 23:48:58.285929,completed
4836,119,2026-07-25 23:48:58.285929,completed
4837,980,2026-06-19 23:48:58.285929,cancelled
4838,117,2026-06-12 23:48:58.285929,cancelled
4839,408,2026-03-12 23:48:58.285929,completed
4840,793,2026-05-08 23:48:58.285929,completed
4841,616,2026-05-26 23:48:58.285929,cancelled
4842,241,2026-09-01 23:48:58.285929,completed
4843,275,2026-05-02 23:48:58.285929,completed
4844,912,2026-05-27 23:48:58.285929,completed
4845,576,2026-06-18 23:48:58.285929,completed
4846,692,2026-06-19 23:48:58.285929,completed
4847,401,2026-05-18 23:48:58.285929,completed
4848,409,2026-07-04 23:48:58.285929,completed
4849,275,2026-05-07 23:48:58.285929,cancelled
4850,225,2026-06-14 23:48:58.285929,cancelled
4851,839,2026-08-28 23:48:58.285929,completed
4852,459,2026-05-27 23:48:58.285929,completed
4853,587,2026-07-28 23:48:58.285929,processing
4854,212,2026-04-01 23:48:58.285929,completed
4855,971,2026-04-04 23:48:58.285929,processing
4856,338,2026-08-06 23:48:58.285929,processing
4857,553,2026-09-03 23:48:58.285929,cancelled
4858,22,2026-06-03 23:48:58.285929,completed
4859,800,2026-03-12 23:48:58.285929,completed
4860,935,2026-06-10 23:48:58.285929,processing
4861,65,2026-03-25 23:48:58.285929,completed
4862,532,2026-07-17 23:48:58.285929,completed
4863,549,2026-07-20 23:48:58.285929,completed
4864,859,2026-04-24 23:48:58.285929,completed
4865,881,2026-07-12 23:48:58.285929,completed
4866,821,2026-07-29 23:48:58.285929,completed
4867,340,2026-05-26 23:48:58.285929,completed
4868,567,2026-07-07 23:48:58.285929,completed
4869,37,2026-09-03 23:48:58.285929,processing
4870,105,2026-05-03 23:48:58.285929,completed
4871,811,2026-05-07 23:48:58.285929,completed
4872,161,2026-06-28 23:48:58.285929,completed
4873,25,2026-07-12 23:48:58.285929,cancelled
4874,791,2026-03-16 23:48:58.285929,completed
4875,35,2026-07-01 23:48:58.285929,cancelled
4876,127,2026-06-04 23:48:58.285929,cancelled
4877,411,2026-08-06 23:48:58.285929,cancelled
4878,898,2026-07-01 23:48:58.285929,completed
4879,79,2026-08-21 23:48:58.285929,processing
4880,740,2026-03-12 23:48:58.285929,cancelled
4881,426,2026-09-03 23:48:58.285929,completed
4882,761,2026-04-23 23:48:58.285929,processing
4883,942,2026-08-01 23:48:58.285929,completed
4884,754,2026-04-11 23:48:58.285929,completed
4885,199,2026-04-06 23:48:58.285929,completed
4886,804,2026-06-18 23:48:58.285929,completed
4887,525,2026-09-03 23:48:58.285929,completed
4888,281,2026-05-14 23:48:58.285929,completed
4889,103,2026-07-03 23:48:58.285929,cancelled
4890,591,2026-05-11 23:48:58.285929,completed
4891,299,2026-05-22 23:48:58.285929,completed
4892,228,2026-05-27 23:48:58.285929,processing
4893,286,2026-05-08 23:48:58.285929,completed
4894,930,2026-03-13 23:48:58.285929,processing
4895,519,2026-07-08 23:48:58.285929,completed
4896,18,2026-05-04 23:48:58.285929,cancelled
4897,404,2026-06-05 23:48:58.285929,processing
4898,732,2026-08-12 23:48:58.285929,completed
4899,230,2026-04-14 23:48:58.285929,completed
4900,407,2026-07-11 23:48:58.285929,completed
4901,379,2026-05-09 23:48:58.285929,processing
4902,112,2026-03-28 23:48:58.285929,completed
4903,341,2026-08-03 23:48:58.285929,cancelled
4904,1000,2026-08-18 23:48:58.285929,completed
4905,575,2026-07-27 23:48:58.285929,completed
4906,886,2026-05-06 23:48:58.285929,processing
4907,256,2026-08-18 23:48:58.285929,completed
4908,413,2026-04-04 23:48:58.285929,completed
4909,536,2026-04-16 23:48:58.285929,completed
4910,61,2026-05-05 23:48:58.285929,completed
4911,422,2026-06-21 23:48:58.285929,cancelled
4912,346,2026-08-01 23:48:58.285929,completed
4913,330,2026-03-16 23:48:58.285929,processing
4914,614,2026-05-27 23:48:58.285929,completed
4915,275,2026-03-16 23:48:58.285929,completed
4916,774,2026-04-18 23:48:58.285929,completed
4917,559,2026-05-04 23:48:58.285929,completed
4918,983,2026-03-26 23:48:58.285929,completed
4919,330,2026-05-13 23:48:58.285929,cancelled
4920,495,2026-04-30 23:48:58.285929,processing
4921,880,2026-08-19 23:48:58.285929,completed
4922,436,2026-03-13 23:48:58.285929,completed
4923,385,2026-08-07 23:48:58.285929,completed
4924,166,2026-04-28 23:48:58.285929,cancelled
4925,125,2026-07-28 23:48:58.285929,completed
4926,449,2026-08-10 23:48:58.285929,completed
4927,907,2026-05-23 23:48:58.285929,completed
4928,175,2026-04-01 23:48:58.285929,processing
4929,499,2026-08-04 23:48:58.285929,cancelled
4930,896,2026-04-21 23:48:58.285929,completed
4931,409,2026-09-06 23:48:58.285929,completed
4932,121,2026-05-20 23:48:58.285929,completed
4933,738,2026-03-19 23:48:58.285929,completed
4934,536,2026-06-18 23:48:58.285929,processing
4935,911,2026-06-05 23:48:58.285929,processing
4936,666,2026-07-28 23:48:58.285929,completed
4937,298,2026-04-28 23:48:58.285929,cancelled
4938,210,2026-04-04 23:48:58.285929,cancelled
4939,381,2026-04-29 23:48:58.285929,processing
4940,258,2026-05-11 23:48:58.285929,completed
4941,216,2026-06-16 23:48:58.285929,cancelled
4942,738,2026-08-05 23:48:58.285929,completed
4943,537,2026-05-10 23:48:58.285929,completed
4944,326,2026-05-25 23:48:58.285929,completed
4945,154,2026-05-11 23:48:58.285929,completed
4946,6,2026-06-21 23:48:58.285929,cancelled
4947,193,2026-07-19 23:48:58.285929,cancelled
4948,97,2026-04-24 23:48:58.285929,completed
4949,339,2026-08-15 23:48:58.285929,completed
4950,640,2026-05-12 23:48:58.285929,processing
4951,161,2026-08-22 23:48:58.285929,completed
4952,652,2026-04-18 23:48:58.285929,completed
4953,354,2026-04-01 23:48:58.285929,completed
4954,951,2026-07-21 23:48:58.285929,completed
4955,292,2026-05-22 23:48:58.285929,processing
4956,747,2026-06-22 23:48:58.285929,completed
4957,640,2026-05-28 23:48:58.285929,completed
4958,575,2026-04-23 23:48:58.285929,cancelled
4959,676,2026-07-19 23:48:58.285929,completed
4960,607,2026-07-31 23:48:58.285929,completed
4961,749,2026-07-15 23:48:58.285929,completed
4962,183,2026-07-03 23:48:58.285929,processing
4963,105,2026-08-07 23:48:58.285929,processing
4964,602,2026-03-27 23:48:58.285929,completed
4965,339,2026-04-14 23:48:58.285929,processing
4966,620,2026-06-30 23:48:58.285929,cancelled
4967,893,2026-04-04 23:48:58.285929,cancelled
4968,932,2026-05-10 23:48:58.285929,completed
4969,173,2026-09-08 23:48:58.285929,completed
4970,222,2026-08-16 23:48:58.285929,processing
4971,151,2026-08-03 23:48:58.285929,completed
4972,487,2026-09-08 23:48:58.285929,completed
4973,80,2026-08-26 23:48:58.285929,completed
4974,524,2026-05-19 23:48:58.285929,completed
4975,681,2026-05-11 23:48:58.285929,completed
4976,310,2026-05-03 23:48:58.285929,completed
4977,247,2026-04-18 23:48:58.285929,completed
4978,387,2026-06-02 23:48:58.285929,cancelled
4979,486,2026-06-10 23:48:58.285929,completed
4980,859,2026-04-28 23:48:58.285929,completed
4981,544,2026-08-19 23:48:58.285929,processing
4982,863,2026-07-16 23:48:58.285929,completed
4983,969,2026-03-30 23:48:58.285929,completed
4984,729,2026-08-03 23:48:58.285929,completed
4985,574,2026-05-18 23:48:58.285929,completed
4986,712,2026-07-06 23:48:58.285929,cancelled
4987,124,2026-04-19 23:48:58.285929,completed
4988,668,2026-06-11 23:48:58.285929,completed
4989,26,2026-06-07 23:48:58.285929,completed
4990,790,2026-03-21 23:48:58.285929,completed
4991,746,2026-05-23 23:48:58.285929,completed
4992,632,2026-04-18 23:48:58.285929,completed
4993,392,2026-06-05 23:48:58.285929,completed
4994,956,2026-09-06 23:48:58.285929,completed
4995,453,2026-06-08 23:48:58.285929,processing
4996,200,2026-09-07 23:48:58.285929,processing
4997,318,2026-06-16 23:48:58.285929,completed
4998,933,2026-06-06 23:48:58.285929,completed
4999,515,2026-09-05 23:48:58.285929,processing
5000,280,2026-08-31 23:48:58.285929,cancelled
