order_id,product_id,quantity,price
1,83,2,6275.26
1,90,3,4169.05
1,81,1,14581.54
2,92,2,14959.86
3,63,1,7365.0
3,83,3,12207.74
3,5,2,918.14
3,92,1,10731.77
4,17,1,6583.8
4,16,1,6928.98
5,41,1,12939.41
6,25,3,9403.05
6,3,2,12640.47
6,41,3,2953.6
7,93,2,7986.94
7,86,2,6537.49
7,86,3,1391.51
7,25,3,2638.95
7,35,1,3002.49
8,36,3,3380.91
9,53,1,9711.85
9,1,2,4469.57
9,45,1,5451.06
9,73,3,1748.38
9,60,1,2185.79
10,24,3,1753.06
11,76,3,14503.6
11,99,1,11936.68
11,28,3,5930.68
12,93,1,4962.84
13,96,3,2424.65
13,7,2,10735.75
14,36,1,8693.08
14,53,1,12611.49
15,26,1,14699.53
15,34,3,6874.18
15,12,2,5649.72
16,45,3,8084.12
16,81,3,12560.09
16,5,3,6092.37
17,73,1,14909.46
17,56,2,9867.12
17,88,2,3507.98
17,90,3,8498.36
17,96,2,1815.98
18,34,1,7281.48
18,5,1,7996.93
19,61,1,7275.08
19,42,2,8674.66
20,5,2,10668.68
20,81,2,13105.27
20,2,1,6610.41
20,43,2,9894.28
20,13,1,13740.66
21,21,2,8428.28
21,97,1,6865.63
21,79,2,9106.83
22,94,2,7366.8
22,32,2,10988.9
22,77,2,7497.09
22,52,2,1081.87
23,98,3,2063.9
23,55,2,14332.74
24,76,1,2878.38
24,22,2,13355.63
24,90,3,3377.7
24,73,1,2383.42
25,7,1,4984.47
25,99,1,12121.6
25,59,2,2897.46
26,85,1,3405.89
27,39,2,1665.44
27,31,1,6829.96
28,20,3,8552.55
28,100,2,571.7
29,45,1,7326.61
29,88,2,10632.31
30,86,2,12554.53
30,91,1,11564.31
30,13,2,2363.28
30,98,1,6298.31
31,37,3,11090.4
31,55,3,6210.83
31,10,2,7580.49
32,4,1,13341.03
32,23,1,5852.42
32,44,3,12436.95
32,79,3,11399.42
32,10,3,3836.07
33,25,1,3562.87
33,56,1,5424.01
33,84,1,6672.81
33,37,2,6108.82
34,5,2,14398.43
34,54,1,2871.37
34,88,3,12596.37
34,60,1,5521.16
35,84,2,12151.48
36,21,2,2366.72
37,50,3,7093.03
37,63,3,14418.86
37,52,2,11684.72
37,39,2,4250.41
37,82,1,9252.72
38,65,2,11824.55
38,92,2,12740.44
38,47,1,11889.67
38,55,3,11514.36
39,20,1,5388.18
40,34,1,7966.0
40,79,3,13146.98
40,56,1,7239.07
40,6,1,13084.5
40,59,2,1226.07
41,88,2,4158.74
41,44,3,4794.09
41,4,3,4374.92
41,38,2,6547.37
41,58,2,4816.41
42,77,1,5680.04
43,69,3,6245.11
44,11,3,1871.3
44,94,1,9677.34
45,36,2,14591.87
45,89,3,4039.46
45,94,3,8751.49
45,6,1,5235.53
46,19,3,14664.23
47,49,3,14713.86
48,44,3,11364.37
49,52,1,3166.99
49,96,2,10963.11
49,96,1,12634.37
49,56,1,12007.85
50,34,2,9425.93
50,70,1,10566.73
50,7,2,8813.37
50,28,2,4484.41
50,89,1,4514.38
51,78,2,13691.32
52,35,1,6404.15
52,3,2,10029.59
52,36,2,7205.4
53,13,1,3759.96
53,91,2,3705.34
53,79,2,11058.38
54,59,3,6601.09
54,77,2,8351.14
54,61,3,682.22
54,44,2,5522.31
54,57,1,7198.24
55,27,3,10617.02
55,87,2,4207.54
55,5,3,12858.23
55,11,3,7554.81
56,11,1,11346.16
56,68,2,4908.47
56,97,2,7046.74
57,4,1,9560.51
57,22,3,5598.58
57,56,2,14939.47
57,3,2,8568.37
58,31,2,13857.06
58,17,2,9303.27
58,16,1,6238.37
58,28,1,8775.8
59,21,3,14694.0
59,71,2,5604.36
60,54,3,4543.76
60,99,2,9639.0
61,65,3,8221.37
61,29,2,7675.08
61,60,2,12479.01
62,21,1,6300.79
62,1,3,12533.06
62,98,2,10014.76
62,88,1,6058.62
63,54,2,3238.69
63,4,3,3750.79
63,79,3,7798.74
63,11,3,8773.48
64,3,2,9342.28
64,22,3,9569.68
64,88,1,14301.77
64,3,3,9219.47
65,71,3,13019.85
65,21,2,5851.43
65,31,1,7346.45
65,92,1,5179.5
66,9,1,3501.61
66,60,2,4053.18
66,78,2,14850.84
67,60,3,9800.0
67,78,2,13145.24
68,32,2,10969.67
68,9,1,11354.82
69,67,2,13001.45
69,10,2,14384.83
69,92,3,2254.24
69,100,3,9882.8
70,92,1,6858.56
70,93,1,4747.96
70,51,3,11647.04
70,47,2,10891.06
70,66,3,9919.63
71,16,1,2616.76
71,34,3,11426.88
71,15,3,2949.83
71,53,3,5427.6
72,62,1,4335.36
72,43,3,10558.88
73,91,2,11411.29
73,97,2,5465.42
73,89,2,5294.59
73,58,3,4239.87
74,77,1,11539.18
74,19,3,4682.24
74,29,2,8671.32
75,40,3,2795.39
75,82,2,7391.63
75,57,3,4775.75
76,19,3,4738.83
76,50,2,9733.05
77,28,3,4892.87
78,2,2,5780.35
78,66,3,13118.37
78,67,2,7416.13
78,22,2,9835.85
78,76,3,5057.3
79,49,2,9901.46
79,68,2,3043.12
79,49,1,10196.8
80,44,1,4984.97
81,20,2,9325.3
81,94,1,9924.95
82,64,2,8756.42
82,82,1,12679.67
82,68,1,11249.98
83,86,1,6278.12
83,13,2,7857.54
83,35,3,14444.01
84,11,1,6976.18
84,67,1,4048.04
84,95,1,10500.64
84,84,1,3810.93
84,92,2,3072.74
85,35,3,4523.41
85,96,1,11133.39
85,9,1,8077.09
85,8,1,3800.0
85,75,3,7420.59
86,69,1,5123.45
87,26,2,2187.89
88,61,1,1948.2
89,28,3,7564.84
89,73,1,8934.85
89,15,3,13354.5
89,100,3,3324.58
89,82,3,11455.37
90,33,2,9219.64
91,81,1,5265.27
91,62,3,4614.46
91,83,2,4330.9
91,69,1,5446.56
92,65,2,9575.86
92,15,1,7569.92
92,41,3,7322.34
92,21,1,1450.61
92,56,3,4917.29
93,44,3,10460.9
93,24,1,11792.48
93,98,1,3591.64
93,65,2,5140.23
94,61,1,10428.82
94,79,1,8779.62
94,20,2,2767.62
94,99,2,11894.26
94,21,3,10107.57
95,67,2,9975.61
95,54,3,4406.06
95,34,2,14047.78
96,48,1,4940.37
96,94,2,12523.85
96,41,2,4966.24
97,51,2,582.25
97,52,1,14545.86
97,46,3,12177.88
97,59,2,782.45
97,91,1,3524.83
98,38,2,843.35
98,55,2,5222.43
98,72,3,3392.06
99,80,3,6881.5
99,36,1,1579.19
100,42,3,7455.4
100,93,3,7313.14
101,100,3,6155.91
102,32,2,14810.47
102,76,2,1360.09
102,8,3,5469.03
102,69,2,6852.8
103,15,2,2447.13
103,96,1,5205.91
103,100,3,6499.77
104,20,3,4833.41
104,26,3,1776.07
105,42,3,8425.48
105,85,2,8571.78
106,89,1,2536.78
106,99,1,13125.52
106,90,3,11216.34
107,99,2,11335.46
107,28,1,5158.37
107,30,2,5751.96
108,87,3,4255.87
108,78,3,14023.88
109,16,3,6456.29
109,51,2,12072.41
110,8,3,5915.38
110,73,2,14936.99
110,65,2,11956.99
110,63,2,8834.82
110,82,1,11149.29
111,12,3,11818.53
111,69,1,12079.57
111,12,3,13876.2
111,79,3,14897.77
111,97,1,11623.17
112,36,2,7043.68
112,95,1,9931.43
112,10,1,9893.68
112,44,2,8151.85
113,3,2,8833.7
113,1,3,12509.23
113,3,1,3765.83
113,55,1,4253.37
114,75,3,11632.79
114,69,2,9977.38
115,99,3,13917.67
115,92,3,2712.77
116,27,2,3133.01
116,4,3,9227.86
117,100,1,8331.11
118,42,2,13962.75
119,26,2,2867.69
119,35,1,14076.38
120,99,2,895.8
120,57,1,12595.28
121,4,2,13079.23
121,95,1,6016.04
121,58,2,6288.08
121,27,2,9058.15
122,12,1,7847.2
123,93,3,2264.7
123,97,1,2245.2
123,63,3,9270.3
123,96,2,6519.35
123,27,1,12096.97
124,62,2,7876.66
124,59,1,605.21
124,54,2,14442.75
125,46,2,14213.11
126,56,3,4860.07
127,84,3,12247.46
128,3,2,11079.62
128,42,1,2540.67
128,32,1,8686.4
128,17,3,2758.5
129,98,1,1387.13
129,27,3,10083.81
129,48,3,6515.71
129,21,2,3000.09
130,20,3,12236.56
130,86,1,5793.49
130,15,1,934.71
130,27,2,6352.99
130,48,2,9517.75
131,4,2,913.2
132,5,3,13144.41
132,53,1,8322.39
132,98,3,10976.58
132,22,1,1951.67
133,29,1,6588.3
133,9,1,14546.59
133,60,2,12914.04
134,57,1,12925.28
134,82,1,5015.75
134,61,2,2358.88
134,85,3,5800.95
134,79,3,10886.57
135,64,3,12550.8
135,74,1,2324.58
135,66,1,12178.99
135,19,1,10058.54
136,92,2,4593.35
137,14,1,3780.24
137,24,3,10060.86
137,43,3,14622.37
137,86,3,8038.8
137,74,2,11518.46
138,42,2,5934.18
138,19,3,11177.95
139,96,2,9662.26
140,24,1,2572.84
140,5,1,2847.34
141,2,3,7471.26
141,45,1,9616.34
141,74,2,7055.51
142,59,3,4310.67
142,57,1,11301.93
143,44,2,14951.94
143,24,2,5444.25
143,63,3,7116.58
143,13,3,12915.11
143,98,3,4311.52
144,55,3,868.5
144,70,1,1871.46
144,59,1,2244.03
145,17,2,4951.94
145,56,3,14772.52
145,11,3,3147.88
146,25,1,12680.19
146,29,1,3380.82
146,96,2,8120.83
146,100,1,8661.8
146,68,3,1181.43
147,47,3,3841.14
147,68,1,5929.85
147,13,3,2901.71
147,82,3,3780.73
147,97,3,2704.74
148,55,1,4537.11
148,52,2,6151.7
148,67,2,13459.3
148,60,2,2473.74
148,39,1,1585.62
149,86,2,3526.94
149,94,3,9112.78
149,9,1,11449.96
149,18,1,7473.52
149,21,1,6172.95
150,83,2,6169.5
150,25,1,12597.77
151,29,2,2536.38
152,16,3,11225.0
152,87,1,3484.55
152,19,3,4494.32
152,42,1,9732.97
153,40,3,1987.88
153,81,3,7331.09
153,85,2,4832.92
153,16,3,11272.22
153,59,1,1520.84
154,35,1,6031.77
154,33,1,9590.03
154,55,3,2942.61
155,98,2,3757.18
155,14,1,14965.28
155,78,3,13043.73
155,31,3,7670.71
156,54,1,9751.87
156,99,2,12713.71
156,94,2,13618.6
156,82,3,5268.03
157,46,1,687.43
157,92,2,4019.79
157,64,1,9070.72
158,14,3,7574.0
158,78,3,5949.42
158,67,3,6047.51
159,14,3,12653.98
159,83,1,8846.57
159,16,1,5730.16
159,87,3,13604.95
159,54,2,10915.19
160,45,3,11927.98
161,74,3,1040.51
161,52,3,11293.6
161,56,3,13667.18
161,28,3,3120.7
162,13,2,13849.71
162,4,3,7121.04
162,33,2,12366.34
163,46,1,4511.17
163,7,2,7143.97
163,82,2,11644.86
164,27,3,11676.73
164,71,3,5167.28
165,97,2,11824.04
165,23,2,12921.37
165,43,2,9437.84
165,95,1,5089.75
166,13,3,1811.27
166,52,2,9516.1
166,82,1,11470.18
167,34,3,7538.89
167,44,2,13488.81
168,22,2,730.95
168,25,3,5002.65
169,90,3,8627.04
169,97,3,8304.69
169,51,3,10586.72
169,26,1,1812.86
169,77,3,6367.24
170,19,3,5432.38
170,46,2,2428.97
170,50,1,12752.64
171,79,3,14575.81
171,42,1,6916.77
171,6,1,8445.81
172,4,2,3754.79
172,89,1,4057.6
172,29,2,9894.48
173,19,1,4803.5
173,3,3,7507.46
174,54,3,8492.78
174,73,1,6478.69
174,67,3,6294.44
174,74,2,11328.5
175,34,2,5868.31
175,31,2,8335.35
175,10,3,2450.15
176,69,3,2367.09
176,65,3,7398.2
177,14,3,3803.45
177,45,3,10681.1
177,71,1,7246.65
178,7,2,9472.69
178,64,3,6824.67
178,22,1,8619.4
178,72,3,1334.41
178,45,2,13079.87
179,9,3,5638.98
179,93,2,8761.43
180,92,3,7616.74
181,51,1,10096.11
181,40,3,10609.49
182,43,1,8762.93
182,66,2,2591.38
182,70,3,9009.65
183,79,1,10825.65
184,76,1,11732.0
184,10,3,1422.62
184,53,3,2837.5
185,32,3,11719.15
185,23,1,927.57
186,94,1,5310.96
186,13,2,8823.04
186,88,2,12171.25
186,49,3,7378.91
187,24,1,5012.33
187,23,3,6740.23
187,33,2,1815.65
188,52,1,3786.28
188,83,3,1682.74
188,58,1,8096.08
189,78,1,14739.15
190,88,2,1884.61
191,68,1,567.58
192,40,1,12100.55
192,73,3,5935.12
192,9,1,3232.99
192,80,2,3135.91
193,45,1,13145.41
193,20,3,5925.44
194,57,3,12766.61
194,99,1,7856.27
195,4,3,1062.23
195,69,1,12204.47
195,40,2,2062.74
195,88,1,9056.54
196,13,2,3300.82
196,20,3,13839.99
197,85,3,12560.67
197,58,1,10196.22
197,9,2,4070.22
197,19,1,14425.61
198,25,2,1103.06
198,8,2,12258.16
198,85,3,11441.87
198,76,1,12792.73
199,85,3,5148.02
200,73,3,10681.99
200,67,2,11475.39
200,83,1,4597.14
200,18,2,11571.08
200,38,3,6681.63
201,49,1,7611.75
201,63,1,5161.96
201,62,3,6137.73
201,64,2,11677.22
202,68,1,3227.14
203,40,3,11343.85
204,70,1,9793.52
204,95,1,8247.24
204,7,2,6081.07
204,46,3,1260.31
204,88,2,11208.83
205,23,3,5876.95
205,90,1,13704.6
205,13,2,14274.48
205,29,3,5144.5
205,92,1,7681.49
206,82,3,726.09
206,49,1,13554.65
206,15,2,568.71
206,31,3,12297.75
206,43,1,14812.74
207,48,2,1148.97
207,19,3,4069.51
208,55,3,8772.83
208,81,2,3470.71
208,84,3,13749.17
209,89,1,6530.37
209,53,2,4532.26
209,25,2,4174.67
209,2,3,10541.59
210,90,2,2368.88
211,10,3,2158.52
211,21,2,1464.25
212,42,1,14180.8
212,33,3,10867.84
212,89,2,4629.7
212,37,2,12904.87
212,34,1,11534.34
213,26,1,8543.87
213,64,1,2343.17
213,5,2,7442.89
213,15,1,1051.45
214,24,1,11556.85
214,9,1,6821.26
214,48,2,11206.02
214,57,3,11652.34
215,99,1,11643.96
215,93,2,1134.49
215,2,1,5449.54
215,33,1,5576.7
215,26,3,1318.21
216,20,2,7831.12
216,29,1,9594.6
216,43,3,10957.13
216,4,2,1506.05
217,78,3,4673.19
217,21,1,8433.29
218,8,1,10429.06
218,53,3,8246.97
218,80,3,2963.77
219,48,1,2580.55
219,14,3,3888.1
219,49,1,8659.32
220,99,3,2234.81
220,29,3,1010.33
220,70,1,787.0
220,61,3,9849.46
221,88,3,6108.12
221,96,1,10401.78
221,79,2,5504.62
222,62,1,7086.24
222,47,1,2593.91
222,82,3,3028.12
222,50,2,13288.09
223,95,1,6760.18
223,39,1,1117.05
223,53,3,13257.17
224,52,1,12681.96
224,46,1,14157.28
225,54,2,11135.01
225,57,2,7221.0
225,44,2,10147.91
225,18,3,8184.08
226,28,3,3268.99
226,25,3,10060.23
227,47,2,8448.98
227,98,2,5934.84
227,40,1,6196.03
227,61,1,8371.02
227,58,2,13617.8
228,53,1,3391.44
228,44,3,13403.91
228,85,2,14088.27
228,56,1,14176.39
228,4,3,3493.57
229,86,1,4463.14
229,96,3,8668.78
229,20,3,6327.21
229,26,1,6463.7
229,60,1,13086.44
230,98,2,5085.11
230,98,3,8193.53
231,87,1,11910.95
232,3,1,13842.49
233,43,1,5042.76
234,26,3,2683.74
234,28,2,12689.84
234,47,3,13684.06
235,58,2,5410.0
235,23,2,4896.99
235,72,1,13561.85
235,20,1,6520.2
235,69,3,6440.36
236,71,3,7308.73
236,36,3,12795.92
236,32,1,10126.1
236,19,2,1907.5
236,6,1,13263.36
237,49,2,2971.64
237,3,3,10477.76
237,47,2,8980.92
237,24,2,13462.83
238,86,3,5485.52
238,44,1,13354.12
238,9,1,2456.68
238,39,3,6207.43
239,15,3,3358.41
239,82,2,4739.07
240,46,3,14761.78
241,3,3,13420.19
241,54,1,5795.63
241,33,1,7944.63
241,67,1,7599.33
242,7,3,3962.66
242,40,2,7009.5
243,44,1,4456.13
243,98,3,7142.27
243,11,2,8493.47
243,17,3,654.83
244,3,2,6019.73
244,61,2,6131.76
244,89,3,4419.11
244,49,2,5818.51
244,66,2,6404.33
245,17,2,10927.2
245,71,1,7588.04
245,35,1,13743.68
246,86,2,12991.45
247,3,1,12190.29
248,32,1,3068.05
249,20,3,12121.13
250,10,1,10985.05
251,80,1,2765.53
251,81,2,9649.54
251,43,3,2034.57
252,8,3,2511.37
253,24,1,10914.69
254,1,2,11978.09
255,27,1,10896.2
255,50,2,9569.05
256,61,1,10769.45
256,64,3,10740.97
257,37,3,10304.31
257,8,2,3181.45
257,1,1,3049.84
257,26,2,2586.45
258,74,1,10649.52
258,90,1,3228.88
258,42,1,2855.14
258,82,3,4802.43
258,53,3,9788.63
259,55,2,12454.79
259,95,1,8192.99
260,37,1,1437.47
260,9,2,5491.24
260,94,1,9487.76
261,11,3,11584.29
261,92,2,673.98
261,96,3,1779.36
261,76,2,10622.1
262,87,1,8753.42
262,94,2,7036.41
262,96,2,5871.43
262,39,2,5045.38
262,96,1,3807.62
263,6,3,5616.98
263,60,2,5203.33
264,60,2,7056.56
264,19,3,11383.01
264,54,1,13163.75
264,41,2,14851.55
265,52,2,702.28
265,85,1,2690.06
266,28,1,737.65
266,61,1,4427.91
267,3,2,6187.36
267,39,3,4526.21
268,63,3,10994.07
268,56,2,14236.3
269,63,3,1366.53
269,14,1,14317.78
270,78,2,2551.43
270,67,2,12152.52
270,54,2,688.03
270,40,3,2799.73
271,88,3,6720.46
271,16,3,2376.71
271,37,2,11008.97
272,48,3,14571.25
272,9,1,6982.63
273,32,1,14196.36
273,89,1,13697.12
273,41,3,13778.2
273,61,2,8547.44
274,43,3,3318.48
274,17,2,11833.13
274,74,1,10767.52
274,79,1,12293.17
274,32,2,8667.82
275,41,3,13270.56
276,97,1,9542.3
276,11,3,7618.64
276,78,3,4357.11
276,58,2,11772.78
277,92,1,5774.85
277,100,1,7369.33
277,29,3,544.27
278,80,2,8647.23
278,35,2,7528.12
278,41,3,13306.6
279,83,1,14387.02
279,77,3,2245.26
280,95,1,8090.78
281,37,1,11965.28
281,55,3,12369.5
281,2,2,4284.32
281,19,2,866.61
281,84,3,11554.42
282,48,2,11749.06
283,58,3,6039.28
283,21,3,6940.02
284,14,2,7111.18
284,26,3,9294.87
284,37,1,9003.96
285,3,1,1260.14
285,42,3,7417.97
285,19,2,12561.16
286,71,1,9618.91
286,83,2,6235.3
286,42,3,12623.06
286,5,3,4602.18
287,97,3,1071.03
287,66,1,10980.26
287,92,1,7701.81
287,9,1,2697.76
287,67,1,14131.78
288,12,2,14598.63
288,44,1,6483.31
289,64,2,8404.12
290,54,3,11951.07
290,89,1,8447.41
290,12,1,7003.22
290,15,2,3797.24
290,8,3,10411.07
291,7,3,12721.95
292,62,1,1111.55
292,98,1,14274.51
293,65,2,5182.78
293,97,3,10218.81
294,66,2,7637.3
295,71,1,1081.89
295,76,1,3528.13
295,75,2,603.71
295,90,1,8932.96
296,66,1,6259.13
296,20,3,606.57
296,81,3,9530.48
297,72,2,7907.75
297,21,1,11435.49
297,33,2,3338.7
298,51,1,9931.71
298,58,1,6960.38
298,84,3,7921.17
299,27,1,2134.06
299,50,1,11270.79
299,27,1,11516.51
299,95,3,4829.84
300,76,2,5733.61
300,7,3,9578.71
301,33,1,7910.94
301,40,1,3638.14
301,24,2,3492.11
301,93,2,10939.55
301,59,2,9226.29
302,63,2,8632.03
302,37,3,12931.71
303,10,3,2055.29
303,1,1,9479.51
304,36,1,4899.97
305,94,3,14437.52
305,13,1,5836.72
305,83,1,14578.63
305,95,2,1603.44
306,84,1,4813.31
306,5,1,4879.73
306,34,2,13986.82
306,27,1,13831.39
307,61,1,707.99
308,93,1,7101.05
309,89,3,4460.45
309,3,3,8666.84
309,9,3,10531.12
309,28,1,6264.31
309,49,1,1038.84
310,60,2,3037.83
310,2,3,13512.42
310,85,1,14411.72
310,36,3,4582.74
311,26,2,853.99
311,35,1,3904.87
311,58,1,14939.64
311,6,3,12613.19
312,72,3,7583.65
312,30,3,12802.62
312,7,2,5778.5
312,77,2,7115.73
313,70,1,5912.38
313,48,3,8489.85
313,19,2,11160.33
313,45,2,3022.46
314,48,2,14760.94
314,99,2,2640.68
314,87,2,10297.81
314,53,2,14440.1
315,78,2,13329.2
316,46,3,7265.05
316,97,3,12996.1
316,22,1,5480.08
317,77,2,8333.06
317,96,1,12840.92
318,18,1,12457.94
318,51,1,12439.93
318,15,3,8387.95
318,67,1,8844.24
318,33,3,10137.24
319,95,1,10418.16
319,43,2,2195.36
320,71,2,8085.25
320,51,1,8866.78
320,96,2,10473.11
321,29,3,9836.58
322,89,1,10884.93
322,65,1,7680.44
323,89,2,4006.58
324,39,1,8358.52
324,13,1,840.83
324,4,2,2255.6
324,24,3,1534.37
325,58,1,6617.8
325,46,3,6343.51
325,90,3,4853.12
326,48,1,4904.91
326,80,3,13833.56
326,82,3,9103.37
326,87,2,14666.7
327,41,2,950.08
327,90,2,12987.04
327,50,3,11661.92
327,55,3,9013.31
328,88,2,14922.26
328,49,1,14460.14
328,98,1,7385.64
329,12,1,4058.15
329,92,3,13873.51
329,59,2,11361.26
329,31,3,14768.0
329,5,2,4992.3
330,28,3,6453.8
330,2,3,2361.57
330,87,1,14065.3
330,57,1,7780.05
331,36,3,8693.22
331,69,3,11002.8
331,33,3,2206.19
331,67,2,3021.82
332,38,1,1077.34
332,77,2,6687.61
332,88,1,14544.19
332,10,1,7491.12
333,1,2,11748.23
333,84,1,11700.71
334,39,1,3739.63
335,64,1,10850.51
335,90,1,1972.3
335,18,1,11235.17
335,78,3,843.33
335,64,2,12017.89
336,3,3,8115.04
336,89,2,9705.06
336,14,2,7368.04
336,36,2,8580.58
337,9,1,1765.02
337,86,2,7382.07
337,65,1,13645.94
337,18,1,849.58
338,74,1,10137.29
339,85,3,5913.09
339,34,2,1468.87
339,85,1,8940.75
339,15,3,1076.46
340,19,2,2431.61
340,90,2,662.31
341,66,1,2134.91
342,75,3,628.43
342,18,2,13850.61
342,62,1,3235.67
343,62,2,3604.78
343,23,2,8518.97
343,81,3,12951.05
343,10,1,10172.69
344,19,1,7426.48
344,10,3,2888.62
344,81,2,12676.68
344,47,1,12505.65
344,53,1,11409.38
345,42,2,901.15
346,51,2,9293.33
346,29,3,13658.86
346,62,3,14266.12
347,53,3,13142.13
347,82,1,3999.44
347,67,2,7708.44
347,10,2,9197.42
347,54,1,8644.46
348,99,3,1079.25
348,36,2,4572.09
349,39,3,9276.79
349,40,2,7915.88
349,50,3,9048.64
350,88,3,9190.46
350,74,1,7305.26
350,12,3,7600.3
350,44,3,7996.46
350,81,1,4148.1
351,35,2,9119.29
351,30,2,13938.89
351,42,1,8707.22
352,40,1,12473.16
352,67,3,6467.32
352,34,3,6645.8
353,99,3,13412.98
353,18,3,4777.72
354,92,3,8517.1
354,27,2,8935.36
354,23,1,11006.59
355,82,1,3483.14
355,82,2,3154.63
355,83,2,5937.48
356,62,3,4425.74
356,73,2,8292.42
356,19,2,9286.76
356,33,1,14514.45
357,51,1,1464.92
357,33,2,7094.03
357,71,3,12406.79
357,66,3,6597.15
357,35,1,14732.88
358,77,1,7407.34
358,50,2,2231.95
358,24,1,5739.36
358,7,1,12784.03
359,14,3,8260.73
359,17,1,13923.34
359,88,2,3470.94
360,8,1,2115.76
360,80,3,4519.02
360,56,1,3842.08
360,80,3,8773.95
360,35,3,5626.5
361,20,1,8528.8
361,41,1,2991.71
362,27,3,9436.3
362,21,1,8782.98
362,79,2,12238.48
362,16,1,4069.8
363,29,1,7162.85
363,22,1,13805.57
363,36,1,545.94
363,86,2,6810.3
364,50,2,3594.12
364,13,1,6423.75
364,57,2,2680.59
364,50,3,11385.07
364,3,3,11593.31
365,87,2,6831.43
365,68,2,5170.16
366,65,3,6124.56
366,57,3,3479.31
366,19,3,1621.68
366,90,3,5976.13
367,27,1,5056.07
367,52,2,4107.1
367,38,1,6001.94
367,61,1,10454.14
368,32,3,10614.92
368,58,3,12101.46
368,50,3,5505.17
368,49,1,7618.88
368,93,2,13683.23
369,56,2,5549.34
370,47,2,7438.7
370,22,1,12877.88
370,83,3,9187.03
371,5,2,5786.29
371,98,1,1804.6
372,12,3,10582.04
372,7,2,1649.2
373,58,1,4750.72
373,56,2,13129.63
373,24,1,6437.23
374,67,1,3861.33
374,12,3,1256.12
375,37,3,7318.6
375,55,1,3925.56
376,78,3,1617.19
376,99,1,4401.14
377,69,1,11796.36
377,71,2,10986.52
378,69,1,4061.87
378,2,2,12903.41
379,66,1,7763.24
379,8,2,2456.76
379,7,2,2760.69
380,31,3,12597.06
380,74,2,7204.88
381,23,3,2093.2
381,32,1,9781.97
381,97,1,1472.57
381,49,1,508.31
382,68,2,10324.12
382,51,3,8351.3
382,52,3,7265.99
382,83,3,5632.06
383,74,3,12645.6
383,52,2,8090.32
383,53,1,7795.71
383,64,1,12170.16
383,27,1,9197.07
384,39,1,9263.74
384,53,2,5951.19
384,48,1,5060.91
385,97,1,3625.77
385,100,3,11380.04
386,76,3,2527.75
386,39,2,4045.13
386,3,1,13603.12
386,33,2,6288.97
387,48,1,7217.84
387,54,1,4057.81
387,19,3,13879.83
387,38,2,1270.23
388,50,3,13145.64
388,10,3,4762.29
388,66,3,7418.07
388,62,1,5611.0
389,40,3,2906.21
389,13,1,11292.9
390,35,1,857.91
390,28,3,8055.82
390,4,2,6349.47
390,79,2,5530.42
390,42,2,5835.53
391,75,1,13311.23
391,98,2,6784.42
391,66,1,10161.64
391,71,3,11359.59
391,65,1,14980.35
392,49,2,10078.94
392,57,3,10976.88
393,19,1,11550.58
393,26,1,9444.68
393,36,2,3693.44
394,39,1,14326.62
395,54,3,3308.13
395,20,2,8432.31
396,27,1,14869.88
396,21,1,4349.86
396,62,1,3676.87
397,87,2,2156.44
397,86,2,12269.5
398,79,3,14702.14
398,61,2,8867.13
398,71,3,5293.7
399,68,1,10182.4
399,92,3,8040.7
399,36,3,11785.29
400,29,1,6791.16
400,35,2,14129.13
401,64,3,14874.04
401,7,3,4854.97
401,33,1,12449.0
402,29,1,13270.82
402,32,2,13625.03
402,13,3,8362.03
402,47,2,11266.59
402,54,3,5302.59
403,32,1,9534.34
404,100,2,13928.81
405,56,2,12318.38
406,54,2,14686.2
406,43,2,2214.28
407,63,2,13953.61
407,51,3,3603.41
408,31,2,4026.92
408,22,2,2808.28
408,42,3,5964.29
408,11,1,1690.38
409,20,3,6713.87
410,90,3,2702.37
411,1,2,3074.81
412,38,2,10341.73
412,90,2,10157.84
413,6,1,13446.76
414,13,1,14946.58
414,11,1,9408.27
414,25,1,13507.31
415,14,2,9103.87
415,79,3,1539.41
415,79,2,2509.93
415,60,3,12859.73
416,83,3,7965.93
416,64,3,3744.98
417,5,2,12856.27
417,86,1,10576.18
417,58,2,14299.72
418,38,3,10732.03
418,52,2,12201.01
418,31,2,10160.7
419,31,2,2656.45
419,20,1,1652.07
420,16,1,2061.28
420,58,1,2665.24
420,10,2,11670.32
420,89,2,8899.42
420,92,2,6812.36
421,83,3,14167.39
422,94,3,4886.92
422,91,1,13486.05
422,84,1,5781.04
422,51,1,5503.74
422,7,1,12696.26
423,50,1,12281.52
423,60,3,14515.01
423,91,2,7019.38
424,96,3,6624.05
424,41,3,13087.94
424,24,1,13103.03
425,33,2,1851.64
425,43,1,1109.37
426,31,3,9256.87
426,36,1,10951.37
427,5,1,9657.3
427,92,2,12103.03
427,48,2,539.69
427,62,3,3424.84
428,43,3,10050.65
428,95,3,7822.23
429,51,3,14907.65
429,79,3,3351.58
429,99,3,12104.05
429,59,3,9069.14
429,38,3,14953.46
430,6,2,5322.78
430,53,3,9592.12
430,9,2,12528.52
430,54,2,13754.53
431,74,1,13884.8
431,76,1,7014.43
431,39,3,12856.39
431,30,3,13613.52
431,33,2,4347.81
432,30,1,3716.11
432,58,1,6256.21
432,56,1,14400.24
432,36,3,12309.16
432,70,2,736.98
433,99,3,10118.06
433,64,3,3594.51
433,85,3,4669.58
434,31,2,8630.94
435,23,3,10013.49
435,2,3,6727.76
435,43,3,4061.15
436,3,1,2383.22
436,96,3,4243.8
436,85,2,10241.26
436,54,1,13636.34
437,94,1,5740.73
437,98,2,4987.64
438,89,3,9765.83
438,10,1,13161.71
438,1,1,1456.74
438,99,2,14494.58
438,15,2,5394.18
439,99,3,7246.81
439,16,2,10185.98
439,36,1,5665.76
439,12,2,3057.78
439,25,3,14201.64
440,80,1,14885.78
441,19,2,2824.93
441,89,3,3315.47
442,4,2,12875.84
442,97,2,2001.76
442,66,2,3579.22
443,80,3,7509.64
443,76,3,10611.64
444,85,2,8583.14
444,59,2,5172.1
445,26,1,1027.5
445,25,1,8778.62
445,3,3,14041.84
446,54,3,12644.03
446,41,2,1735.77
446,13,3,8047.46
447,76,1,7364.73
448,71,3,11542.97
448,16,3,12257.02
448,82,2,4067.54
448,69,2,4755.04
448,14,1,14116.2
449,90,2,12327.55
449,20,2,5429.15
450,10,3,5774.89
450,64,2,11210.11
450,53,1,879.14
450,37,2,3179.25
451,18,3,9242.14
452,47,1,1879.78
453,99,2,5115.52
453,16,1,8857.96
453,75,1,3857.03
454,40,3,11445.19
454,11,3,8459.58
454,74,3,8417.94
455,85,2,1956.32
455,52,1,5022.44
455,54,1,10039.51
455,35,3,1254.78
455,9,1,14260.27
456,1,1,13425.33
456,6,2,12237.76
456,52,3,2049.92
456,21,3,14125.03
456,32,1,5343.91
457,84,3,10660.11
457,14,3,12277.6
458,28,3,10768.34
458,22,3,14380.73
458,88,3,3959.5
458,53,1,10380.46
459,74,3,11755.8
459,25,2,8439.67
459,8,2,3559.61
460,25,3,4744.24
460,18,2,14618.96
460,53,3,4671.11
460,32,3,12914.03
461,91,2,4197.49
462,64,1,14678.33
462,52,3,3271.89
462,33,3,2358.77
462,24,3,8912.96
462,86,1,2420.5
463,30,1,11300.76
464,88,2,2427.95
465,36,1,8831.33
465,84,1,10899.93
466,53,1,5449.68
467,19,1,11002.56
467,16,2,5214.12
467,53,2,10063.04
467,88,2,6929.47
468,82,1,3498.33
468,46,1,13114.29
469,63,2,14262.57
469,56,1,4155.61
470,60,1,1390.37
470,8,3,7151.84
470,38,1,6494.36
470,37,1,4609.97
471,55,1,7361.89
471,98,3,1446.78
472,45,2,9841.63
472,58,1,10482.25
472,36,2,14470.87
472,35,1,7465.08
473,18,1,11824.61
473,83,2,6076.43
473,71,3,9807.38
473,19,1,4381.3
474,67,2,10503.66
474,35,3,7988.97
474,40,3,6353.86
475,73,1,3997.77
476,33,1,11487.19
476,86,3,12909.83
476,74,3,13866.5
477,68,1,2661.9
477,3,2,11643.15
477,99,3,6586.03
477,44,1,7474.78
478,14,3,4941.9
478,98,2,4141.93
479,76,1,9618.28
479,86,3,8695.63
479,46,1,6008.86
480,26,1,5208.37
480,44,2,7335.07
480,31,3,5334.72
480,30,2,14383.78
480,3,3,1605.89
481,18,1,6455.66
481,6,1,7272.7
481,69,3,1552.76
481,88,3,6898.58
481,18,1,11201.35
482,48,1,1030.93
482,2,3,6432.5
483,83,3,13402.12
483,27,1,5441.81
483,31,3,2222.3
484,77,3,11323.06
484,98,1,1140.47
484,89,2,8345.59
485,63,1,12037.97
486,13,1,7803.66
486,30,3,4526.21
486,55,3,5559.9
487,97,2,8566.16
487,22,1,11214.06
487,81,3,809.74
488,25,1,12423.55
488,30,3,1155.46
488,23,1,12495.52
489,17,2,7182.4
489,85,2,3771.57
490,5,1,11023.29
490,93,1,5816.31
491,88,2,2731.98
491,9,1,7369.09
491,1,1,5930.77
492,23,3,12722.16
492,54,1,1730.0
492,21,1,1561.59
492,54,1,6801.97
492,90,1,4359.03
493,92,3,13315.52
493,68,3,13535.14
493,75,2,13352.63
493,21,3,8226.29
493,73,1,14327.46
494,23,3,12632.01
494,57,2,5078.09
494,78,1,13930.09
494,99,1,3345.91
495,49,3,7240.59
495,12,3,2172.54
495,89,1,13562.05
496,95,3,8236.37
496,15,3,7450.16
497,92,3,12342.21
497,7,3,3106.99
497,30,1,3987.0
497,7,3,12945.4
497,70,1,4001.67
498,11,2,8113.6
498,12,2,4286.53
498,71,1,12507.6
498,6,2,7612.37
498,27,1,12141.62
499,90,3,1796.05
499,19,3,6914.04
500,93,3,8427.53
500,95,2,7183.04
500,88,2,14894.9
500,44,1,980.04
501,100,1,11741.91
502,93,1,1712.69
503,97,3,12215.6
503,75,1,1698.17
504,62,1,6865.2
504,69,3,5887.32
505,4,3,2671.74
505,46,2,5996.15
505,15,3,9861.3
505,97,2,4281.66
505,11,3,12285.11
506,86,3,8330.19
506,37,2,8072.22
506,99,1,2683.37
506,98,2,7770.52
506,6,2,6001.96
507,65,2,7276.04
508,77,1,540.54
509,32,2,5507.61
509,44,1,5741.27
509,67,2,8185.51
510,49,3,2282.66
510,53,1,12066.65
510,66,1,14864.68
510,48,3,1210.47
511,22,3,5942.22
511,6,3,10857.18
511,81,2,1269.03
512,31,2,9230.49
512,79,3,7170.34
513,3,3,11789.9
513,68,1,2323.62
513,8,2,12128.91
514,51,2,12606.02
515,72,3,11208.34
516,81,3,4250.59
516,83,1,8438.43
516,61,2,13266.58
517,67,1,5982.27
517,98,1,8160.66
518,52,2,4012.29
519,19,3,6301.2
520,93,1,8064.99
520,83,3,10171.2
520,40,2,4815.01
521,32,2,11468.95
522,48,3,11015.81
522,68,2,3601.18
523,100,2,1691.44
523,6,2,4728.57
523,81,2,2771.74
524,97,2,13060.97
524,6,1,6347.55
524,30,3,10298.39
525,70,3,3210.85
525,25,3,837.33
525,11,2,5970.43
526,36,2,7938.21
526,68,3,13785.98
526,3,1,11096.31
526,48,1,8563.31
527,67,1,12541.03
527,36,2,11019.67
527,18,2,9346.38
527,90,1,10268.33
527,44,1,4700.59
528,38,1,3467.28
529,27,2,3317.77
529,68,2,9013.26
530,51,3,3717.24
531,14,1,1871.34
531,77,2,8130.07
532,70,1,9293.62
533,31,3,1825.57
533,87,1,7642.43
534,52,3,5183.79
534,29,1,13294.55
535,93,1,14365.05
536,98,3,7701.66
536,42,2,1881.96
536,65,2,11794.24
536,93,3,13431.45
536,2,1,3526.2
537,4,3,2047.81
538,15,3,2354.65
538,77,3,13902.73
538,32,3,5970.72
538,61,3,10691.16
539,94,2,12434.09
539,77,1,14425.34
539,54,1,13293.08
540,51,2,9341.27
540,45,1,13345.32
541,40,3,1528.23
542,68,3,11692.08
543,14,3,4737.53
543,30,2,8183.38
543,44,1,9005.08
544,25,1,12316.72
544,21,1,9295.24
544,65,1,1565.77
544,58,2,5360.27
545,10,1,4199.64
545,5,3,11317.23
545,94,2,2385.76
545,69,2,14139.68
546,47,3,808.19
547,31,2,14066.09
547,55,2,14511.17
547,96,1,8030.42
548,15,3,2367.4
549,6,1,13185.02
550,67,1,5739.17
551,78,1,12363.5
551,98,1,6101.12
551,88,2,1553.85
551,96,1,1949.21
552,99,1,4183.39
552,44,2,1254.76
553,66,3,3159.36
553,74,1,7538.1
553,63,2,11564.25
553,83,1,9507.09
554,34,2,11370.12
554,6,1,4010.45
554,71,1,12010.26
554,58,1,5467.83
554,31,2,13011.09
555,95,3,2479.18
555,6,1,3889.34
555,48,3,10995.93
555,7,1,10171.87
555,58,3,10562.52
556,7,3,5839.52
556,73,3,10759.43
556,38,2,8824.27
556,3,3,14932.77
556,33,3,12206.21
557,97,3,10739.34
557,80,3,6600.7
557,80,3,12217.02
557,100,3,4797.97
558,83,3,11512.67
558,96,3,10300.67
558,98,2,1799.99
558,67,2,2605.13
558,47,3,6069.43
559,32,1,5290.13
559,14,2,808.46
559,65,2,8757.48
559,25,1,13412.83
559,14,1,12668.2
560,38,1,11755.9
560,56,2,8676.77
561,53,3,10645.33
562,61,1,6270.91
562,16,2,11574.98
562,4,3,6908.85
562,96,1,4987.78
562,93,1,8039.91
563,42,3,10106.88
563,47,3,4037.45
564,18,3,13507.45
564,97,1,12621.58
564,37,1,13510.14
564,53,3,2208.18
564,19,3,8710.88
565,44,1,8464.16
565,19,2,9062.43
565,46,3,10310.04
565,56,3,4357.56
566,49,3,5985.29
566,53,3,1555.66
566,28,1,8646.01
566,55,1,10244.17
566,88,1,11614.12
567,41,3,5384.36
567,97,1,4152.99
567,25,2,6280.72
567,20,1,9020.36
567,99,2,12821.57
568,81,1,12892.24
568,22,2,11408.83
568,1,1,10181.89
569,56,3,6164.76
569,50,1,14977.43
569,15,2,7806.54
569,10,1,10190.57
569,79,2,12441.63
570,7,1,5940.28
571,79,3,4549.08
572,81,3,1560.86
572,95,2,1287.69
572,53,1,13012.03
573,26,3,14266.64
573,83,2,9591.18
573,7,3,5841.24
573,82,2,4416.76
573,64,2,6919.08
574,51,1,1343.64
574,58,1,11027.31
574,98,2,10235.2
575,18,2,782.21
575,12,3,13150.5
575,93,3,12477.09
575,50,1,14738.75
575,73,3,14021.03
576,99,2,829.66
577,87,3,4310.59
577,25,1,3438.66
577,30,1,14090.0
577,41,2,10866.32
577,22,1,5498.75
578,14,2,8397.94
578,11,2,654.3
578,22,3,1974.02
578,78,1,506.73
579,29,2,3950.61
580,86,2,2419.17
580,64,3,8814.82
580,45,2,2258.33
580,28,2,1577.87
580,86,3,4802.56
581,76,1,11026.81
581,22,3,5183.83
581,19,2,4763.24
582,13,2,4493.18
583,31,2,3470.91
584,14,2,7320.77
584,14,1,13623.12
584,95,2,10175.51
585,24,1,703.2
585,21,3,1837.89
586,76,3,12496.18
586,14,3,3304.09
586,67,2,2988.48
586,70,2,11150.95
587,94,3,9294.16
587,30,2,13065.46
587,30,3,4023.93
587,15,3,3069.64
588,53,1,5407.83
588,74,2,14416.63
588,3,2,11891.31
589,70,3,9731.43
589,52,3,13943.03
589,16,2,7435.66
589,8,2,12983.11
589,64,1,13554.53
590,100,1,12971.47
590,2,2,11585.77
590,49,3,2582.63
590,85,1,3116.51
590,81,2,5254.41
591,12,2,10341.83
591,85,2,715.07
592,70,2,14087.35
592,88,2,6371.55
592,20,3,1556.5
593,10,3,2511.79
593,73,2,14549.29
594,6,3,9064.17
594,99,3,4393.5
594,56,3,9329.94
594,37,3,13087.13
594,21,1,13436.56
595,43,1,14295.3
596,85,3,6780.69
596,93,3,10892.89
597,65,2,9901.37
597,39,3,5396.95
597,95,3,7926.98
598,83,1,4611.71
599,81,3,7859.26
599,97,1,10581.57
599,57,1,5675.6
599,23,1,13480.34
600,58,2,7425.22
600,70,3,3208.04
600,79,2,4486.05
600,100,1,14471.09
601,93,3,10123.54
602,64,3,8216.86
602,50,3,2673.8
602,80,3,13772.12
602,65,2,10918.83
603,17,2,7983.69
603,26,2,14915.78
604,83,3,5114.68
605,1,2,9831.47
605,88,3,11989.88
605,48,1,10584.77
605,4,3,13473.39
605,47,2,6023.62
606,43,3,7121.21
606,5,1,10258.66
606,22,2,13546.62
606,23,3,5468.16
606,48,2,4142.48
607,51,2,9107.13
607,26,1,5618.79
607,79,2,3192.49
607,32,3,14298.78
607,88,3,11220.73
608,51,1,13061.24
608,25,3,14426.88
608,74,1,5432.7
609,34,1,10424.8
609,42,1,8229.08
610,93,2,3079.53
610,44,2,2931.35
610,74,1,6352.95
611,29,3,3722.92
611,68,3,11834.4
611,48,1,3741.53
611,65,1,8619.04
611,51,2,5804.16
612,67,2,14365.76
612,72,2,726.67
612,42,2,11708.55
612,37,2,3751.0
613,40,3,9536.11
613,87,3,12452.76
614,15,2,9185.52
615,7,1,8062.37
615,91,2,8938.67
616,5,1,12659.16
616,27,2,4959.92
616,42,2,7078.31
617,42,1,2054.72
617,94,1,5808.6
617,28,2,7399.91
618,13,1,12082.65
618,58,2,1163.99
618,80,2,14314.59
618,20,3,13031.75
618,14,2,14280.61
619,5,2,3071.21
620,79,3,14245.64
620,16,3,9080.15
620,61,3,1372.06
620,94,1,11487.59
621,35,2,2381.75
622,68,3,12918.57
622,45,2,2860.45
622,18,2,8582.4
622,100,2,6533.21
622,42,3,7843.37
623,69,2,4553.3
623,22,1,7644.32
623,44,3,5390.64
623,95,3,4554.4
624,94,3,6618.49
624,47,2,11920.31
624,79,2,3077.74
625,39,3,13702.06
625,11,3,6707.56
626,4,1,14022.33
626,1,1,1121.69
626,40,2,9767.89
627,83,1,1554.85
627,31,1,9818.43
627,15,2,13093.03
627,9,1,580.76
627,44,2,989.94
628,82,3,6672.4
628,95,1,10388.93
629,39,2,12841.27
629,68,3,6054.48
629,76,3,14928.96
630,19,2,14464.88
630,89,1,6634.55
630,82,2,10930.73
630,38,3,6492.55
631,17,2,12766.47
632,48,2,3532.69
632,9,3,3667.36
633,91,3,12212.07
633,14,3,2439.02
634,17,1,9295.4
635,81,2,9548.98
636,49,3,617.67
637,67,1,6522.84
638,21,1,10904.4
638,60,2,851.27
638,22,2,6358.37
638,91,1,10144.78
639,24,2,7461.15
639,42,2,11328.99
640,72,3,4351.64
640,18,2,2743.95
640,74,1,5218.8
641,12,3,12341.69
641,86,3,7076.81
641,85,3,3995.79
641,14,2,1269.9
641,24,3,6873.28
642,83,2,3045.46
643,88,1,3375.66
643,92,3,3650.41
643,73,3,8947.04
643,24,1,5224.43
644,20,3,14350.3
644,79,1,11244.42
645,13,3,6692.95
645,42,3,12881.08
646,82,2,3925.94
647,19,1,13502.25
647,42,3,5773.54
647,32,3,12907.64
647,70,1,5142.95
647,40,2,6559.19
648,93,3,7213.9
648,96,2,3673.56
648,51,2,4083.46
648,3,3,5323.05
649,74,2,9362.59
649,93,1,3116.68
649,58,3,12460.6
650,57,1,3208.52
650,23,2,1513.3
650,8,2,4074.1
650,77,2,11516.31
650,64,3,2131.44
651,91,2,2504.99
651,72,3,4023.89
651,20,1,12278.65
651,97,1,2453.39
652,51,3,11963.49
652,7,3,3232.39
652,5,1,4347.02
653,63,3,12257.08
653,88,2,8020.05
653,65,3,6856.36
653,88,1,10553.13
653,93,3,13238.47
654,46,1,3933.54
654,69,2,13902.39
654,97,1,3428.93
654,36,2,3926.17
654,50,3,1689.14
655,74,2,2087.47
655,9,2,12610.17
655,21,1,13144.1
655,74,1,831.19
655,20,3,8869.23
656,96,2,10128.12
656,12,2,3383.17
656,36,3,13083.93
656,66,1,1321.99
656,26,1,8859.96
657,11,1,10458.22
657,64,1,9326.11
657,15,1,6268.38
657,82,1,11110.45
658,27,1,2212.15
659,53,2,11413.57
659,18,1,2169.91
659,99,3,10264.85
659,15,1,6047.44
660,17,1,1106.84
661,93,1,6974.12
661,93,2,10094.91
661,68,2,14019.83
661,26,3,11328.21
661,28,1,4757.38
662,56,2,5391.04
662,69,1,10074.89
663,84,3,12263.26
663,100,3,2002.63
663,98,2,3053.99
663,12,2,829.29
664,88,2,9567.55
664,18,2,12967.74
664,74,3,5236.27
664,18,1,9146.69
664,49,1,748.17
665,25,3,12779.66
665,45,3,6017.19
665,9,3,11171.76
665,1,1,10877.26
665,73,3,5505.96
666,64,1,11757.26
666,30,2,2220.43
666,36,1,6646.0
666,46,3,5236.26
666,47,2,4950.7
667,28,1,4260.68
667,10,3,11788.56
668,19,2,13987.69
669,16,2,9406.64
669,62,1,8584.16
669,36,1,2912.1
669,80,1,6925.16
670,56,2,12998.48
671,53,1,2384.82
672,68,3,14204.71
672,14,2,5131.81
672,21,3,9660.15
673,29,3,10799.81
674,5,1,1350.39
674,3,3,5766.21
674,52,2,8684.21
675,48,2,13449.12
675,40,3,1440.79
675,57,3,10317.49
675,45,2,4633.13
676,32,2,7453.79
676,14,1,12633.17
677,60,2,539.61
677,6,3,1361.28
677,16,3,2278.23
678,4,3,11991.68
678,71,1,1955.47
679,36,1,7590.27
679,55,3,1118.04
679,2,3,1912.71
679,94,3,5810.54
680,19,3,941.99
681,44,3,1381.64
682,26,3,1115.53
683,14,1,1281.3
683,92,1,5316.02
683,7,2,5736.26
683,68,2,7634.48
684,52,1,2155.98
684,26,1,752.73
685,24,2,8209.53
685,68,3,5652.34
685,55,3,6727.53
685,33,2,930.42
686,72,1,5339.56
687,78,2,2770.47
687,57,2,12655.8
688,56,1,1644.53
688,75,1,8106.93
688,18,3,12879.37
688,3,1,1334.92
689,52,2,6670.67
689,40,2,9589.15
689,4,1,12029.0
690,58,3,7541.98
691,16,2,1041.59
691,96,3,4309.07
691,31,3,11639.95
691,71,1,12397.94
692,97,3,12939.84
692,81,3,4408.57
692,1,2,4114.71
692,91,1,5091.66
692,23,1,4205.06
693,65,1,12213.56
693,39,3,12536.9
693,64,2,11858.23
693,68,2,9763.78
693,83,1,3380.62
694,57,3,2244.03
694,54,2,9243.31
694,96,2,1979.8
694,49,1,2652.38
694,63,2,14311.92
695,62,3,4359.52
695,30,1,11551.83
695,56,1,3558.56
695,89,3,10211.11
696,38,3,8742.71
696,15,3,6967.99
696,2,1,10816.56
696,34,1,13309.66
696,85,1,881.45
697,7,3,7180.76
697,70,1,2032.52
697,53,1,12694.9
697,85,3,10059.33
698,13,3,14183.86
698,11,1,5855.97
698,90,3,8787.66
699,65,3,7004.41
699,19,1,1710.76
699,57,1,11098.87
699,69,3,9576.43
699,38,3,7869.15
700,70,2,13465.37
701,69,1,2830.39
701,16,2,14228.65
701,46,3,7940.61
702,74,2,14601.53
702,48,2,14021.35
703,23,1,12272.12
703,34,3,1178.92
703,61,2,7362.49
703,12,1,12710.72
703,49,3,1734.36
704,52,1,11586.84
704,86,1,14045.16
704,66,2,10277.94
704,76,2,11976.22
704,77,3,6640.38
705,20,2,11029.98
705,51,3,14177.42
705,86,2,10136.46
705,7,2,1125.45
705,46,1,10844.04
706,12,3,6641.08
706,46,2,1138.31
706,71,3,4097.62
707,37,3,13459.56
707,89,3,8593.72
707,43,3,5972.11
707,14,2,8924.99
708,24,2,9779.98
708,78,2,10679.16
708,37,3,5956.56
708,70,1,10945.15
709,55,1,4351.85
709,66,2,2699.5
709,57,1,2717.76
709,44,1,6096.06
709,21,2,8909.96
710,81,2,4490.65
710,70,1,504.98
711,100,1,4355.81
711,52,3,10601.97
711,30,3,1095.78
711,56,1,14782.68
711,51,2,2694.41
712,57,3,8848.38
712,55,1,9536.97
712,9,1,4848.55
712,28,1,9004.22
712,97,3,4100.13
713,82,1,14979.4
713,27,3,6407.0
713,30,1,7389.1
713,53,1,5455.07
713,32,1,13816.08
714,72,3,1868.74
714,43,3,818.0
714,22,2,13643.22
715,97,2,7686.08
715,34,1,9436.05
715,55,2,9929.14
716,90,2,4467.2
716,73,2,6329.94
717,61,3,7521.47
718,99,3,2338.27
719,77,3,8811.9
719,70,3,1106.55
719,70,3,541.35
720,60,3,2609.17
720,35,1,6921.34
720,53,3,12792.97
720,14,1,12676.15
721,24,2,9585.56
721,34,3,6621.68
721,85,3,9452.4
721,32,3,14641.21
721,51,3,9468.9
722,40,3,6026.86
722,40,3,13441.59
722,12,2,5434.13
722,34,2,12151.9
723,15,1,9398.61
724,87,1,1349.53
724,88,2,14922.92
724,32,3,13966.85
724,89,1,5593.29
724,10,2,1639.79
725,30,3,8298.35
726,51,1,6608.11
726,32,2,14650.03
726,83,1,1950.12
726,75,2,5250.98
726,77,1,5995.25
727,7,1,9114.7
728,39,1,4831.34
728,75,2,3094.45
728,38,2,14980.28
728,88,2,11890.0
728,95,3,9394.16
729,64,2,1225.03
729,56,2,2846.52
729,40,2,6642.06
729,47,2,11465.86
730,69,1,8782.55
730,40,2,14488.99
730,25,3,12176.34
731,55,1,4016.49
732,34,2,13200.34
732,17,3,3172.72
732,54,2,10658.68
733,14,2,9673.05
734,78,2,3819.08
734,7,1,10574.49
734,87,2,2823.83
734,24,1,3036.16
734,38,1,14467.55
735,55,2,10562.27
735,61,2,6317.92
735,98,2,9392.46
735,50,1,2003.02
736,36,3,14760.66
736,12,2,13705.42
737,33,3,12054.79
737,82,2,14903.92
737,1,3,717.7
737,61,3,7985.92
737,51,2,10809.02
738,17,1,13181.97
738,23,3,9135.1
738,46,2,13995.52
738,2,2,6968.67
738,92,2,11991.66
739,82,2,1604.03
739,94,1,13833.07
740,27,3,4142.81
741,44,1,6736.21
741,90,3,11077.7
741,97,3,1197.36
741,71,2,14618.69
742,48,2,14245.83
742,23,2,2354.79
743,89,1,7800.21
743,33,2,12055.28
743,35,1,955.82
743,55,2,4929.79
743,48,2,9957.0
744,95,1,13113.12
744,10,1,2529.18
744,25,1,14052.49
745,37,3,9414.26
745,95,3,14668.68
745,88,3,11134.88
745,11,2,6856.63
746,98,1,4021.99
746,38,3,9801.98
746,96,1,7594.64
746,4,1,13080.34
747,69,2,10433.7
747,10,2,5627.64
747,2,3,8372.08
747,9,3,11868.55
747,32,1,4196.48
748,5,2,9328.77
748,30,2,10928.21
749,19,2,9549.87
749,30,2,12792.67
749,40,1,1018.58
749,90,3,11234.44
749,66,1,10869.75
750,57,2,7824.77
750,66,1,12717.12
750,45,1,4543.39
750,33,3,14354.92
751,34,2,1275.56
751,69,1,12382.01
751,47,3,1456.38
752,80,1,7029.88
752,71,1,725.76
752,88,3,11456.95
752,93,3,5147.23
752,83,3,2288.33
753,59,3,7931.14
753,33,3,11162.45
753,80,3,8899.56
753,76,3,7960.14
753,20,3,9183.33
754,41,2,8892.24
754,18,2,2017.48
754,58,3,2494.19
755,30,1,12248.25
755,94,3,8336.48
755,49,3,4163.18
755,35,1,13616.1
756,84,1,9089.7
756,21,3,3914.25
756,73,1,2688.74
756,15,3,10063.2
756,64,1,6182.51
757,73,1,14759.38
757,67,3,13900.23
758,72,1,2932.86
758,16,1,12335.11
758,2,1,3835.28
758,1,1,1413.95
758,67,2,7188.98
759,15,1,13695.59
759,66,3,9154.56
759,72,3,7472.27
759,50,1,662.46
760,38,1,5903.73
761,37,1,13800.4
762,71,2,13964.06
762,84,1,9796.72
763,76,3,11449.2
764,36,2,11854.06
764,99,3,9801.96
764,25,2,4985.29
764,76,2,12564.83
765,5,1,3379.06
766,59,2,13781.99
767,48,2,14180.15
768,49,2,12594.32
768,43,1,13592.62
768,6,2,6776.34
768,86,2,6620.19
768,12,1,689.11
769,48,2,13078.8
769,91,1,10709.16
769,29,2,522.99
769,58,3,5197.0
770,79,3,4398.54
770,80,2,1108.39
770,79,1,5825.62
770,72,1,6733.5
771,26,2,8532.44
771,49,3,11021.43
771,73,3,6376.22
771,50,3,7157.14
771,2,3,3894.16
772,72,3,8040.57
772,82,3,2215.54
772,68,3,10075.97
772,63,3,1553.39
773,48,3,6716.94
774,59,1,8755.57
774,49,1,10551.6
774,31,1,823.02
775,17,2,13277.1
776,59,3,8068.66
776,72,1,6012.04
776,39,1,8522.79
777,98,3,5843.88
778,10,2,5737.5
778,66,2,14586.97
779,59,2,7125.31
780,86,3,2500.56
781,50,3,3180.73
781,10,1,8356.25
781,83,3,2597.47
782,78,3,9087.2
783,56,2,3066.88
783,19,3,14173.86
784,66,3,1579.5
784,7,3,13283.8
784,34,3,11105.46
785,17,1,12437.96
785,45,3,4757.9
785,63,1,5124.93
786,17,1,12751.37
786,19,1,12746.18
786,47,2,12542.32
786,91,3,761.9
786,94,1,1418.86
787,29,3,13527.91
787,53,2,14284.27
787,59,1,3563.45
787,18,2,12790.47
788,23,3,2862.85
788,72,3,5257.43
788,93,2,573.32
788,12,2,8042.47
789,24,1,10488.29
789,92,2,3985.37
789,18,2,1551.08
789,70,2,590.58
789,9,1,11901.37
790,83,3,11419.34
790,8,1,2184.45
790,48,1,9351.07
790,60,1,14725.3
790,85,1,5067.26
791,11,3,13261.62
791,96,2,3797.49
791,57,1,12401.82
791,18,1,1135.83
792,10,2,9107.9
792,88,1,566.75
792,62,2,13637.74
792,84,1,13220.22
793,40,3,10814.96
793,90,2,3791.55
793,83,1,12063.01
793,67,2,6491.46
793,72,3,3593.41
794,45,1,9130.08
794,36,2,11606.87
794,53,3,1777.32
794,80,3,7962.72
795,61,1,12169.22
795,69,1,3591.65
796,5,2,5318.21
797,46,3,10127.82
797,52,1,10426.73
798,60,2,3593.37
799,57,2,8098.26
799,31,2,13134.68
799,20,2,8184.13
800,35,3,6813.61
800,96,2,6993.17
800,76,3,3675.93
800,92,2,13419.44
801,65,1,8433.86
801,23,2,12102.93
801,49,3,14551.18
801,39,2,13767.57
801,70,1,5297.3
802,58,2,13941.67
803,51,2,7010.29
804,46,1,5781.22
804,51,1,3486.85
804,24,3,12457.45
805,5,3,14085.3
805,99,2,2053.53
805,64,3,10647.64
805,94,1,10158.19
805,77,1,13397.51
806,11,1,7209.15
807,50,1,9214.89
807,88,1,2563.7
807,38,3,14165.23
807,88,2,1282.76
807,90,1,2938.76
808,52,3,9504.25
809,41,2,10630.17
809,11,3,3068.33
810,11,3,2460.88
811,41,3,5681.49
811,8,1,2789.68
811,54,3,13825.11
811,11,2,2109.41
812,93,1,13644.33
812,45,3,10452.59
813,34,2,9688.89
813,80,2,963.86
813,37,1,14359.99
813,64,1,11592.28
813,91,1,12745.61
814,77,3,1218.0
814,46,3,11275.87
814,87,2,9836.74
814,30,3,11389.44
815,7,1,14747.22
816,87,3,3635.36
816,39,3,676.97
816,89,3,2218.5
817,45,1,14096.47
817,28,2,1161.3
817,79,3,14598.41
818,9,1,8370.04
818,81,3,13692.93
818,29,3,5383.76
819,79,1,14417.74
819,46,2,11519.5
819,32,2,10447.36
819,44,1,1162.72
819,50,1,982.24
820,63,3,14138.27
820,2,3,778.71
820,74,2,14172.12
820,71,1,1568.47
821,92,2,7423.76
821,6,3,13483.86
821,62,3,4372.31
821,88,1,10891.52
822,85,1,8769.0
822,37,2,8925.27
823,29,1,540.3
823,63,2,5966.17
823,21,2,5257.33
824,21,3,5545.11
824,2,1,7651.84
825,41,2,2385.11
825,51,1,4645.1
825,59,3,4194.18
825,75,1,9602.18
826,90,1,3673.11
826,29,2,5299.93
826,13,1,720.88
826,5,3,1077.59
826,54,3,1172.73
827,1,3,11582.43
827,70,3,13746.11
828,33,1,702.2
828,15,1,6068.38
828,57,1,12021.39
828,79,1,4583.05
828,87,2,14386.47
829,43,3,8569.01
829,70,2,5187.53
829,73,1,1772.04
829,76,3,9107.15
830,40,1,6231.0
830,30,1,6576.66
830,23,1,13328.79
830,19,2,5865.64
831,24,1,4209.6
831,60,1,10576.09
831,17,1,13656.3
831,15,1,12116.72
831,21,1,10848.57
832,1,1,3241.15
832,90,1,1935.13
832,78,3,10073.67
832,9,2,13650.11
832,68,1,8072.68
833,93,1,10452.73
833,73,1,6789.16
833,99,1,7795.43
833,28,3,5885.71
834,71,1,11089.79
834,41,3,11369.56
834,89,2,2928.45
834,89,1,6034.94
834,67,1,10778.03
835,31,2,8257.18
835,90,3,12942.16
835,9,3,14696.8
836,20,3,13674.92
836,62,1,12153.73
836,36,2,14440.95
836,40,1,10031.67
836,66,1,2937.76
837,21,1,1282.63
837,71,1,9418.11
837,69,1,9566.44
837,30,1,10106.04
838,8,2,1785.87
838,36,2,14817.34
839,94,1,13906.04
839,68,3,2090.74
840,47,3,9235.43
840,26,3,648.01
840,17,3,9595.89
840,2,1,1023.68
841,7,2,14088.02
841,90,1,3675.75
842,17,3,6864.15
842,46,1,10584.06
843,32,2,10908.86
844,100,1,7798.4
845,43,1,6403.79
845,51,1,541.84
845,8,2,10871.09
845,77,1,14056.09
846,59,2,5659.95
846,75,1,9361.03
846,29,1,11634.62
846,88,1,9950.54
847,12,2,10398.23
847,88,3,1573.4
847,39,2,13045.24
847,6,1,8939.58
847,68,1,2230.31
848,34,1,12711.13
849,36,1,9491.29
849,51,1,2687.12
849,11,1,14113.85
849,54,2,702.89
849,8,2,6385.01
850,54,2,7177.32
850,97,1,6055.89
850,90,2,13982.99
851,74,3,12160.64
852,47,1,4896.35
852,37,2,4857.29
852,5,2,14497.03
853,26,3,4939.46
853,99,1,10900.56
853,73,2,5484.95
853,39,3,9265.52
854,59,1,2377.4
854,22,2,2453.0
855,12,2,14545.53
856,28,2,10149.24
856,95,2,14142.16
856,72,3,5148.14
857,13,3,7962.96
857,66,3,13351.12
858,69,3,7648.39
859,88,3,1922.25
859,80,2,2639.02
859,31,3,5011.46
859,92,1,10041.22
859,74,3,6013.86
860,26,3,5413.11
860,31,1,10942.4
861,59,1,13389.97
861,86,1,5787.72
861,31,1,4060.08
862,5,3,3992.84
862,11,3,12599.58
863,64,2,905.85
863,93,2,5862.03
863,60,3,6160.86
863,89,3,10289.52
863,64,2,12042.96
864,76,3,13476.26
864,35,3,11695.29
864,82,2,14231.35
864,47,1,6830.5
865,61,2,6198.9
865,94,3,11765.35
865,49,1,6748.17
865,36,1,1646.64
865,44,2,5864.12
866,90,1,8803.95
866,80,2,7866.66
866,44,1,11526.06
866,77,1,5184.9
866,48,3,6028.66
867,58,1,2136.2
867,31,1,7071.4
867,36,1,3974.16
868,16,2,3133.09
868,16,2,1263.27
868,86,2,9934.64
868,75,1,4093.28
868,21,2,12340.38
869,100,2,13348.9
869,28,3,12239.1
869,58,3,6483.41
870,29,1,14435.23
870,88,1,934.82
870,83,3,11097.62
870,64,3,12418.3
871,19,1,1651.31
871,94,3,6976.19
872,36,2,2768.07
872,47,3,4550.72
872,23,2,13393.11
872,65,2,4266.54
872,88,3,13409.26
873,7,1,7709.69
873,83,1,13110.56
873,87,1,10526.76
873,53,2,13192.03
874,29,2,7210.59
874,17,3,6734.63
875,53,1,3327.2
875,1,1,4540.53
875,8,3,12497.52
876,20,2,14020.22
876,9,1,13949.79
876,48,2,9911.62
877,5,1,13851.24
878,88,1,11077.58
878,9,2,3201.47
878,60,3,12776.89
878,25,1,6668.63
879,39,1,14531.06
879,89,1,11653.97
879,28,2,8171.76
879,81,3,1759.25
879,22,1,3377.66
880,49,3,5515.02
880,91,1,8012.41
881,23,3,888.44
881,83,1,8846.4
881,81,2,11869.35
881,45,1,10927.48
882,46,3,10401.84
882,31,1,2950.15
882,82,3,11677.44
882,57,1,10640.0
882,25,3,9249.15
883,1,2,5772.06
883,61,3,10555.64
884,46,1,2373.44
884,55,2,1763.06
885,5,2,6257.89
885,7,3,14653.79
885,6,3,3217.84
886,64,1,11585.12
886,21,1,6026.43
886,13,1,7625.19
886,20,2,1946.76
886,83,3,3722.79
887,87,3,9665.74
887,24,3,1799.79
887,64,3,12009.46
887,81,2,13884.12
887,98,2,8244.92
888,100,2,7437.91
888,42,2,11429.4
888,17,1,3542.39
889,89,1,2553.7
889,21,3,7871.19
890,97,3,4734.54
891,45,3,14860.65
891,95,3,2737.1
892,23,3,14396.14
892,52,1,5966.89
893,44,1,5888.06
893,7,2,4012.53
893,82,3,7442.43
893,32,1,12898.71
893,15,3,1303.62
894,88,2,4498.81
894,31,1,7540.72
894,41,1,12923.19
894,40,1,9971.42
895,20,1,13382.94
895,10,1,11734.14
895,23,2,10085.93
896,37,3,6289.8
896,74,3,7366.14
896,47,2,1417.23
896,94,2,11965.94
896,6,2,5117.1
897,10,1,14083.36
897,85,1,5840.17
897,55,3,4381.19
897,10,3,11613.19
897,87,2,5284.25
898,3,3,14033.51
898,12,3,10953.0
898,76,1,9068.55
899,71,2,5687.41
899,24,1,7418.83
899,1,1,763.32
899,22,2,14657.72
900,10,3,13069.72
901,13,1,11069.98
901,12,1,4958.47
901,26,3,4032.94
901,92,2,13636.09
902,52,2,8213.71
902,83,2,6386.76
902,73,3,7381.21
902,10,1,6682.26
902,62,1,1658.59
903,99,1,2411.85
903,84,2,10286.78
903,4,2,14407.59
903,90,3,14475.6
903,69,3,7389.74
904,54,2,3939.86
904,82,1,14140.22
904,88,3,13551.58
904,90,3,4977.13
904,15,3,1829.58
905,43,2,3231.45
905,66,3,11013.68
905,75,3,5355.63
905,30,1,2598.61
906,16,3,1504.17
906,4,2,7551.2
907,35,2,8664.09
907,59,2,7459.1
907,92,1,517.26
907,54,3,7231.87
908,40,3,10148.03
908,56,2,6313.25
908,74,2,9099.74
909,12,2,12335.13
909,50,2,6686.14
909,5,2,12939.56
910,3,2,4041.83
911,90,1,7318.77
911,5,3,11217.16
911,35,3,6686.06
912,60,2,1646.63
912,82,3,9926.07
913,73,3,6012.28
913,42,1,1218.41
914,76,2,10925.73
914,23,2,5571.59
914,21,3,2835.98
915,87,1,6685.21
915,31,1,12873.22
915,79,2,13784.39
915,80,3,12687.19
916,79,2,5555.87
916,37,2,10033.16
916,32,2,14599.43
917,38,3,3710.4
917,91,2,11890.69
917,40,3,2259.03
918,78,3,4046.53
918,78,1,12589.86
918,34,2,8885.63
918,37,1,8836.34
918,35,2,4325.02
919,98,3,12633.19
919,90,3,2984.39
919,29,1,9103.15
919,65,2,2360.4
919,93,2,10991.42
920,74,3,12354.8
920,83,3,8948.24
921,13,1,2786.55
921,2,3,6960.37
921,8,3,3013.39
922,98,1,7444.49
922,39,3,5542.34
922,37,3,10791.45
922,53,2,5381.83
923,17,1,1040.74
923,2,1,4875.68
923,73,2,12799.72
923,49,1,2651.53
923,79,1,8715.32
924,19,3,13182.3
925,18,1,3458.58
926,43,2,13032.63
926,68,3,9126.13
926,25,2,8944.08
926,81,3,12673.95
927,72,2,14577.36
928,74,3,3666.81
929,34,3,5727.2
930,25,2,10588.56
930,51,2,3708.67
930,10,1,14050.96
931,48,1,13332.76
931,38,1,3262.16
931,53,1,14025.43
931,95,1,985.54
931,32,1,4995.4
932,24,2,6395.37
932,84,1,771.39
932,30,3,7036.05
933,54,3,11251.05
933,87,3,6245.55
933,70,1,973.71
933,84,2,10805.96
933,19,3,12975.15
934,97,3,14409.32
934,20,3,1800.22
934,85,2,6853.24
934,37,1,7254.34
935,5,2,3513.67
935,41,1,2749.9
936,47,1,2868.86
936,72,3,14192.64
936,55,2,5405.94
936,58,2,11082.57
936,97,1,3385.07
937,67,1,9542.32
937,30,1,2476.24
938,43,2,8817.45
938,14,1,3463.96
939,30,1,3682.16
940,53,2,6894.11
940,94,3,2281.41
940,55,2,5795.4
941,57,2,2558.92
942,79,3,5536.92
942,41,1,13530.35
942,8,1,4530.91
942,48,1,1312.73
943,30,3,8934.96
943,99,2,12332.94
944,31,1,3643.38
944,92,1,1176.67
945,38,2,1487.47
945,75,3,12058.87
945,99,1,1817.57
945,92,1,14385.37
945,85,1,4743.77
946,8,2,12307.7
946,93,2,13786.23
946,34,3,13304.92
947,94,1,12559.61
947,61,3,9722.9
947,64,2,12460.18
947,53,1,9523.33
948,24,2,1225.67
948,47,3,8353.55
948,69,2,2734.25
948,87,2,9619.37
948,44,3,13147.04
949,24,1,5091.54
950,75,3,5477.01
951,98,3,4585.34
951,33,3,11008.25
951,19,1,7539.28
951,81,1,7044.86
952,24,1,2384.87
953,7,1,8198.28
954,6,1,10604.89
954,89,3,6530.97
954,96,3,1224.95
954,10,2,12898.34
954,63,2,10557.0
955,77,1,5611.57
955,76,3,9450.13
956,23,3,5115.92
956,98,1,7662.88
956,23,1,2560.52
957,50,3,4190.64
957,29,3,7088.85
957,21,1,5730.39
957,38,1,2592.96
958,23,2,10347.34
958,88,2,9070.99
958,83,2,12824.96
958,25,1,11230.55
959,89,3,12338.58
960,38,2,4879.61
960,3,2,7781.95
961,64,3,9188.69
961,43,1,4428.95
961,3,1,649.7
961,48,3,10405.19
961,99,3,10423.14
962,79,2,3247.26
963,64,2,9546.75
963,24,2,6693.51
963,85,1,2819.4
963,77,3,5089.72
964,35,1,7059.08
964,64,2,5124.15
965,21,2,8724.96
965,3,2,1668.02
966,45,3,1713.87
966,78,1,902.77
966,48,3,11014.35
966,21,1,9091.67
967,10,2,13898.88
968,28,1,2698.7
968,41,2,11483.04
968,90,3,6332.24
968,56,1,7217.45
969,83,2,2999.23
969,80,3,4801.56
970,6,2,5966.26
970,43,3,4258.53
971,4,3,10197.94
971,44,1,3320.71
971,93,1,3734.01
971,69,1,1132.34
971,74,3,12849.18
972,91,1,1431.37
972,83,1,3063.31
973,13,1,11840.61
973,48,3,4793.05
974,92,2,8305.73
975,70,2,8268.89
975,52,2,13457.63
975,14,3,2091.16
975,42,2,8565.94
976,50,2,14837.92
977,87,1,1117.41
977,50,1,8765.25
978,64,2,9755.07
978,62,1,12562.67
978,67,2,11751.11
978,50,3,6325.04
978,52,3,5006.49
979,77,2,11001.2
980,38,3,3114.24
980,79,1,10865.46
981,19,1,1589.0
981,24,1,4931.75
981,9,1,4622.67
981,79,2,8212.51
982,37,3,7541.16
983,73,3,13054.7
983,12,2,13009.16
983,58,1,12468.04
983,53,3,9336.45
983,79,2,8842.83
984,13,3,2832.81
984,90,1,2107.96
984,71,1,1326.69
984,56,2,6442.41
984,95,3,11304.33
985,8,1,5543.62
986,96,1,8319.0
986,25,3,6242.43
987,1,2,9661.22
988,23,2,4041.94
988,68,1,8472.58
988,1,2,8520.69
989,54,3,2978.28
989,100,3,11625.94
990,8,2,6272.56
991,21,2,11466.15
991,32,1,3071.0
991,72,1,13289.2
991,65,3,13447.87
992,28,2,6408.88
992,96,1,7832.04
993,81,3,13739.24
994,23,2,7095.7
994,32,2,8506.17
994,100,1,511.9
994,10,1,2748.26
995,21,1,13551.0
995,92,3,2709.14
995,87,3,12812.66
995,94,1,5565.25
995,24,2,11189.01
996,68,2,5217.82
997,52,2,7648.62
998,84,1,6626.13
999,75,1,590.97
999,69,3,1956.54
999,84,2,4086.75
1000,80,1,7272.79
1001,53,1,7179.34
1001,65,3,2104.7
1001,76,2,8903.55
1001,69,3,4080.77
1002,45,3,7713.44
1002,95,3,741.23
1002,92,3,2684.79
1003,49,2,10591.0
1003,52,3,6074.85
1003,22,3,13113.23
1003,74,1,2506.3
1004,27,2,9442.77
1004,76,3,13421.08
1004,21,2,5229.18
1004,78,2,10231.86
1005,98,2,11203.52
1006,75,3,825.88
1006,35,3,7390.1
1007,53,2,9058.85
1007,39,1,11584.81
1007,74,3,6247.18
1007,3,3,555.78
1007,77,2,4951.41
1008,33,3,5603.18
1008,80,3,4621.29
1008,36,1,14327.32
1008,25,3,12128.75
1009,15,2,7199.63
1009,37,2,8025.32
1009,81,2,3490.74
1010,69,3,2048.86
1010,49,2,11757.88
1010,69,1,4345.71
1010,41,1,11988.86
1010,22,3,9780.14
1011,2,2,14490.36
1011,16,1,2878.38
1011,18,2,1066.73
1011,52,2,8516.72
1012,3,3,3097.55
1013,33,2,8041.21
1013,99,1,507.9
1013,70,3,8555.4
1013,86,1,5283.26
1013,40,3,12314.65
1014,31,3,9127.56
1014,61,2,12584.41
1014,96,1,8523.32
1014,54,1,711.25
1014,58,2,13770.38
1015,1,1,1165.9
1016,93,2,11516.7
1016,52,1,9086.52
1016,100,3,5660.42
1017,3,2,6117.34
1017,13,3,4285.36
1018,25,2,14691.84
1018,86,2,6763.9
1018,73,1,7788.48
1018,62,3,13727.86
1018,84,1,8196.88
1019,54,3,12152.87
1019,4,1,9649.84
1020,55,2,13384.06
1020,16,1,3848.43
1021,39,2,2407.14
1021,77,1,6204.22
1021,36,3,5472.69
1022,72,2,12368.25
1022,48,1,4862.81
1022,5,2,2555.57
1022,100,1,2194.02
1023,79,3,6824.73
1023,62,1,5073.68
1023,55,1,3171.43
1024,16,3,614.76
1024,31,1,14012.12
1025,57,1,4249.99
1025,40,2,13561.12
1025,39,3,4684.32
1026,48,3,3731.14
1026,56,2,2975.48
1026,30,3,3765.75
1027,63,1,14557.01
1028,43,3,5541.62
1028,14,1,10671.99
1028,77,1,548.2
1029,51,1,10046.97
1029,12,1,13974.79
1030,31,3,2576.2
1030,60,2,2777.27
1030,99,2,8273.04
1030,70,3,4072.52
1031,72,2,10829.3
1031,42,3,5208.5
1031,24,3,10194.6
1032,88,2,2529.18
1032,41,1,6388.16
1033,42,2,5839.53
1033,11,2,1465.12
1033,44,1,8171.85
1033,82,1,5767.46
1033,77,1,4245.73
1034,40,2,7338.43
1034,98,2,9760.11
1034,46,1,4814.67
1034,68,3,11278.57
1035,15,2,2226.7
1035,75,2,10683.75
1035,74,2,3391.86
1036,78,1,1031.38
1036,30,2,7902.9
1036,4,1,3330.92
1037,28,2,1705.62
1037,9,3,3415.07
1037,83,3,13817.44
1037,24,2,14076.92
1037,66,2,7837.4
1038,72,1,5613.08
1038,23,2,8377.92
1039,2,2,12494.54
1039,56,1,5081.56
1040,41,1,2272.29
1041,53,2,12560.12
1041,28,2,11069.61
1041,62,3,1225.04
1042,73,1,5665.49
1042,88,2,3225.88
1042,36,2,7700.18
1042,95,2,6919.05
1042,49,1,9091.1
1043,76,1,14810.59
1043,29,1,12297.67
1043,18,3,9266.72
1043,33,2,9622.02
1044,34,2,1263.55
1044,76,3,8994.64
1044,4,3,1035.5
1044,7,3,9135.87
1045,62,1,8872.87
1045,69,1,12573.57
1045,88,3,5435.52
1046,91,1,8334.39
1047,85,3,4712.39
1047,37,1,9932.99
1047,50,2,11173.78
1047,66,3,4814.34
1048,93,2,8951.16
1048,57,1,8635.08
1048,48,2,5264.6
1048,91,3,5553.68
1048,67,1,14208.99
1049,76,1,3097.68
1050,57,3,8965.2
1051,78,3,13509.31
1051,81,1,12390.02
1051,39,3,8336.49
1051,82,3,13655.91
1051,58,1,7200.77
1052,97,3,8172.25
1052,34,2,12257.84
1052,35,1,6669.08
1053,67,2,14739.62
1053,14,1,3142.27
1054,82,1,3543.84
1054,65,2,11403.79
1055,15,1,8882.77
1055,79,2,12597.24
1055,11,2,14206.27
1055,44,3,664.67
1055,3,3,12026.44
1056,81,1,12584.22
1056,57,2,8867.84
1056,48,2,2643.2
1056,55,2,8985.42
1056,29,2,1796.74
1057,96,3,8307.69
1057,3,3,7237.85
1057,96,1,11647.63
1058,25,1,10263.35
1058,3,3,11293.99
1058,16,3,3996.4
1059,11,1,4104.99
1059,69,1,12866.05
1059,61,2,2448.82
1059,41,2,2258.31
1059,93,2,1112.81
1060,89,3,5257.31
1061,13,3,10899.09
1061,6,2,5252.23
1061,18,2,3576.57
1061,60,1,6306.68
1061,44,3,12028.58
1062,64,1,5997.16
1062,52,1,13767.68
1062,11,1,10508.0
1062,66,3,9193.97
1062,73,1,3530.29
1063,80,1,10712.56
1063,81,2,8396.01
1064,12,2,9676.6
1064,38,2,10152.06
1064,12,3,5347.53
1064,50,2,3971.43
1065,73,1,5677.49
1065,15,1,6007.55
1065,32,2,14369.52
1065,79,1,10070.36
1066,31,2,7549.31
1066,59,1,12901.27
1066,70,3,6616.45
1066,99,3,5984.05
1066,1,2,13754.63
1067,23,3,1692.0
1067,33,2,1495.98
1067,91,3,6477.03
1068,14,3,14988.05
1069,42,3,13428.83
1069,43,3,13146.79
1069,82,2,6439.12
1069,34,1,14642.04
1070,5,1,10204.54
1071,1,1,7611.02
1071,28,1,4328.85
1071,63,2,3523.69
1071,18,3,13149.26
1071,34,3,4257.86
1072,59,1,8168.59
1072,75,1,9083.68
1072,28,1,8842.49
1073,6,2,7681.81
1073,34,3,11464.49
1073,85,3,9587.09
1073,89,1,8760.18
1073,23,3,8280.43
1074,79,3,7088.0
1074,35,2,11438.78
1074,45,1,12907.34
1075,99,2,8295.74
1075,59,1,12764.95
1076,59,2,13379.86
1077,83,2,12187.64
1078,16,1,11484.6
1078,35,3,11602.17
1078,5,1,4923.47
1078,27,3,7806.21
1078,67,1,7855.23
1079,71,2,6926.22
1079,96,2,14446.11
1080,94,1,3609.51
1080,37,2,7017.85
1081,13,1,10903.17
1081,78,1,9528.99
1081,15,2,3298.52
1082,3,1,8401.79
1082,51,1,5555.87
1082,22,1,13895.53
1082,9,3,12787.04
1083,11,3,1005.33
1083,84,2,7028.05
1084,1,2,11490.45
1084,9,1,1320.66
1085,89,3,12663.55
1085,35,1,8692.88
1085,21,2,5882.86
1085,100,1,12682.74
1086,8,3,7499.46
1087,40,1,14343.9
1087,19,1,11384.47
1087,70,2,908.34
1087,94,3,8591.3
1087,20,3,6151.73
1088,74,2,3467.95
1088,23,2,1632.87
1088,64,2,12005.04
1089,38,1,4342.71
1089,89,3,10265.01
1090,54,1,2064.29
1090,80,1,1013.97
1091,49,3,6758.51
1091,89,2,3619.13
1091,61,1,2664.98
1092,58,3,9965.57
1092,8,1,11796.02
1092,5,3,5360.71
1092,31,2,13452.31
1093,93,1,1516.14
1093,47,1,6434.42
1093,70,3,952.07
1093,44,2,7399.04
1094,4,1,1888.81
1094,32,1,5336.31
1094,73,1,876.95
1095,28,3,7191.45
1095,25,1,9988.05
1095,22,1,1856.1
1095,27,3,12288.46
1096,6,3,7885.08
1096,10,3,6152.79
1096,19,1,2239.28
1096,33,2,13117.01
1096,91,2,11280.48
1097,64,1,8757.45
1098,9,2,12596.4
1098,59,2,4942.7
1098,53,1,14757.13
1098,19,1,11513.86
1098,38,1,3163.17
1099,12,3,6261.02
1099,19,2,3125.71
1100,35,1,2557.78
1100,94,3,11091.17
1100,75,2,4923.82
1100,58,2,13307.88
1100,49,3,827.76
1101,54,3,9569.89
1101,41,1,3757.41
1102,61,2,1644.09
1102,60,3,12365.95
1103,4,3,2442.08
1103,45,3,5706.81
1103,70,2,2123.23
1103,5,1,2033.65
1103,74,3,2101.38
1104,75,1,2975.58
1104,56,3,13272.21
1104,97,3,4640.27
1104,78,3,13330.99
1104,33,2,8562.04
1105,87,2,2340.07
1105,60,2,14987.35
1105,2,3,8120.02
1105,40,2,4252.86
1105,66,3,3845.46
1106,12,3,2088.26
1106,5,2,4727.85
1106,73,1,1743.43
1106,39,1,1230.1
1106,74,3,11028.44
1107,99,1,6199.05
1107,94,3,2353.93
1107,26,2,14704.89
1107,36,3,4400.72
1107,56,2,7011.19
1108,65,1,2200.39
1109,68,2,5119.14
1109,56,1,2646.5
1109,2,1,1455.81
1109,22,1,11280.46
1109,63,3,14112.61
1110,2,2,13588.6
1110,1,1,11539.76
1111,8,1,763.52
1112,49,1,12002.55
1112,96,3,14913.93
1112,59,1,9109.28
1112,79,1,548.7
1112,67,3,11637.71
1113,12,1,4155.78
1113,52,1,835.57
1113,12,2,8731.9
1113,95,3,2707.89
1113,31,1,10439.91
1114,59,3,12559.2
1114,87,3,14203.53
1115,94,2,11230.18
1115,80,1,6128.97
1115,70,3,5384.16
1115,70,1,14170.64
1115,71,2,7460.42
1116,50,1,1089.14
1116,3,3,12331.07
1116,76,3,4521.29
1117,32,2,2221.74
1117,13,3,12607.97
1118,11,1,8089.17
1118,11,2,1840.77
1118,78,3,9863.55
1118,89,2,5281.03
1119,98,3,14461.36
1119,40,1,14605.29
1120,82,2,12171.34
1120,86,1,1492.0
1121,42,1,4527.14
1121,53,1,6973.93
1122,74,3,9159.84
1122,37,3,13413.28
1122,35,2,6763.17
1122,19,3,1278.19
1123,71,1,4371.45
1124,18,3,11664.87
1125,89,3,2707.01
1126,84,1,7943.41
1126,77,2,14538.12
1127,51,1,988.37
1127,45,3,13365.02
1128,34,3,5209.04
1128,18,2,3797.32
1128,46,3,14578.62
1128,53,2,2816.66
1129,45,2,752.25
1129,38,1,2812.32
1130,99,3,14281.06
1131,90,2,2054.15
1131,15,3,6570.76
1131,9,3,3062.0
1131,81,2,5516.3
1131,3,2,10150.6
1132,15,1,1382.07
1132,78,1,3676.42
1132,34,2,6421.78
1132,7,1,2352.91
1133,67,1,7145.08
1133,4,1,10989.39
1134,26,1,8733.08
1134,81,2,1495.33
1135,17,1,9995.53
1136,69,3,5926.79
1136,64,3,6726.06
1136,97,2,3753.63
1137,40,2,11018.39
1137,40,3,3076.71
1137,19,2,6574.95
1138,82,2,6050.88
1138,4,1,9519.57
1139,31,1,5806.29
1139,93,3,12078.97
1139,27,3,4982.35
1140,34,1,5570.97
1140,54,1,7621.95
1141,69,1,2866.14
1141,41,1,11367.07
1141,17,2,10188.59
1141,24,2,7069.42
1142,66,2,12785.91
1143,45,3,11855.99
1143,20,1,4502.9
1143,10,3,13250.16
1143,53,3,6908.97
1144,80,2,7362.92
1144,11,3,2814.83
1144,8,3,3511.56
1145,5,2,14637.02
1146,66,2,7758.68
1147,39,1,2320.53
1147,41,2,12269.58
1147,40,1,4954.96
1147,54,3,11431.55
1148,20,1,2686.83
1148,44,3,6775.94
1148,33,3,11204.69
1148,46,1,5675.3
1148,74,1,749.28
1149,85,3,4507.98
1149,37,3,12366.22
1149,99,1,1965.59
1149,91,3,7649.34
1150,70,3,1664.46
1150,19,2,4111.63
1151,30,2,3767.54
1151,87,3,11939.85
1151,65,3,12191.23
1151,93,1,8159.41
1152,76,2,8284.18
1152,52,2,4265.22
1152,100,1,5536.09
1153,13,1,3135.3
1154,48,2,3343.06
1154,96,2,1692.8
1155,32,1,2217.73
1155,52,1,5008.85
1156,55,1,12445.04
1156,31,2,2563.03
1156,92,3,9806.97
1156,65,2,1266.64
1156,8,1,2865.76
1157,14,3,6977.47
1157,76,3,9263.67
1158,11,1,12210.02
1159,2,1,4818.3
1160,15,1,2050.6
1160,89,2,11339.31
1160,76,2,11547.95
1160,72,2,1161.01
1161,81,2,13319.54
1162,98,2,10414.27
1162,79,1,10965.5
1163,13,3,9896.21
1163,82,2,12411.4
1163,43,2,13858.34
1164,10,1,14393.96
1165,29,2,8186.58
1165,91,1,828.19
1165,22,3,8163.03
1166,67,3,550.22
1166,18,2,9181.79
1166,8,3,3787.12
1166,15,2,2033.86
1167,71,3,7923.79
1168,61,1,2381.79
1168,26,3,9137.97
1168,98,3,9689.28
1168,50,2,7476.27
1168,100,1,8264.37
1169,44,1,1084.62
1169,54,3,13017.72
1169,1,1,12074.9
1169,71,1,10269.18
1170,47,2,7250.07
1170,65,1,713.59
1170,84,2,10202.38
1170,38,1,12076.84
1170,18,1,13206.91
1171,21,1,6165.19
1171,5,2,9235.74
1172,71,2,12780.28
1172,34,2,10162.54
1172,3,2,12112.28
1172,88,3,5669.36
1173,80,3,2216.72
1173,74,2,10606.23
1173,19,1,5166.88
1173,95,1,12661.58
1174,19,2,1554.14
1174,62,1,3654.99
1174,47,1,14698.76
1175,99,2,13445.43
1175,21,2,12803.75
1175,90,3,10575.15
1175,80,3,13052.69
1175,74,1,4684.1
1176,65,1,3695.66
1176,2,2,13736.68
1176,95,2,9209.96
1177,2,2,12943.2
1178,19,1,5840.36
1179,49,2,10935.58
1180,50,3,4716.62
1180,92,1,3850.78
1180,79,2,3873.75
1180,71,1,1855.35
1180,42,1,12392.69
1181,64,2,4263.86
1181,20,2,7830.68
1181,75,2,12905.08
1182,41,2,4078.34
1183,42,3,11591.32
1183,15,1,8417.13
1183,10,2,13660.31
1184,13,1,3896.05
1184,48,3,7717.38
1184,13,2,5753.07
1185,49,3,1161.41
1185,86,3,7196.97
1186,94,2,773.48
1186,38,2,6809.41
1187,99,2,6631.35
1187,60,2,2549.52
1187,46,1,6902.37
1188,59,1,1386.62
1189,60,1,5743.98
1189,34,3,7469.92
1189,83,1,7476.74
1189,93,1,3639.44
1189,63,2,4949.99
1190,68,1,11756.59
1190,57,2,12409.4
1191,65,2,10732.33
1191,86,1,6058.18
1191,21,3,3005.0
1192,99,2,10436.14
1192,52,1,13455.79
1192,24,3,7984.82
1193,6,2,6540.98
1193,33,1,649.14
1193,84,2,10406.29
1194,62,1,12965.17
1194,91,1,14174.65
1195,94,3,14519.98
1195,52,2,6554.75
1196,46,3,2318.02
1196,68,2,10969.52
1197,78,1,6393.34
1197,86,3,938.04
1197,34,3,13818.58
1197,67,2,9074.17
1198,23,1,10561.86
1198,100,2,11772.6
1199,1,2,11929.0
1199,88,3,14182.06
1199,78,1,7376.85
1200,54,3,1715.22
1200,42,3,12879.44
1200,55,2,11759.42
1200,41,1,10386.27
1200,95,2,6466.66
1201,95,2,7752.78
1202,64,3,5415.51
1202,33,1,6826.85
1202,10,3,10714.72
1202,4,1,12552.02
1203,34,1,12753.63
1203,62,1,12974.54
1203,96,1,7103.9
1203,27,1,1364.73
1203,23,1,14183.55
1204,62,1,2043.04
1204,10,2,12536.92
1205,55,3,2250.03
1205,63,1,6632.55
1205,8,2,2785.41
1205,70,2,2153.29
1206,71,2,8868.3
1206,30,1,5934.56
1206,14,2,14352.63
1207,27,3,12918.93
1208,24,1,13528.09
1208,96,2,14926.08
1209,71,1,1887.0
1209,35,1,10339.82
1209,35,2,12517.97
1209,8,2,8422.32
1209,10,2,7236.02
1210,28,1,6300.9
1211,58,1,13378.5
1211,88,1,14149.75
1212,75,1,3525.84
1212,53,2,3161.33
1212,36,2,8874.8
1213,57,1,8666.42
1214,56,1,13780.26
1214,1,3,3723.24
1214,73,1,11250.78
1214,97,2,4271.59
1215,45,3,11063.65
1215,71,2,2076.52
1216,29,3,9268.31
1216,17,2,10660.36
1216,98,2,3112.64
1216,12,1,13474.71
1216,16,2,3722.03
1217,39,3,12348.01
1218,17,2,10918.63
1219,51,3,5301.35
1219,22,2,13013.68
1219,71,3,4903.97
1219,27,3,7594.15
1220,96,3,9002.57
1220,3,2,10980.4
1220,65,3,6805.31
1220,1,2,11348.66
1220,47,2,12774.07
1221,22,1,8411.78
1222,73,1,9127.82
1223,24,1,13609.72
1223,100,2,13290.69
1224,80,1,4552.65
1224,70,3,13751.11
1225,29,1,13531.91
1225,45,1,4085.36
1225,23,1,14382.37
1225,32,2,1474.92
1225,20,2,13635.09
1226,45,1,2146.07
1226,94,1,14845.0
1226,37,2,12045.11
1227,29,2,8922.98
1228,72,2,10579.57
1228,27,3,3307.8
1228,100,1,3294.85
1228,21,2,12822.13
1228,51,1,9085.38
1229,1,3,886.46
1229,73,3,11236.07
1230,16,1,12558.97
1230,35,2,1811.76
1231,8,2,11811.1
1231,97,3,6195.92
1231,79,3,9414.43
1231,8,1,2568.32
1231,64,2,3372.27
1232,59,2,9025.97
1232,36,1,1450.71
1232,2,2,3142.66
1232,100,2,9793.3
1233,27,2,5457.52
1233,13,3,2420.37
1233,51,2,1602.2
1233,30,1,7483.45
1233,30,3,6311.34
1234,36,2,5118.28
1234,86,3,9628.55
1234,52,2,6054.88
1234,19,3,868.37
1235,55,1,7004.25
1235,99,1,883.52
1235,74,3,2795.92
1235,95,3,13584.59
1235,41,1,4421.99
1236,22,3,2035.47
1236,46,3,3838.94
1237,46,1,5108.03
1237,35,1,10937.03
1237,18,1,8937.36
1238,39,1,10159.76
1239,67,2,7534.16
1240,60,3,2525.03
1240,60,3,14620.46
1240,48,3,11248.11
1240,17,1,14575.84
1240,65,3,3925.87
1241,81,3,5159.37
1241,70,1,9065.16
1241,95,1,4886.41
1242,62,2,1100.99
1242,64,3,6041.96
1242,74,1,14443.82
1242,31,1,9039.22
1242,72,2,5637.21
1243,80,1,2905.97
1243,60,3,8372.07
1243,38,2,4486.59
1244,43,3,7800.11
1244,46,3,8145.73
1244,25,3,8351.55
1244,100,2,10642.33
1244,91,2,2457.15
1245,3,3,7864.77
1245,51,2,2317.27
1246,100,1,5754.98
1246,28,3,13185.99
1246,95,2,1662.22
1246,75,2,2947.21
1246,21,1,3161.72
1247,2,1,8232.61
1247,46,3,12039.31
1247,82,2,2936.04
1248,58,1,8510.82
1248,25,3,11526.95
1248,24,3,684.33
1249,21,1,13869.84
1249,12,2,8761.11
1250,77,1,11926.88
1250,78,3,9999.3
1251,22,3,6929.07
1251,18,2,6278.28
1251,34,2,12506.45
1251,7,3,5738.94
1252,24,1,7419.6
1252,37,3,1070.4
1253,79,1,1223.58
1253,98,1,8836.35
1254,48,1,8311.78
1254,23,1,2824.67
1255,12,1,14269.75
1255,29,2,12856.58
1255,89,1,6588.14
1255,3,3,2581.71
1256,85,1,5145.38
1256,36,2,2108.01
1256,88,3,6560.79
1256,8,2,14646.44
1257,51,2,3666.64
1257,68,3,14121.2
1258,2,3,5220.68
1259,23,1,4434.97
1259,12,2,12479.35
1259,85,1,12932.15
1259,87,1,3481.0
1260,53,1,680.25
1260,80,2,4605.16
1261,56,2,2489.64
1262,92,1,6141.8
1262,36,2,2186.41
1263,59,1,7226.87
1263,85,2,8088.7
1264,54,1,6618.85
1264,89,1,11955.57
1264,78,2,3110.88
1264,6,2,13259.99
1265,61,2,12946.05
1266,66,3,6900.01
1267,64,3,9424.69
1268,23,2,10611.33
1268,6,1,4661.95
1269,57,2,4365.83
1269,35,1,11644.45
1270,29,2,5507.58
1270,100,2,12043.89
1271,50,3,4205.16
1271,73,1,2899.86
1271,38,3,5860.99
1271,29,2,12709.97
1271,18,2,8611.47
1272,36,3,7280.35
1273,67,2,11142.16
1273,35,1,9966.14
1274,77,2,3793.48
1275,81,2,7484.78
1275,35,1,1824.87
1275,93,2,3899.61
1276,78,1,12610.82
1276,5,3,11824.68
1276,62,3,1625.96
1276,87,2,1223.71
1276,63,3,9708.82
1277,38,1,7106.36
1278,34,2,3578.04
1278,7,2,11052.25
1278,11,3,11410.41
1278,84,2,13237.82
1278,33,2,12811.66
1279,87,2,11447.77
1279,52,3,13906.94
1280,48,3,4805.55
1281,67,2,12338.91
1282,74,1,14106.55
1282,20,2,7392.98
1282,90,1,8864.54
1282,15,1,11767.53
1282,40,2,1094.64
1283,84,3,6083.35
1283,38,1,5768.44
1283,97,2,982.36
1283,5,1,10735.37
1284,35,2,9086.03
1284,32,1,892.22
1284,62,3,6880.46
1284,28,1,12352.64
1285,90,1,8445.91
1285,18,1,11155.99
1285,54,2,13373.86
1285,61,3,9814.41
1286,79,1,11680.91
1287,66,3,7852.47
1287,43,1,7784.53
1287,43,3,9168.02
1287,6,2,7325.56
1288,74,2,3463.08
1288,88,1,10597.45
1289,65,2,14817.47
1289,4,3,12735.6
1289,82,2,12798.33
1289,86,3,4888.91
1289,18,1,12512.32
1290,8,2,9894.72
1290,72,2,11592.42
1290,98,1,8403.44
1290,52,3,10987.68
1291,53,2,3486.02
1292,98,1,6332.18
1293,74,3,13496.55
1293,2,2,3279.04
1294,75,1,11617.7
1294,66,3,1661.34
1294,73,3,13992.09
1294,63,1,8646.86
1294,54,3,5181.44
1295,99,1,7222.93
1295,59,3,13759.09
1296,69,2,12424.2
1297,79,2,2988.43
1297,76,2,2787.16
1297,27,3,10584.11
1298,88,3,3899.05
1298,12,3,11680.7
1298,42,2,10462.77
1298,82,3,10538.77
1298,15,2,5702.49
1299,79,2,7019.8
1299,49,3,3104.67
1299,79,2,12383.13
1299,57,1,528.88
1299,34,3,8192.28
1300,30,3,13730.71
1300,96,2,10050.99
1300,32,1,10611.93
1301,60,3,8312.27
1302,61,3,12970.47
1302,1,2,9693.26
1302,83,2,10118.19
1302,87,1,5484.23
1303,75,1,1992.86
1303,84,2,13296.02
1303,75,3,10043.46
1303,84,3,1850.73
1303,1,1,14122.49
1304,15,2,1288.79
1305,20,2,9646.76
1305,6,2,13257.61
1305,27,1,7941.07
1305,70,1,8004.93
1305,9,2,2810.34
1306,68,1,9209.26
1306,54,3,3020.87
1307,39,3,5230.61
1307,4,3,12834.56
1307,59,1,7986.93
1308,44,3,3165.84
1308,83,2,9654.52
1308,12,1,6574.75
1308,1,2,14087.36
1308,88,1,10928.87
1309,15,1,12097.23
1309,52,2,2420.26
1309,72,1,8190.56
1309,3,1,9561.06
1310,8,3,11482.44
1310,23,2,3321.97
1310,34,2,4405.19
1310,42,3,6031.54
1311,83,2,5343.11
1311,67,3,12409.14
1312,1,1,3090.32
1312,95,3,4780.91
1312,85,3,2567.76
1312,21,3,13215.13
1313,53,3,769.23
1313,12,1,14373.95
1314,47,1,629.85
1314,71,2,8763.21
1314,52,3,1352.58
1314,79,2,9910.87
1315,1,1,13815.22
1315,38,1,5943.77
1315,18,3,4970.91
1315,46,2,3723.44
1316,33,3,11431.54
1316,90,3,12319.71
1316,48,2,10355.21
1316,32,2,12492.5
1317,66,3,2629.62
1317,46,3,8764.36
1317,64,1,8007.68
1318,92,2,6461.15
1318,26,1,3846.91
1318,5,2,6346.87
1319,78,3,14567.26
1319,53,2,8986.95
1319,17,2,8931.41
1319,73,2,14532.96
1320,18,3,1232.22
1320,33,1,9270.07
1321,24,1,14438.07
1321,73,3,2367.76
1321,50,2,6273.25
1321,59,3,8959.4
1322,25,2,5965.85
1322,76,3,10030.91
1323,76,3,9246.44
1323,94,3,4095.25
1324,97,3,11154.66
1324,52,3,7964.13
1324,91,2,7038.63
1325,48,2,679.18
1325,16,1,4194.7
1326,7,3,14239.14
1326,33,3,12289.93
1327,42,1,9245.28
1328,98,3,1727.25
1328,17,2,642.73
1329,9,2,4813.62
1330,52,1,12681.1
1330,93,3,14186.48
1330,40,3,9954.92
1330,30,1,13125.37
1331,10,1,4857.53
1331,3,1,7990.5
1331,74,2,5160.26
1331,82,3,7316.12
1331,5,3,9387.01
1332,83,2,12575.94
1332,50,2,2816.65
1332,86,3,2463.77
1332,2,2,9505.73
1333,8,3,3148.45
1333,44,1,949.21
1334,55,2,9325.15
1334,14,3,14177.52
1334,72,3,6309.84
1334,73,3,13857.65
1335,84,2,6333.32
1336,1,1,7370.94
1336,47,1,9605.24
1337,58,3,6423.12
1338,68,2,8792.13
1339,20,3,13772.6
1339,83,2,12818.82
1339,1,2,4094.68
1339,40,2,4235.6
1340,41,1,14483.29
1340,85,1,7491.35
1341,41,2,1905.53
1341,7,2,7607.78
1341,26,3,2958.59
1341,64,2,1400.59
1341,54,1,11484.76
1342,6,1,10577.64
1342,80,3,12619.46
1343,93,1,9066.4
1343,67,2,3303.96
1343,59,1,3253.22
1343,94,1,12250.29
1343,40,2,12776.12
1344,71,3,501.24
1344,35,2,6753.15
1344,57,3,14402.15
1345,17,1,5070.59
1345,9,1,10531.51
1345,61,2,5159.62
1345,100,3,1533.74
1346,81,1,14673.13
1346,89,3,12873.32
1346,46,1,7508.16
1346,31,3,2913.65
1347,76,2,1637.63
1347,46,2,3292.49
1347,33,1,9272.77
1347,10,3,12024.39
1347,66,1,5492.54
1348,95,1,11069.34
1348,13,2,13480.36
1348,58,2,4433.1
1348,80,2,10201.61
1348,32,3,10162.88
1349,7,3,7632.51
1349,61,1,1233.39
1349,2,3,4064.53
1349,2,3,5016.49
1350,16,3,4506.23
1350,3,1,9261.0
1350,92,3,2669.36
1351,70,1,10374.1
1352,49,2,11649.71
1352,99,3,11105.08
1352,31,3,5890.33
1352,70,3,6290.43
1352,36,3,14595.48
1353,85,2,8245.58
1354,20,2,5164.59
1355,90,2,1812.87
1355,49,2,10534.71
1355,91,3,3496.38
1355,27,3,3932.58
1355,93,2,2416.19
1356,25,3,14789.08
1357,34,1,7795.49
1357,65,1,11550.26
1357,56,2,1117.29
1358,72,2,14889.8
1358,6,3,2938.72
1358,87,3,2203.52
1358,90,3,1843.52
1358,93,3,9623.42
1359,29,1,1832.19
1359,88,1,12255.97
1359,49,1,1895.6
1360,36,3,5408.3
1360,7,2,2863.64
1360,52,1,3203.83
1360,16,1,9112.99
1360,52,1,4781.39
1361,88,3,14822.93
1361,19,1,5046.32
1361,77,2,10332.75
1361,61,2,14303.61
1362,92,2,4795.86
1362,93,3,14399.41
1362,8,3,10343.99
1363,82,1,1658.96
1363,97,1,4694.49
1364,80,3,5414.9
1365,74,2,6607.76
1365,63,2,14968.13
1366,53,1,4098.86
1366,90,3,5950.94
1367,47,1,14655.23
1368,96,2,1568.25
1368,69,2,738.44
1369,63,3,13654.63
1369,1,1,13649.32
1369,67,2,1202.07
1370,51,1,1102.18
1371,31,2,12523.91
1371,48,1,2374.35
1371,68,3,1772.09
1371,82,2,4356.74
1372,80,3,9022.64
1373,28,3,1135.13
1374,22,1,12179.66
1375,82,1,2575.85
1375,18,1,9320.5
1376,21,3,3400.45
1376,59,2,8742.14
1376,90,3,5816.69
1377,74,3,12453.51
1378,6,1,9537.57
1378,69,2,1123.47
1378,60,2,13799.86
1378,64,2,10093.0
1379,35,3,9062.77
1379,18,1,5125.83
1379,96,3,14458.34
1380,89,2,13923.07
1380,29,3,1813.16
1380,72,1,9644.01
1381,92,3,9131.02
1382,81,2,8176.19
1382,37,2,11550.29
1382,51,2,2775.05
1383,77,3,5879.42
1383,16,2,9439.7
1384,41,3,6407.32
1385,31,2,1986.96
1386,18,2,8355.53
1386,4,2,652.03
1386,58,3,2736.82
1386,54,2,732.51
1387,46,1,5806.6
1387,47,1,1529.59
1388,88,1,1483.85
1388,30,3,11024.62
1389,55,2,12229.97
1390,55,1,5529.48
1390,57,3,1396.66
1390,17,1,4207.07
1391,27,1,9065.59
1392,57,3,4347.55
1392,91,2,14545.12
1392,94,3,5797.82
1393,88,2,10568.75
1394,75,1,5130.11
1394,59,1,8803.71
1394,95,1,11497.83
1394,68,3,8845.89
1395,56,3,14082.58
1395,92,2,8920.68
1395,55,2,6130.98
1395,16,3,3908.25
1396,92,3,7675.99
1396,81,3,8613.71
1396,51,3,14345.26
1397,88,2,1213.05
1397,24,1,14910.39
1397,89,2,12789.69
1398,70,2,4043.23
1399,83,1,8673.1
1400,4,3,5718.27
1400,63,1,3646.7
1401,89,3,9253.71
1401,62,1,11898.94
1402,27,3,14975.23
1402,52,2,4256.61
1403,72,1,5171.32
1403,98,1,12324.42
1404,49,3,12962.26
1404,84,1,4245.17
1404,57,2,13817.47
1404,80,3,2812.08
1405,44,3,2540.02
1405,18,1,10447.15
1405,3,3,1861.85
1405,89,1,1446.25
1405,79,1,3805.32
1406,67,2,4753.36
1406,28,2,7672.34
1407,78,3,8116.43
1408,2,3,7507.44
1408,42,1,5259.71
1408,35,3,5460.4
1408,50,1,13765.16
1408,57,2,6828.05
1409,80,1,3425.22
1409,29,1,927.09
1409,92,2,11934.74
1409,32,1,10264.8
1409,24,2,14896.98
1410,17,2,7016.3
1410,60,1,3454.4
1411,54,3,7840.36
1412,51,2,13964.41
1413,4,2,550.01
1413,72,2,1259.22
1413,49,1,5358.34
1413,41,1,9546.62
1414,18,3,4671.13
1414,94,1,9784.54
1414,91,2,11054.91
1415,64,2,768.29
1415,83,2,7362.02
1416,65,1,6706.4
1416,54,1,5883.13
1416,1,2,12540.89
1417,6,1,10745.53
1418,66,3,14740.62
1418,82,2,13304.05
1419,53,3,1529.12
1419,74,2,4375.35
1419,77,2,9862.49
1420,14,3,13917.02
1420,76,3,11666.08
1421,96,3,12660.32
1421,91,2,12710.65
1421,77,1,4236.47
1421,91,3,6695.12
1422,95,3,13386.79
1422,41,1,13068.24
1422,77,3,12106.32
1422,27,1,12441.42
1422,100,2,4800.68
1423,17,3,3725.26
1423,76,2,13451.23
1424,17,1,2775.75
1425,75,3,14051.13
1425,69,3,1582.13
1425,14,2,9430.81
1425,72,2,3805.69
1425,3,1,10647.15
1426,88,2,6835.59
1426,90,1,2493.32
1427,76,3,10696.39
1427,39,2,4852.48
1428,44,2,10869.42
1428,96,3,10593.21
1429,66,3,8132.15
1430,27,2,8124.96
1430,70,3,7504.64
1431,85,3,14601.7
1431,38,1,6125.03
1431,7,2,10614.16
1432,90,3,4203.56
1432,83,2,6311.8
1433,96,3,9192.15
1433,35,2,855.27
1433,87,2,7972.05
1433,88,2,9541.22
1434,100,2,3295.57
1434,87,3,4000.91
1434,1,3,12942.16
1434,57,1,3419.29
1434,16,1,12671.46
1435,74,1,6549.12
1436,52,1,607.43
1436,54,2,5666.77
1436,41,3,7019.47
1436,65,2,14290.71
1437,64,3,13938.44
1437,52,2,5252.78
1437,98,2,13382.78
1438,13,1,4194.1
1438,56,2,582.95
1438,7,2,8094.74
1439,67,2,12221.17
1439,17,2,10407.75
1439,46,1,6513.49
1440,33,2,2044.41
1440,23,2,12992.84
1440,34,1,11662.68
1441,79,2,14027.82
1441,1,1,12124.29
1441,26,1,8174.61
1441,69,2,746.33
1441,100,1,12629.21
1442,6,3,1421.08
1442,3,1,6419.03
1442,6,3,4825.34
1442,35,1,13786.45
1443,83,2,1381.07
1443,6,3,5325.38
1443,7,3,9366.22
1443,69,1,940.75
1443,78,2,11327.26
1444,35,3,8886.6
1444,75,2,9750.57
1445,61,3,7529.47
1445,74,2,2456.48
1445,35,2,14855.47
1445,72,2,2087.98
1445,47,2,9336.2
1446,2,2,5107.71
1446,6,2,3467.34
1446,97,2,11400.99
1446,63,2,14823.93
1446,2,3,5167.09
1447,74,2,10314.04
1447,44,3,12511.61
1448,6,1,10038.99
1448,56,1,2944.49
1448,79,2,4418.84
1448,84,1,12120.75
1448,12,2,13714.54
1449,98,1,5315.79
1449,36,3,12702.21
1449,3,2,3272.54
1449,40,1,1092.6
1449,13,3,11289.48
1450,61,2,8222.56
1450,59,2,9340.11
1450,15,3,4977.06
1450,66,2,11198.3
1451,93,1,3421.27
1451,65,3,11441.91
1451,17,3,5140.0
1451,83,3,13169.98
1451,90,3,12186.72
1452,14,3,6594.13
1452,32,3,11613.57
1452,22,2,951.36
1453,93,3,5962.79
1453,80,2,2903.32
1453,54,2,4741.77
1454,27,1,12814.94
1454,57,1,10647.01
1454,50,2,3136.0
1454,76,1,10029.45
1454,83,3,1753.55
1455,68,1,7296.72
1456,20,2,11794.62
1456,49,2,12414.68
1456,73,2,6507.63
1456,71,3,12621.65
1456,54,1,3915.72
1457,93,1,3690.92
1457,61,1,7029.49
1457,65,3,891.14
1457,20,1,3805.99
1458,8,1,10772.23
1458,98,2,5087.2
1458,35,3,8361.22
1458,82,2,1306.62
1458,71,2,12243.84
1459,75,2,10697.37
1459,10,3,11970.39
1459,54,2,5052.42
1459,26,3,8110.05
1460,70,3,10439.62
1460,58,3,3546.9
1460,66,1,5614.76
1460,9,2,7664.63
1460,8,3,8924.95
1461,66,3,11550.53
1461,81,2,2930.9
1461,71,1,7830.16
1462,66,2,6459.86
1462,68,1,12988.05
1462,3,3,7445.31
1462,11,1,3948.03
1462,52,3,2077.23
1463,81,3,9238.09
1464,95,1,8434.14
1464,70,1,2742.95
1464,73,3,11942.12
1465,83,2,12786.35
1465,98,1,7905.78
1465,18,1,9908.41
1465,63,1,13773.42
1465,50,3,11526.16
1466,5,1,1182.59
1466,76,1,3681.97
1466,100,1,9047.46
1466,19,2,8522.55
1466,30,1,4486.06
1467,85,2,10089.62
1467,78,2,13859.14
1467,32,3,5084.65
1467,54,2,5254.6
1467,66,3,6499.6
1468,94,1,14949.88
1468,25,2,5637.54
1468,58,1,12105.31
1468,57,1,11226.16
1468,99,1,12678.03
1469,13,2,5274.41
1469,81,1,10379.51
1470,57,3,13623.49
1470,46,1,9833.76
1470,68,2,9459.08
1471,67,2,10808.17
1471,36,2,1148.33
1472,66,3,3533.93
1472,10,2,1426.43
1472,62,1,9945.31
1473,97,1,14075.03
1474,7,1,6308.65
1474,57,1,5202.34
1474,97,2,12377.46
1475,78,1,11282.99
1475,75,3,6849.7
1475,58,3,6972.93
1475,7,1,3865.75
1475,39,3,4371.64
1476,66,2,4319.37
1476,61,3,12247.98
1476,4,1,12381.34
1476,55,3,12915.26
1477,3,1,6764.09
1477,18,3,5129.82
1477,28,2,7837.46
1478,16,2,8943.24
1478,64,2,7068.59
1479,77,3,10205.72
1479,85,2,3886.06
1480,51,3,11723.34
1480,27,3,1047.32
1480,73,1,5305.69
1480,48,3,10097.39
1480,83,1,14940.98
1481,30,1,4851.25
1481,49,3,5906.3
1482,45,3,11213.56
1482,69,1,8954.63
1482,50,1,14227.65
1482,27,2,4728.74
1482,50,2,10780.78
1483,23,3,2273.81
1483,96,3,8798.38
1483,70,2,9929.38
1483,81,2,4382.15
1484,15,2,1422.81
1484,1,2,690.35
1484,21,1,1615.38
1484,86,1,6365.1
1484,71,1,9860.19
1485,13,1,11922.17
1485,39,2,10180.87
1485,50,3,13395.71
1486,33,3,3449.24
1486,63,2,4673.12
1486,95,1,9076.62
1486,93,1,8272.21
1486,37,3,9735.37
1487,26,1,12272.66
1487,55,3,5544.27
1488,74,3,9864.24
1489,91,1,2190.34
1489,25,2,5968.12
1489,59,1,9196.86
1489,49,2,6501.01
1490,1,1,14962.04
1491,31,2,3021.49
1491,5,1,12004.79
1491,17,1,10360.72
1491,29,2,9398.92
1492,6,1,13544.84
1492,27,3,6846.91
1492,55,3,3700.25
1492,54,2,5692.21
1492,95,1,1859.92
1493,79,1,5247.27
1493,82,2,4503.13
1493,52,1,4478.04
1493,4,3,2880.97
1494,100,2,1408.67
1494,39,2,13665.5
1495,40,1,13094.03
1495,49,1,2095.63
1495,50,1,7599.44
1495,17,2,3663.69
1496,75,2,11158.43
1496,83,2,13457.6
1496,82,2,5662.22
1496,98,1,9770.7
1496,63,3,6860.74
1497,12,2,9313.91
1497,4,1,13945.76
1497,71,2,535.96
1498,96,2,5477.49
1498,94,3,14692.16
1499,100,2,13917.71
1499,33,3,6290.29
1499,19,1,8234.95
1500,30,3,511.51
1500,61,1,14372.18
1500,9,2,13914.7
1500,36,2,11102.62
1500,90,1,5919.97
1501,38,3,12527.15
1501,20,2,1845.53
1501,34,3,11834.18
1501,59,3,7997.35
1502,41,1,1421.15
1502,89,1,4697.94
1502,75,2,4638.52
1502,57,2,9934.16
1502,55,1,7950.58
1503,90,3,12163.67
1504,7,1,1948.63
1504,90,3,7466.14
1504,32,1,5024.29
1504,75,1,5206.3
1504,9,2,3818.18
1505,69,2,2977.04
1505,14,1,7545.34
1505,71,1,8457.49
1505,13,1,9419.52
1506,81,3,5141.21
1506,39,1,5294.69
1506,59,1,6394.92
1506,71,3,12648.86
1507,55,3,10019.91
1507,32,3,1545.48
1508,23,3,11274.17
1508,2,2,981.99
1508,24,1,1286.33
1509,56,2,14663.7
1509,89,2,13694.33
1509,3,3,5233.39
1509,18,1,4680.45
1509,13,1,4694.5
1510,4,2,6428.44
1510,5,1,5068.04
1511,41,3,9037.94
1511,19,1,1884.0
1511,52,2,13446.13
1512,95,3,2539.42
1512,18,1,4529.19
1513,41,1,13101.38
1514,17,1,10140.17
1514,7,2,5977.82
1514,84,1,1886.28
1514,85,3,9402.26
1514,6,1,2151.14
1515,33,3,4947.84
1515,29,3,1964.92
1516,83,1,5772.45
1516,67,2,14352.67
1517,28,1,4027.23
1518,33,2,12569.86
1518,53,3,4607.97
1518,17,1,4912.05
1518,65,2,4826.81
1518,39,3,6919.42
1519,23,2,8962.92
1520,55,1,4380.53
1520,96,1,11080.4
1520,75,2,4089.0
1520,97,2,9731.53
1521,81,1,4512.55
1521,74,3,9736.16
1521,47,1,9516.54
1521,30,2,6369.1
1522,43,3,3074.67
1523,52,2,12304.07
1523,73,1,4378.91
1523,98,2,14426.4
1523,48,1,13148.89
1524,8,3,13783.77
1524,54,2,2025.78
1524,61,2,3678.04
1524,52,3,10620.55
1524,21,2,13233.28
1525,98,2,6797.38
1525,41,3,3883.22
1525,27,3,8918.12
1526,17,3,13270.09
1526,74,3,13379.28
1526,96,1,2734.39
1526,26,3,11447.18
1527,64,3,2685.65
1527,14,2,7384.91
1527,21,3,7136.17
1527,83,3,14043.17
1528,96,3,8432.26
1528,29,2,4436.08
1529,53,3,5263.59
1529,96,2,4072.09
1529,74,1,6487.9
1530,51,3,8306.8
1531,73,2,9058.45
1531,31,3,9322.07
1531,98,3,11916.25
1532,54,1,5640.03
1533,87,3,1707.89
1533,51,3,10008.79
1534,12,1,4050.23
1534,64,1,7372.77
1534,49,1,7337.19
1534,22,1,14173.28
1535,69,3,6642.38
1535,62,3,13605.62
1535,3,3,13495.44
1536,94,2,8820.69
1536,16,1,14698.58
1536,37,2,11864.44
1536,76,2,11853.46
1537,51,1,5188.06
1537,36,1,11355.65
1537,82,1,6134.71
1537,90,2,5494.85
1538,27,1,9168.79
1538,59,1,11346.74
1538,75,3,9643.83
1538,39,1,3620.86
1539,34,3,12773.97
1539,11,3,2092.64
1539,83,2,10686.48
1539,50,3,4735.91
1539,59,1,9496.12
1540,87,1,6469.56
1540,71,1,3667.54
1540,29,3,2108.59
1540,14,2,2057.82
1541,99,3,899.33
1541,52,3,4080.03
1541,78,2,11105.03
1542,98,1,3322.97
1543,35,2,3623.94
1543,86,2,12581.85
1544,88,2,8235.45
1544,13,2,1161.06
1545,70,3,4346.88
1545,94,1,14347.69
1545,56,2,9207.18
1545,5,1,14912.64
1545,70,1,2004.08
1546,37,3,9989.57
1547,85,3,1704.05
1547,4,1,12802.1
1547,84,1,13457.66
1547,5,1,8179.73
1547,54,2,13924.53
1548,70,1,11345.85
1548,10,3,9232.22
1548,32,2,2593.5
1548,99,1,4238.35
1549,39,3,4286.43
1549,20,1,3538.18
1549,26,1,6669.27
1550,73,3,1894.44
1550,76,1,3478.43
1550,70,2,1352.03
1550,42,2,1933.79
1551,64,1,3447.53
1552,91,1,8953.02
1552,40,1,14947.2
1553,60,3,13077.76
1553,21,3,8556.86
1553,84,1,4695.26
1554,17,3,7160.96
1555,41,1,13675.26
1555,90,1,11702.8
1555,78,1,14561.42
1556,66,2,7617.46
1556,38,2,3219.07
1556,10,1,8534.56
1556,11,1,13810.57
1557,39,3,14574.07
1557,85,2,2270.66
1557,74,2,2955.13
1557,83,1,2225.07
1558,7,1,10794.8
1558,11,2,3658.03
1558,7,2,9153.77
1559,85,1,6133.77
1559,53,3,4172.43
1559,45,2,2924.7
1559,42,1,11486.07
1560,95,2,13454.61
1560,1,1,9678.45
1560,37,2,10949.63
1560,9,3,7264.9
1561,77,3,9396.94
1561,67,3,13766.07
1561,46,2,6161.19
1561,37,3,8768.09
1561,77,1,14726.84
1562,48,1,9067.28
1563,56,2,5544.09
1563,85,2,3519.0
1563,47,3,4795.53
1564,24,2,9753.2
1564,12,2,2762.9
1565,18,3,5743.57
1565,47,1,4255.36
1565,2,2,827.05
1565,6,1,4763.87
1566,15,1,573.86
1566,49,3,9900.09
1566,54,1,4279.82
1567,57,1,13215.76
1567,1,3,14716.75
1567,53,2,8351.68
1567,8,3,4443.18
1567,98,1,7544.99
1568,19,1,7339.83
1568,22,1,7771.78
1568,15,1,5592.03
1568,85,1,2530.1
1568,19,3,2647.21
1569,72,1,4616.67
1569,69,2,7330.12
1570,68,1,5689.78
1570,78,3,9134.68
1571,1,2,1837.91
1572,35,2,9277.42
1572,15,1,5908.87
1572,14,3,2174.19
1572,32,2,10171.7
1572,100,2,3316.48
1573,19,1,11609.08
1573,68,3,2403.15
1573,1,2,4694.39
1573,82,3,14072.12
1574,63,3,14717.89
1574,77,2,8100.77
1574,4,1,13936.2
1575,10,1,13476.85
1576,80,2,13695.49
1577,32,2,1619.42
1577,43,1,11906.33
1577,66,1,13982.61
1578,37,2,8557.22
1578,59,2,11125.08
1578,81,1,8483.74
1579,11,3,7894.12
1579,72,3,3737.45
1580,29,2,7716.97
1580,72,3,10800.34
1580,4,3,14933.11
1580,60,3,8985.15
1581,86,1,1911.53
1582,93,3,6947.18
1582,31,3,6336.21
1582,74,1,5124.58
1582,43,3,5185.86
1582,45,2,11871.59
1583,74,2,10619.15
1583,3,3,11513.63
1583,24,3,13474.5
1583,1,2,9239.77
1583,56,3,9745.68
1584,46,1,8037.42
1584,70,2,714.2
1584,9,3,1202.83
1585,54,2,3988.59
1585,58,2,5883.19
1585,6,1,6286.56
1586,57,2,1851.88
1586,29,2,10126.29
1587,39,3,13534.32
1588,18,2,3689.3
1589,66,2,3319.54
1590,79,3,2830.57
1590,79,2,4788.53
1590,39,2,11721.14
1590,64,1,5185.08
1591,69,2,10292.03
1592,96,1,13563.83
1592,23,1,4871.48
1593,99,1,4471.65
1594,91,1,4963.31
1594,93,2,5459.12
1594,51,3,2066.18
1594,69,2,5072.22
1595,75,1,6070.5
1595,64,3,12230.39
1595,2,1,4524.48
1596,58,1,3967.85
1596,98,1,3713.54
1596,19,3,12025.01
1597,38,2,3128.61
1597,29,1,5171.3
1597,69,1,8117.73
1597,29,1,4553.25
1597,18,3,6808.71
1598,89,3,9201.37
1598,57,1,1938.53
1599,21,3,2513.1
1599,17,1,4879.51
1599,53,2,8352.82
1600,16,2,10425.21
1600,76,1,13547.78
1601,78,1,7385.17
1601,1,2,3708.72
1601,17,2,11397.1
1601,28,1,12665.52
1602,21,3,1154.79
1602,69,2,610.05
1602,20,1,6560.81
1602,86,3,1206.86
1602,74,1,9823.31
1603,48,3,3772.55
1603,78,2,1728.91
1604,1,1,9868.85
1605,91,3,9896.45
1605,56,1,5963.35
1606,44,2,10875.36
1606,87,2,10650.2
1607,66,3,5842.76
1608,40,1,11042.86
1608,75,3,12272.48
1608,19,1,506.82
1608,100,2,11040.87
1608,28,1,11272.05
1609,50,3,9599.11
1610,69,1,4630.53
1610,49,2,6895.84
1610,37,1,6937.1
1610,95,1,9416.61
1611,26,3,9407.04
1611,14,1,10216.16
1611,64,2,14553.35
1612,44,1,5496.71
1612,85,2,9897.49
1612,98,2,1470.0
1612,4,3,2821.75
1613,90,3,5156.71
1614,8,2,10101.62
1614,93,3,1368.17
1614,17,1,1504.09
1614,15,2,7437.68
1614,71,3,13946.73
1615,50,3,12475.63
1616,27,2,4068.08
1616,20,1,10417.35
1616,16,3,5658.17
1616,20,1,13100.57
1617,82,3,10946.69
1617,83,3,5830.7
1617,29,2,1714.93
1617,37,1,9290.97
1618,3,1,919.31
1618,96,1,7076.56
1619,99,1,8762.07
1619,69,3,13664.03
1619,20,1,10694.07
1620,27,1,4264.97
1621,77,3,9582.35
1621,49,2,9382.78
1621,17,2,11447.0
1622,92,2,1997.58
1622,85,3,3424.73
1622,88,2,6484.65
1622,73,1,13294.58
1622,44,1,13830.57
1623,6,1,1926.25
1623,36,3,13126.57
1624,46,1,10654.78
1624,51,2,3167.84
1624,57,1,13136.82
1624,48,1,12179.49
1625,24,2,5080.88
1625,45,1,14452.42
1625,32,2,14277.64
1625,47,3,6187.65
1626,79,2,14672.7
1626,34,3,6898.66
1626,38,3,6674.98
1626,22,2,12305.12
1627,37,3,5830.32
1627,16,1,4948.99
1627,81,1,5066.07
1627,53,3,2379.4
1627,73,2,5241.37
1628,43,1,2573.42
1628,87,1,13062.34
1628,99,1,11385.06
1628,54,3,7636.76
1628,77,1,11225.58
1629,79,2,8972.45
1630,33,3,13221.37
1630,18,1,2399.36
1631,39,2,13095.81
1632,1,1,2636.49
1632,26,2,13448.2
1632,60,3,14767.51
1633,37,2,14600.75
1634,60,1,5916.91
1634,67,2,10622.66
1634,7,2,851.3
1634,30,3,9358.98
1634,18,1,4742.77
1635,88,1,11725.48
1635,25,2,9854.06
1635,20,3,1313.45
1635,73,3,10695.82
1635,41,1,10907.63
1636,63,2,11606.09
1636,57,1,6233.65
1636,53,3,3685.79
1636,18,3,6681.91
1637,15,1,14832.37
1638,4,1,13424.45
1638,93,3,8010.89
1639,35,1,6121.62
1639,33,3,3451.33
1639,97,1,6631.46
1639,58,3,8855.73
1639,3,3,2912.59
1640,78,2,7732.1
1640,95,3,1744.01
1640,27,2,626.54
1640,43,3,10319.09
1640,78,2,13414.46
1641,18,1,8653.22
1641,48,2,4559.01
1641,92,1,2149.01
1641,25,1,4292.49
1641,48,1,13667.4
1642,48,1,12460.62
1642,1,1,2070.08
1643,38,2,2091.0
1643,45,3,10873.23
1643,91,3,1370.21
1644,28,3,11139.35
1645,82,3,11161.82
1645,37,2,9751.83
1645,8,2,1390.82
1645,31,1,5554.28
1645,50,3,5428.99
1646,43,1,8075.39
1646,84,1,4479.39
1647,62,2,7142.18
1647,46,3,1224.11
1648,80,3,674.32
1649,67,2,6030.78
1649,58,1,7562.34
1649,58,3,4302.83
1649,12,3,1039.43
1650,85,1,6369.58
1650,78,3,10561.77
1650,83,3,3460.99
1650,90,1,6821.01
1651,47,3,13953.72
1652,67,2,2135.93
1652,73,3,7315.33
1652,50,2,5665.59
1652,95,3,8059.09
1653,21,2,1452.26
1653,6,3,5152.29
1654,43,3,3507.0
1655,33,2,9832.55
1655,9,3,5542.77
1656,57,3,2674.29
1656,48,1,5788.82
1656,31,1,8888.29
1657,99,3,2864.87
1657,21,2,6302.61
1657,19,1,7287.81
1657,100,3,7488.68
1657,72,1,1464.77
1658,70,2,13970.94
1658,55,3,7530.72
1658,27,1,12314.42
1659,1,1,11936.05
1659,44,1,2785.06
1660,23,2,11432.27
1660,56,3,8622.55
1660,83,1,4198.17
1660,9,3,5879.14
1661,22,2,2323.84
1662,48,2,6683.8
1662,31,1,12154.98
1662,60,1,14149.96
1662,1,3,13783.41
1662,61,1,13347.02
1663,82,2,11600.12
1664,72,3,12746.86
1664,62,2,7302.57
1665,16,3,4741.1
1666,17,3,11121.07
1666,84,3,13862.35
1666,26,1,11813.38
1667,2,2,13657.3
1668,10,1,12495.56
1668,92,2,2541.78
1669,87,2,7588.47
1669,87,1,5557.58
1669,85,2,12807.11
1670,61,1,11482.17
1670,92,2,14052.8
1670,87,3,8947.18
1670,61,1,5954.87
1671,56,2,11692.27
1671,52,2,6397.43
1671,6,3,9336.3
1671,88,2,8098.22
1671,31,1,4669.8
1672,3,1,9417.4
1672,47,1,2841.41
1672,37,1,14803.0
1673,88,3,5785.67
1673,100,2,9550.07
1673,89,1,2344.17
1673,12,3,1601.11
1674,32,3,10699.6
1674,59,1,5746.76
1674,37,2,10240.55
1675,7,1,5351.34
1675,82,3,2157.2
1675,43,1,11305.71
1675,13,1,1504.02
1676,54,1,945.59
1676,5,1,6319.22
1677,74,3,3529.56
1677,34,2,13691.16
1677,77,2,13021.0
1677,27,1,5120.35
1677,65,3,10849.09
1678,63,1,9201.78
1678,14,2,8771.6
1678,61,3,1823.7
1679,50,1,14569.34
1679,91,3,13899.84
1679,82,2,12869.42
1680,20,1,13210.65
1680,12,2,10543.76
1681,55,2,2620.66
1681,67,1,5000.48
1681,69,2,4326.11
1681,76,1,14833.27
1682,86,1,4706.42
1682,6,1,10493.49
1682,95,3,10038.52
1682,3,3,6171.28
1683,12,2,10164.83
1684,3,2,1747.24
1684,4,3,11602.51
1684,36,1,12446.57
1684,64,1,6309.34
1685,94,1,13247.07
1685,90,3,3373.14
1686,41,2,12752.73
1686,28,2,9174.95
1687,2,1,13652.58
1687,8,3,1046.89
1688,68,3,9035.34
1689,71,2,8055.1
1690,40,3,14524.06
1691,68,3,14744.76
1691,30,2,10635.79
1692,9,2,8384.45
1692,77,1,9562.4
1692,7,3,11224.13
1693,34,3,3699.06
1694,54,2,1783.55
1694,99,2,6211.67
1694,69,3,858.62
1694,11,1,14783.16
1695,67,1,5557.46
1695,98,3,4894.95
1695,59,3,14730.19
1695,99,2,12778.66
1696,92,1,1567.93
1696,12,1,14702.43
1696,88,3,14229.73
1697,2,3,6773.43
1697,26,3,6994.04
1698,38,1,1872.64
1698,75,1,11331.44
1698,18,3,6621.77
1698,30,2,14981.12
1698,94,2,9890.76
1699,52,2,6693.54
1700,66,2,7441.39
1701,85,3,8369.05
1701,28,2,13939.14
1702,70,3,13637.75
1702,86,2,856.33
1702,94,3,6249.43
1702,100,3,2841.24
1703,23,3,2804.27
1703,55,2,6807.23
1703,66,3,7965.74
1703,73,3,10472.91
1704,83,2,1741.57
1704,51,2,2950.62
1704,71,3,9232.28
1704,92,3,14528.11
1705,60,2,8921.31
1706,41,3,8264.18
1706,18,2,5450.28
1707,62,2,2708.26
1707,42,3,12621.22
1707,49,2,861.59
1707,25,3,5855.68
1708,4,2,925.23
1708,10,3,14147.26
1708,38,1,11711.5
1708,14,2,5280.09
1708,71,3,3232.83
1709,18,3,14380.36
1710,51,2,12120.77
1710,69,3,6900.32
1710,83,1,12701.95
1711,68,2,1070.98
1711,84,2,11721.08
1711,1,3,9250.3
1712,35,3,10708.09
1712,24,3,14244.47
1712,72,2,5568.92
1713,7,3,3877.26
1713,3,1,9049.93
1713,3,1,1974.29
1713,20,2,9687.49
1714,83,3,6175.66
1715,64,2,2978.27
1716,52,3,9825.36
1717,20,1,2849.74
1717,25,2,9268.56
1717,16,3,8631.51
1718,22,1,697.78
1718,64,3,3335.7
1718,18,2,11889.7
1718,50,3,10803.49
1719,34,3,12171.49
1719,58,2,3968.66
1720,4,3,12230.1
1720,64,3,1834.31
1720,83,2,4923.6
1721,48,2,10335.2
1721,64,2,1220.65
1721,49,3,13596.66
1721,27,2,9866.15
1721,33,2,3673.61
1722,93,1,4569.97
1722,84,2,13496.69
1722,69,3,12429.46
1723,66,1,10160.73
1723,35,3,3375.34
1723,38,3,11250.44
1724,85,2,9996.25
1724,55,3,2820.31
1725,64,1,6795.56
1725,51,2,8004.99
1725,31,1,924.83
1725,85,2,7355.05
1726,61,1,13902.52
1726,78,2,4033.7
1726,99,3,6423.44
1726,79,3,3667.42
1726,84,2,4861.11
1727,77,3,5389.64
1727,69,1,5662.45
1727,98,3,11961.46
1727,41,1,5737.08
1728,77,1,8214.17
1729,60,1,11125.84
1729,2,1,7139.34
1729,36,1,13807.61
1729,98,3,11498.06
1730,6,3,7277.89
1730,30,3,7605.32
1730,19,3,5063.62
1730,82,2,10170.84
1730,88,1,4004.49
1731,9,2,2496.76
1732,45,1,5638.04
1732,87,1,10492.35
1732,82,1,4848.51
1732,44,1,10040.04
1732,72,1,5018.95
1733,30,1,2519.4
1733,60,3,4339.94
1733,88,3,10248.87
1734,29,2,9496.39
1734,98,2,3227.32
1735,15,1,3965.51
1736,74,1,4484.18
1736,22,2,5690.56
1736,59,2,2660.31
1737,87,2,13638.61
1737,86,2,2109.64
1737,7,3,5770.42
1737,29,3,3290.36
1738,45,2,5462.21
1738,11,2,9662.85
1738,56,1,12073.7
1739,75,1,5200.59
1740,62,3,13577.22
1741,45,2,5033.64
1741,88,1,10485.25
1741,90,1,13895.19
1742,18,2,3203.92
1742,14,2,7106.6
1742,32,2,4127.61
1742,13,1,12764.91
1743,61,2,14468.18
1743,93,3,11556.2
1743,96,1,11535.23
1744,13,1,11422.23
1744,4,3,4234.31
1744,16,3,14647.75
1745,51,1,704.68
1745,80,1,6646.5
1745,30,1,9250.86
1745,56,1,792.58
1746,80,3,5372.39
1746,10,2,11298.61
1747,40,2,971.05
1748,93,3,12411.84
1748,70,1,13806.44
1748,17,3,10706.53
1749,57,1,10312.13
1749,13,1,14307.89
1749,28,2,11833.85
1749,100,3,13836.49
1750,5,2,7780.19
1750,12,3,4730.41
1750,20,1,2606.12
1750,78,1,6310.7
1750,47,1,12955.8
1751,71,1,11888.78
1751,31,1,4071.59
1752,61,2,11623.08
1752,57,2,7265.09
1753,79,1,2097.89
1753,43,2,9061.82
1753,96,2,9616.31
1753,25,1,8059.39
1753,91,1,9880.0
1754,56,3,5901.43
1754,11,1,10442.3
1755,86,3,7515.23
1755,16,3,9816.49
1756,3,2,2632.62
1756,75,1,14256.49
1756,60,3,2334.35
1757,9,2,3597.63
1757,21,3,2117.37
1757,55,1,10436.97
1758,96,1,11101.74
1759,30,3,2756.49
1759,13,3,8474.2
1759,51,3,13548.44
1759,42,2,3658.55
1760,56,2,2151.67
1760,4,2,2485.18
1760,66,3,7042.7
1760,1,2,9830.31
1761,77,3,9471.88
1761,94,1,5910.82
1761,26,1,4187.29
1762,7,1,12228.54
1762,23,1,2398.52
1762,83,2,11264.82
1763,32,3,7668.33
1763,79,1,13362.29
1763,96,2,9750.29
1763,8,1,9119.46
1763,65,2,7062.54
1764,7,1,9904.32
1764,7,2,623.38
1764,100,3,11935.85
1764,35,2,10430.24
1765,87,2,4815.16
1765,9,3,10809.26
1765,19,1,11937.71
1765,70,3,1895.74
1766,32,3,10142.95
1767,23,1,1202.79
1767,97,2,1951.87
1767,32,2,5941.81
1767,13,3,5002.31
1768,1,1,3907.81
1768,85,3,2951.36
1769,23,1,11678.75
1769,95,1,10434.55
1770,97,3,6107.67
1771,93,3,6460.58
1772,2,1,8293.33
1772,87,3,10363.21
1772,84,3,7443.82
1772,32,3,6015.45
1773,60,3,7899.07
1774,83,2,6711.95
1774,24,1,1119.76
1774,46,1,1671.49
1775,100,1,14514.59
1776,59,1,6788.67
1777,72,2,13134.74
1777,4,3,10233.73
1777,78,2,2010.89
1778,59,1,8171.75
1778,11,1,13291.21
1779,97,1,9522.13
1779,83,2,5746.2
1779,47,2,9279.86
1779,19,3,6233.7
1779,44,2,12429.19
1780,24,2,6702.9
1780,11,1,6868.27
1780,94,3,12257.78
1780,89,3,7764.87
1780,54,1,12773.63
1781,75,2,6311.48
1781,18,3,6325.01
1782,100,2,8386.59
1782,4,2,5770.12
1782,27,2,1927.46
1782,70,3,7428.5
1783,6,1,11076.86
1783,28,3,10001.51
1783,92,2,10174.64
1784,39,2,11918.15
1785,23,2,6651.81
1785,94,1,512.3
1785,88,1,1538.47
1785,59,2,11797.46
1786,23,3,10228.66
1786,48,1,4785.06
1786,30,1,9214.0
1787,95,2,3504.53
1787,54,2,7448.37
1787,33,2,5041.31
1787,69,3,6118.74
1787,66,2,13941.1
1788,49,3,8601.62
1788,30,1,910.45
1789,29,2,10402.22
1789,83,1,6322.69
1789,30,3,12722.62
1789,98,2,8861.47
1789,24,3,14305.28
1790,15,3,9835.81
1790,62,1,6057.88
1790,77,1,4562.31
1790,6,2,1223.25
1790,96,3,2604.73
1791,11,3,7049.11
1792,66,1,4571.1
1792,16,3,3292.4
1793,69,1,6972.08
1794,99,2,9954.05
1794,62,2,10318.61
1794,68,3,11071.93
1794,94,3,10014.45
1794,74,2,13468.66
1795,79,2,9552.09
1795,8,2,2837.83
1795,18,1,7609.82
1795,15,2,8421.14
1795,53,2,14823.75
1796,67,3,1876.35
1796,80,3,10112.19
1796,2,2,1616.06
1797,81,3,12885.26
1797,91,2,6392.54
1798,13,2,3401.69
1798,13,1,9147.48
1799,46,2,12360.65
1799,96,2,1998.66
1799,77,2,9327.64
1800,63,3,7853.19
1800,12,3,12668.11
1801,68,3,10802.65
1801,83,3,13362.36
1802,51,3,14681.43
1803,90,1,2150.52
1803,27,3,12437.82
1804,10,2,14871.07
1804,45,1,12032.5
1804,90,1,2166.33
1804,29,3,3319.81
1805,31,1,7317.99
1806,43,2,8886.74
1806,97,1,5001.85
1806,78,1,4018.75
1806,87,1,9219.96
1806,96,2,5887.79
1807,65,1,5455.32
1807,54,1,10361.2
1807,76,3,11498.31
1808,20,2,12833.87
1809,78,3,2734.84
1809,42,2,2034.7
1810,9,3,10658.18
1810,24,2,8585.95
1810,9,3,11216.28
1811,64,2,13521.44
1811,14,3,14876.14
1811,91,1,6384.33
1812,16,3,8359.0
1813,74,3,4286.24
1813,34,1,12459.81
1814,33,2,3889.44
1814,41,2,3655.61
1814,7,3,4014.24
1814,99,2,9168.33
1814,67,3,11184.74
1815,6,3,9013.58
1815,90,3,4934.88
1815,75,3,7239.8
1815,81,2,13762.66
1815,5,3,14786.44
1816,78,1,10687.96
1816,59,2,9722.74
1816,25,2,9937.33
1816,98,1,6568.79
1816,66,1,1464.87
1817,28,3,7321.79
1817,55,2,917.35
1818,16,2,10024.5
1818,91,2,14632.0
1819,40,1,9931.62
1819,83,1,11157.14
1820,13,3,9442.58
1820,93,1,12256.0
1820,8,2,10268.79
1821,24,3,3902.98
1821,41,2,13575.92
1822,70,1,9907.8
1823,38,2,2938.84
1823,98,3,13152.92
1823,35,1,10206.33
1824,21,3,4552.9
1825,1,3,9213.38
1825,57,2,5590.04
1825,12,1,10190.46
1826,55,3,1444.32
1826,44,2,14850.55
1826,2,3,12139.25
1826,37,1,4979.47
1826,45,1,9504.46
1827,91,1,13510.2
1827,60,1,5138.83
1827,82,1,4851.19
1827,42,1,10423.47
1827,80,1,7874.28
1828,50,1,10177.26
1828,100,1,893.84
1829,41,2,5133.11
1829,35,1,11365.56
1830,23,1,9695.51
1830,23,1,7464.13
1830,92,2,6775.34
1830,85,2,9199.25
1830,100,1,8762.79
1831,30,3,6063.99
1831,73,2,1846.54
1832,81,3,11845.32
1833,78,3,735.52
1833,80,1,11859.9
1834,17,2,9978.72
1834,20,2,531.91
1834,55,3,3076.28
1835,35,2,3274.07
1835,39,3,8002.19
1836,30,1,4231.64
1836,61,2,1986.65
1836,95,3,6028.11
1836,79,2,11108.99
1836,65,2,11752.67
1837,37,1,4622.04
1837,94,3,3060.63
1837,80,1,8540.03
1838,3,2,4400.33
1838,44,1,8875.46
1838,45,1,14624.18
1839,82,3,12200.93
1839,48,3,4443.7
1839,62,3,13051.62
1839,32,3,6690.34
1839,78,2,4609.0
1840,42,3,1893.83
1840,61,2,5257.99
1841,59,1,12137.23
1841,67,1,565.69
1841,98,3,12073.46
1842,36,1,8481.94
1842,59,1,14051.14
1842,37,3,11081.02
1843,86,2,7987.0
1843,56,2,7024.62
1843,69,3,8901.17
1843,59,1,6424.45
1844,59,3,12873.61
1845,56,3,1246.61
1846,80,2,13668.68
1846,11,1,14468.92
1846,28,3,4280.29
1847,14,2,6186.74
1847,46,2,6765.96
1847,42,1,9962.98
1847,10,3,11055.58
1848,3,3,1890.87
1848,63,3,4741.7
1848,73,3,10404.81
1848,27,2,10567.27
1849,79,3,14759.05
1849,74,3,5251.16
1849,36,2,11512.3
1850,83,2,11832.33
1851,91,3,11969.32
1851,30,2,5475.76
1851,6,1,12459.95
1851,96,2,13568.0
1852,56,1,7338.62
1852,90,3,9023.5
1852,43,2,2303.39
1852,5,1,5291.36
1852,88,1,8314.3
1853,55,3,3000.23
1853,49,2,7955.35
1853,10,3,6463.45
1853,97,1,8000.88
1854,74,1,11501.74
1854,53,3,13088.5
1854,86,2,3340.0
1855,45,1,774.71
1855,11,1,11661.82
1855,98,1,6869.49
1855,74,2,9215.69
1855,11,3,9903.57
1856,98,2,9819.16
1857,48,1,13644.99
1857,91,2,7165.16
1857,68,2,11505.31
1857,7,1,6115.72
1857,54,1,1248.28
1858,96,2,3626.66
1858,39,3,4578.25
1859,34,2,7875.72
1859,77,2,11334.52
1859,92,1,3873.12
1859,69,1,10276.85
1859,20,1,3724.08
1860,87,2,1787.27
1860,92,3,13581.56
1860,58,1,12653.88
1860,58,2,4559.14
1861,60,2,13349.06
1861,23,3,6495.41
1861,18,2,4052.54
1862,57,3,5040.84
1862,6,3,9406.67
1862,71,3,7581.58
1862,64,2,11861.57
1863,79,2,10420.01
1863,84,1,14143.76
1863,65,3,5347.09
1864,46,1,6968.81
1864,59,2,13233.58
1864,4,1,7404.87
1864,60,2,8584.8
1864,37,1,4344.51
1865,3,2,6608.13
1865,46,1,4967.82
1866,45,1,4821.69
1866,10,2,11438.53
1866,99,1,9950.24
1866,27,1,9518.86
1867,5,3,10905.59
1868,36,3,985.71
1868,53,2,6277.21
1868,93,3,2675.22
1868,96,2,10974.1
1868,44,1,8117.34
1869,84,3,6628.66
1869,32,2,14330.55
1869,26,3,2386.94
1870,56,1,9653.82
1870,86,1,12994.66
1870,5,2,7263.02
1870,74,3,1640.88
1871,95,1,12316.52
1872,97,3,5744.26
1872,54,1,1640.63
1872,89,3,7777.03
1872,76,3,6286.98
1872,41,1,1758.07
1873,88,2,7784.55
1874,36,2,6682.59
1874,40,3,4942.98
1874,58,2,13888.09
1874,66,3,11579.66
1875,66,2,10199.48
1875,36,3,7192.59
1875,75,2,6298.48
1875,84,2,8439.62
1876,91,3,729.43
1876,48,3,2430.92
1877,44,3,8999.42
1877,3,3,9807.61
1877,9,2,10915.77
1877,90,1,10529.0
1878,94,1,8826.65
1879,64,2,13669.89
1879,3,2,4534.47
1880,88,1,9535.56
1880,55,1,13762.07
1880,9,2,1294.53
1880,9,1,13197.22
1881,50,2,967.36
1881,63,2,7040.47
1881,32,1,8500.57
1881,12,2,7079.85
1881,95,3,5423.97
1882,59,2,13038.79
1882,17,1,3225.68
1882,78,2,4589.38
1883,96,3,2914.01
1884,65,2,9854.53
1884,46,1,8290.42
1885,53,2,13922.23
1885,64,2,4885.47
1885,27,1,14555.93
1885,47,1,7829.5
1886,2,1,5652.45
1886,48,1,4379.27
1887,99,2,8250.42
1887,11,2,3545.54
1887,80,3,11749.39
1887,47,3,2932.92
1888,63,3,9233.6
1889,80,3,1339.34
1889,74,3,4902.03
1889,87,1,13791.77
1890,49,2,5734.59
1890,67,1,5963.45
1890,45,3,3078.31
1890,69,1,14165.73
1890,13,3,3694.92
1891,98,3,1829.65
1891,92,1,11118.92
1891,26,3,1442.94
1891,34,2,3241.64
1891,17,3,9297.15
1892,40,1,1990.55
1892,78,2,8826.38
1893,98,1,12686.04
1893,95,1,3014.14
1894,41,1,7346.64
1894,25,2,1814.83
1894,12,2,10994.07
1894,12,1,4117.15
1894,43,3,5667.2
1895,7,1,5150.55
1895,5,1,1353.85
1896,38,1,7021.81
1896,69,1,10239.92
1896,13,1,9441.26
1897,47,3,8460.93
1897,85,2,5136.62
1897,53,3,12671.45
1897,56,1,11365.03
1898,42,2,2235.35
1898,72,3,14619.43
1898,77,3,1925.07
1899,79,3,4370.06
1899,20,1,6546.15
1899,88,1,14056.57
1899,94,1,832.16
1900,89,3,6045.46
1901,89,3,1852.61
1901,8,3,11037.3
1901,82,1,2820.54
1901,33,1,12100.9
1902,52,3,2550.23
1903,17,1,10461.7
1903,82,2,5659.67
1903,82,2,2972.24
1903,49,3,8742.97
1903,49,1,941.92
1904,81,2,7700.26
1904,91,1,11313.45
1905,45,3,3840.72
1906,64,1,11520.92
1906,71,3,7110.04
1906,91,1,2789.56
1907,6,3,10084.62
1908,72,2,9427.43
1908,95,1,4184.29
1908,25,3,7214.67
1909,19,3,5569.9
1910,43,1,13564.03
1910,6,2,10314.93
1910,66,3,834.49
1911,81,3,6291.79
1911,49,1,4676.52
1912,23,1,4301.14
1913,46,2,13352.93
1913,34,2,14341.98
1913,52,3,14706.09
1913,44,1,10911.25
1914,33,1,9701.18
1915,65,2,6816.95
1915,89,2,3461.45
1915,13,2,5273.82
1915,46,2,12176.26
1915,29,3,8603.53
1916,66,3,6920.56
1916,49,2,6670.74
1916,79,3,12529.02
1916,10,1,6145.62
1916,7,2,9883.74
1917,76,1,13328.45
1917,13,3,13087.97
1918,49,1,13870.52
1918,62,3,4517.87
1918,97,2,13586.99
1918,11,3,9423.28
1918,28,3,741.81
1919,16,3,11089.01
1919,67,3,12065.76
1919,98,2,11082.86
1920,22,3,8758.3
1920,40,1,9042.26
1920,97,1,4264.42
1920,73,3,1192.8
1920,47,1,4960.57
1921,72,1,9033.6
1921,12,3,6428.17
1922,82,1,12391.07
1922,43,3,3705.41
1923,64,1,12213.51
1923,33,3,11507.52
1923,52,3,8166.45
1923,99,2,12603.34
1924,49,3,10082.03
1924,76,1,5829.62
1924,85,3,8254.54
1925,21,3,13640.38
1925,92,3,13565.52
1926,68,1,2736.8
1927,27,1,6833.45
1927,66,3,5471.3
1927,69,3,4821.38
1928,63,2,9767.51
1928,65,1,9356.77
1928,52,2,5197.24
1928,71,1,7454.64
1929,94,2,8830.72
1929,74,2,5353.48
1929,11,1,5682.51
1930,11,2,5174.47
1930,45,3,11915.73
1931,77,3,2800.29
1931,65,3,9528.46
1931,36,3,10773.79
1932,12,3,1433.37
1932,82,2,14575.62
1932,50,3,13366.18
1933,55,2,5186.84
1933,16,3,9952.75
1934,80,2,6653.81
1934,43,1,4389.2
1934,53,2,11913.39
1934,10,2,11790.42
1934,56,2,13357.45
1935,52,2,8176.13
1935,55,1,14062.8
1935,2,1,8703.01
1935,27,2,11177.77
1935,24,1,12608.52
1936,25,1,1744.99
1936,95,2,8846.3
1936,84,3,2750.89
1936,36,1,2330.66
1937,98,3,11982.26
1937,28,2,11698.25
1937,77,1,7454.16
1938,71,1,8732.02
1938,67,2,6820.46
1938,89,1,14346.31
1938,82,3,14577.01
1939,2,1,3349.76
1939,39,3,572.62
1939,43,1,6860.19
1940,48,3,6287.41
1940,96,2,2012.74
1941,42,2,4452.2
1941,3,2,4053.2
1941,20,2,1093.09
1942,63,2,14005.23
1942,52,3,10657.47
1942,64,1,1197.13
1942,43,3,3490.05
1943,80,3,1413.01
1943,77,3,2720.78
1943,68,2,6427.14
1944,65,2,11199.01
1944,22,1,13252.44
1945,42,3,13347.97
1945,84,3,3653.87
1945,32,1,10266.88
1946,44,2,8460.83
1946,12,1,6101.02
1946,54,2,3654.39
1946,78,2,6266.14
1947,35,2,11351.63
1947,1,2,8637.09
1947,100,1,12552.25
1947,44,1,10161.4
1947,73,3,8758.01
1948,78,3,1437.77
1949,48,2,1493.56
1949,74,3,10475.89
1949,39,1,12005.25
1949,78,1,5416.27
1950,55,2,9488.73
1951,67,3,11519.33
1951,67,3,5376.99
1952,61,2,6879.63
1952,56,2,5998.91
1952,41,3,13519.41
1952,62,1,5743.85
1952,39,3,9384.98
1953,82,2,3728.5
1953,99,2,8287.13
1954,14,2,12967.44
1954,73,1,14285.87
1954,93,1,12535.99
1954,35,3,12949.64
1955,63,2,14225.83
1956,39,1,5513.73
1956,47,3,7225.29
1957,7,3,1192.21
1958,43,3,4157.79
1959,30,2,9411.14
1959,34,1,10116.58
1959,85,2,10566.4
1959,62,1,3007.76
1960,60,3,5383.11
1960,33,1,3737.14
1960,35,3,14512.86
1961,40,1,6205.86
1961,43,3,5924.34
1961,28,3,10145.27
1961,20,1,12980.2
1962,47,2,5568.01
1962,3,3,11373.21
1962,45,2,11329.14
1962,39,2,5750.82
1962,65,1,9977.51
1963,6,1,11917.52
1963,68,2,9607.01
1963,16,1,6452.9
1963,31,1,11254.12
1964,57,1,4858.45
1964,60,1,4148.53
1964,76,2,9687.18
1965,33,3,14696.55
1966,63,3,12235.68
1966,89,1,14625.8
1966,16,3,5564.84
1966,41,3,5430.66
1966,6,3,10836.58
1967,37,2,10851.33
1967,52,1,2278.59
1967,4,1,9323.01
1967,50,1,779.78
1968,45,3,10328.17
1968,85,1,11490.69
1968,57,3,1011.36
1968,50,2,8805.29
1969,74,1,7588.78
1969,56,3,9162.05
1969,68,2,5050.33
1970,51,3,2763.39
1971,75,1,10136.45
1971,99,3,6651.2
1971,52,3,4124.81
1972,55,2,14997.93
1972,48,3,12035.96
1973,77,2,1159.39
1973,8,2,2357.26
1973,69,3,3608.78
1973,100,1,14522.06
1973,30,2,12393.96
1974,79,1,1578.95
1974,25,1,9252.21
1975,22,2,9711.17
1975,79,1,6767.09
1975,87,1,5047.9
1976,53,2,11645.07
1976,9,3,4386.44
1976,3,1,10702.11
1976,86,1,10130.8
1976,59,3,10953.29
1977,100,3,6835.82
1977,47,3,12299.51
1977,50,1,7948.16
1978,24,3,6518.67
1978,94,2,12241.78
1978,34,3,11786.85
1979,19,3,13027.76
1980,50,2,14115.13
1980,14,1,12248.59
1980,87,1,14375.25
1980,22,1,4325.88
1980,85,1,5172.93
1981,49,1,13887.46
1981,75,2,11950.91
1982,73,1,12722.08
1982,80,2,6217.56
1982,98,2,7046.82
1982,34,3,9622.17
1982,49,2,10650.96
1983,48,3,12375.09
1983,36,2,13905.75
1984,67,1,12060.74
1985,86,3,5467.83
1985,28,2,13859.81
1985,25,3,14512.38
1985,88,2,2593.57
1985,27,3,12470.18
1986,13,3,9100.12
1986,57,3,6718.17
1986,39,1,8287.34
1986,36,2,14116.94
1986,34,2,10226.03
1987,4,1,4285.01
1987,67,1,3375.73
1988,35,1,13541.3
1988,15,1,6922.28
1988,70,1,13715.57
1989,26,1,7868.29
1990,38,2,13665.1
1990,6,3,8808.64
1990,54,3,10142.68
1990,56,1,14584.2
1991,100,2,5969.64
1991,95,3,5911.06
1992,54,3,7500.31
1992,9,3,6532.52
1992,13,2,2635.59
1992,37,3,8091.51
1993,51,3,1215.22
1993,39,1,7764.56
1993,74,1,1148.38
1993,86,1,6113.28
1993,39,3,5263.34
1994,33,3,6726.3
1994,39,1,9037.92
1994,11,2,1036.57
1994,92,3,11414.61
1995,88,1,6110.1
1995,33,3,981.26
1995,73,3,10790.0
1995,63,3,724.25
1995,39,1,5376.25
1996,91,3,7034.11
1997,16,3,1502.69
1998,72,3,1947.7
1998,51,3,2561.92
1998,51,2,14340.03
1999,36,1,2209.05
1999,43,1,1471.28
1999,32,3,13569.26
1999,94,1,11823.9
2000,22,2,12040.41
2000,18,1,2139.68
2000,74,3,13973.72
2001,71,3,7895.64
2002,36,3,651.74
2002,78,1,3385.31
2002,48,3,3846.46
2003,39,1,10395.42
2003,80,3,1698.9
2003,53,2,7005.2
2003,42,1,7460.26
2003,44,2,5972.04
2004,99,3,10737.27
2004,16,1,13203.19
2005,39,1,13656.52
2006,20,3,4045.88
2007,74,2,5830.83
2008,91,2,8710.79
2008,2,1,5413.68
2008,98,3,7080.04
2008,64,2,1680.97
2008,63,3,888.97
2009,45,2,7754.6
2010,74,2,1568.85
2011,90,2,569.78
2011,12,2,4173.87
2011,30,3,9652.35
2012,42,1,3966.48
2012,50,3,4253.58
2012,97,3,7076.41
2012,52,2,7239.43
2012,86,2,12936.78
2013,50,2,3754.39
2014,84,3,14002.69
2014,92,2,10306.67
2014,86,1,12720.0
2015,98,1,1146.8
2015,29,1,4330.85
2015,54,3,12516.4
2015,93,2,5333.3
2016,34,2,2186.5
2016,1,2,8371.25
2016,69,1,9006.41
2016,90,2,11017.75
2017,15,3,1844.58
2017,45,2,783.24
2018,38,1,7512.91
2018,59,3,11802.03
2018,75,2,12355.61
2019,62,2,12563.35
2019,14,1,1242.76
2019,74,2,6186.97
2020,47,2,10267.36
2020,45,2,5450.6
2020,20,3,8696.48
2020,59,1,2913.08
2021,27,2,7850.19
2021,35,3,858.57
2021,27,3,651.04
2021,65,2,14371.25
2021,49,3,12944.94
2022,2,2,5994.86
2022,76,3,9163.16
2022,84,3,13012.09
2022,9,1,8031.34
2023,71,2,989.67
2023,99,2,13305.7
2023,59,2,9144.08
2023,60,1,11474.6
2024,73,3,13449.66
2024,53,1,5955.6
2025,60,3,3164.2
2025,96,2,1511.51
2025,11,1,14222.11
2025,98,1,14831.16
2026,17,3,9157.57
2027,24,3,11998.12
2027,53,3,14519.12
2028,37,1,2877.47
2028,25,3,14153.79
2029,7,1,3627.29
2029,76,1,4157.35
2030,3,2,12308.73
2030,4,2,8706.98
2030,34,3,3785.2
2030,1,2,9373.59
2031,25,2,6845.87
2031,51,2,11788.66
2032,40,1,2479.83
2032,44,1,7494.72
2032,7,1,11889.31
2032,34,2,8200.41
2032,72,2,4665.39
2033,100,2,4058.43
2033,15,3,9660.39
2033,98,3,11857.89
2033,33,1,5750.59
2034,19,3,12131.34
2034,42,1,14629.18
2034,53,2,14574.03
2035,43,1,7455.23
2035,55,3,8185.49
2035,58,3,6254.87
2036,6,1,10970.55
2036,17,1,2273.98
2037,62,1,13578.48
2038,80,3,13601.72
2039,52,2,13876.3
2039,76,3,10096.58
2039,70,2,8704.97
2039,100,2,2812.45
2039,67,2,3443.25
2040,33,1,12180.7
2041,47,2,3018.38
2041,15,2,13777.85
2041,74,2,4990.79
2041,15,2,620.96
2041,25,1,8357.58
2042,1,2,565.09
2042,42,1,10672.97
2042,23,3,7571.19
2042,44,3,1649.68
2042,3,1,10376.03
2043,11,3,13367.98
2044,39,2,14233.17
2044,9,2,4493.69
2044,64,3,2493.59
2045,8,2,6383.97
2046,60,2,9928.39
2046,3,1,5654.92
2047,88,3,8781.71
2047,33,2,2976.75
2047,7,1,13081.96
2047,51,1,7478.58
2048,38,3,8371.37
2048,25,1,694.25
2048,48,3,14309.03
2049,31,3,8553.17
2049,51,3,10754.66
2050,55,1,12036.5
2051,43,2,14678.44
2051,20,1,2451.44
2051,63,1,4384.42
2052,44,3,10703.57
2052,80,3,7174.4
2052,13,2,1142.13
2052,14,3,6768.14
2052,78,2,10204.99
2053,80,1,5580.76
2054,17,1,2227.79
2054,72,1,8470.78
2054,93,2,2331.75
2054,30,3,2666.22
2054,73,2,12705.77
2055,74,3,12839.45
2055,97,2,8989.61
2055,65,1,9104.15
2056,44,3,14487.66
2057,42,1,1621.22
2057,28,3,9865.9
2057,11,2,9222.36
2058,60,2,12542.1
2059,39,3,12958.57
2059,40,1,4835.89
2059,60,1,8950.95
2059,21,2,2389.15
2060,11,3,13922.3
2060,31,3,1516.3
2060,39,3,8839.02
2060,61,3,7018.21
2060,98,3,6796.53
2061,62,1,13287.09
2061,34,2,3273.41
2061,40,1,9630.14
2061,44,2,9528.22
2062,67,2,2889.47
2062,49,2,7410.02
2062,44,2,11413.91
2062,40,1,13467.74
2063,21,3,13778.95
2064,98,1,4418.05
2065,83,1,9790.26
2065,17,2,7328.05
2065,54,1,9584.02
2065,93,1,8730.55
2065,2,3,1454.33
2066,62,1,7429.29
2066,17,2,13245.23
2066,52,2,10570.58
2067,17,2,4294.64
2067,20,1,3701.94
2068,30,1,9133.78
2068,11,3,14383.24
2068,81,1,13729.38
2068,87,2,2650.47
2068,31,1,14191.23
2069,97,2,3173.03
2070,51,2,13715.92
2070,34,2,14420.02
2071,54,3,14560.05
2071,2,1,9694.95
2071,67,2,2325.17
2072,29,1,14693.93
2072,79,3,14783.26
2072,35,2,12116.35
2072,21,1,8840.52
2072,82,1,12593.93
2073,79,2,10423.68
2073,89,2,11918.99
2073,11,2,4113.35
2074,3,1,2909.38
2074,99,1,11255.43
2074,60,3,11800.9
2074,52,2,653.67
2074,93,1,2577.12
2075,3,3,1050.07
2075,82,1,6768.7
2075,59,2,1479.53
2075,83,2,4866.04
2075,58,3,7588.91
2076,41,2,10050.55
2076,7,3,13855.62
2076,23,3,4104.47
2077,80,2,9181.02
2077,93,3,11373.91
2077,95,2,6921.68
2077,47,2,14218.29
2078,80,1,4933.77
2078,30,3,8831.24
2079,3,2,5132.24
2079,28,3,11779.16
2079,76,1,11972.18
2079,89,2,3030.5
2079,61,3,10561.74
2080,59,1,4097.74
2080,66,1,13433.08
2080,32,1,14046.68
2081,36,2,4104.01
2081,87,1,1231.87
2082,55,2,1971.33
2082,23,1,4750.24
2083,33,1,9686.35
2083,69,2,3267.72
2083,59,1,1296.99
2083,30,2,1149.92
2084,52,1,2319.95
2085,42,1,12373.38
2085,63,3,1801.73
2086,42,3,12958.39
2086,7,3,14362.32
2086,35,3,14966.17
2087,35,1,2708.53
2088,44,2,4930.45
2088,11,3,9499.42
2088,48,2,12909.84
2089,42,1,7905.03
2089,5,2,11675.07
2090,76,1,12744.97
2091,3,2,10874.7
2091,29,3,10484.46
2091,79,2,14008.21
2092,79,3,13180.05
2093,43,3,7709.58
2094,46,2,14266.21
2094,51,2,12064.36
2094,23,3,9661.15
2095,36,2,4067.45
2095,56,1,11302.22
2096,10,3,10209.41
2096,69,3,5787.92
2097,31,2,2405.64
2097,100,1,7143.92
2097,10,2,1102.27
2097,20,1,5058.69
2098,85,2,7764.14
2098,46,3,9955.9
2098,77,2,7178.4
2098,10,2,3252.79
2098,28,3,14483.11
2099,65,1,11304.86
2100,5,1,1139.9
2100,37,2,11124.65
2100,7,3,3639.96
2100,20,2,12550.34
2100,68,3,8580.39
2101,77,1,1054.84
2101,51,3,2161.41
2101,32,3,8083.54
2101,53,3,7360.42
2101,69,3,5608.56
2102,88,2,14022.65
2102,77,1,14898.66
2102,81,1,10082.16
2102,49,2,14902.28
2102,98,3,8276.39
2103,49,2,3053.41
2103,5,1,7447.93
2104,92,2,2770.6
2104,1,3,9755.62
2105,15,3,10197.09
2105,38,2,2737.9
2105,25,2,3556.29
2105,54,2,757.27
2105,67,1,11043.7
2106,69,1,1220.89
2107,78,2,14308.35
2107,67,3,8967.83
2107,73,2,1996.98
2107,33,2,14665.67
2108,71,1,6469.01
2108,11,2,6119.16
2108,34,3,1012.12
2108,56,2,8139.4
2108,93,2,7016.89
2109,72,2,11561.49
2110,11,2,4912.67
2111,6,2,10198.11
2111,47,2,3504.81
2111,39,1,13928.86
2111,12,3,1207.81
2112,27,3,14013.97
2112,3,3,969.4
2112,45,3,12605.97
2112,45,2,5303.51
2113,31,2,10700.83
2113,62,1,767.21
2114,13,2,7679.37
2114,72,2,2069.85
2115,54,1,5882.06
2115,71,2,10262.82
2116,14,1,4308.01
2117,18,2,14351.92
2118,44,2,844.74
2118,8,2,4788.92
2118,5,3,14906.15
2119,86,3,8999.16
2120,27,3,12776.22
2120,52,3,7144.59
2120,67,3,7435.5
2120,40,2,1912.25
2120,28,1,3431.87
2121,32,3,3686.51
2121,86,1,898.71
2121,75,1,4720.22
2122,21,3,4954.59
2122,29,1,7629.92
2122,92,2,2042.17
2123,73,3,6485.26
2123,35,2,11441.63
2123,20,3,9478.36
2123,89,1,5708.78
2123,67,3,12077.49
2124,19,2,2750.44
2124,100,2,9661.63
2125,1,1,2347.22
2126,17,1,13501.27
2127,5,2,6042.5
2127,60,2,12870.17
2127,14,1,5711.67
2128,67,3,11180.39
2128,34,1,13883.9
2128,81,1,11696.94
2129,2,2,1507.02
2129,52,2,1129.95
2129,70,1,12822.11
2129,28,3,2342.8
2129,68,3,4761.74
2130,63,3,9406.06
2130,75,3,6033.45
2130,25,2,1702.02
2131,61,2,9366.73
2131,71,2,4889.82
2132,2,1,2821.02
2132,34,3,8552.16
2133,69,3,12627.69
2133,25,3,1522.2
2133,60,1,7199.34
2134,47,1,3782.27
2134,10,1,13744.3
2134,5,3,2711.24
2135,81,3,12276.51
2135,34,1,9262.1
2135,32,3,8819.42
2135,1,2,1736.41
2136,59,1,13163.68
2136,73,3,2300.04
2136,14,3,12161.44
2137,17,3,5072.26
2137,49,3,10309.85
2137,19,2,11031.08
2137,53,3,8507.07
2137,100,1,4697.26
2138,29,2,1638.13
2139,26,1,7977.2
2140,72,3,2001.75
2141,44,1,10612.41
2142,21,2,9724.62
2142,57,3,10193.49
2143,40,2,1059.01
2143,47,2,519.77
2143,96,2,11989.58
2144,59,1,4790.73
2144,65,2,8135.22
2144,9,1,3370.02
2144,34,2,11562.45
2145,35,2,7370.12
2145,98,1,7137.01
2145,85,2,9194.83
2145,7,2,11021.84
2146,29,1,12938.85
2147,34,2,9464.43
2147,75,3,13856.05
2147,68,2,553.79
2147,30,1,9322.65
2148,51,3,14560.22
2148,79,2,1789.94
2149,39,1,562.45
2149,50,1,3750.14
2149,55,2,5583.6
2149,9,3,9865.6
2150,45,2,13919.16
2151,31,1,10438.95
2151,5,1,888.05
2151,69,3,6387.67
2151,43,2,6401.55
2152,22,2,3774.96
2153,50,2,809.12
2154,57,2,14283.46
2154,52,2,9191.98
2154,72,2,11736.01
2155,67,3,4438.55
2155,33,3,1505.38
2155,2,3,4073.62
2155,14,1,14829.3
2155,59,2,556.97
2156,57,2,14270.42
2157,84,2,5041.38
2157,40,3,3360.43
2158,5,2,8153.17
2158,15,1,6914.07
2159,91,2,12566.14
2159,5,2,9433.27
2159,22,1,4386.72
2159,38,1,14199.79
2159,46,2,12813.52
2160,58,2,3798.02
2160,30,3,10098.7
2160,39,3,8687.35
2160,53,3,13921.46
2161,21,1,8729.43
2161,14,2,11754.25
2161,4,1,11039.94
2162,32,1,13208.29
2162,97,1,5011.19
2162,89,3,8962.3
2163,81,2,14709.23
2163,28,3,6095.79
2163,15,3,9394.64
2163,83,2,3912.69
2164,28,3,13101.27
2164,98,2,10569.82
2164,20,2,7845.22
2164,92,3,2707.43
2165,96,3,12428.91
2165,68,2,12938.43
2166,80,1,13053.47
2166,85,2,8524.42
2167,34,3,1634.49
2168,36,3,3410.99
2168,16,2,13802.46
2169,57,1,6741.11
2169,47,2,8608.62
2169,13,2,13154.35
2169,41,2,9309.11
2170,92,1,6134.43
2171,4,2,10613.55
2171,76,3,9379.16
2171,48,2,6200.6
2172,27,3,8259.16
2172,77,2,725.85
2172,38,3,14669.11
2172,83,2,5728.98
2173,30,3,10901.54
2174,85,1,7393.82
2174,13,3,8344.59
2174,51,2,14329.59
2175,20,2,5171.24
2175,78,3,1294.03
2175,4,3,13896.79
2175,50,1,602.78
2175,86,1,11864.69
2176,86,3,1303.05
2177,55,1,6521.53
2177,75,2,3291.63
2177,34,2,14535.17
2178,81,3,1687.56
2178,12,1,517.51
2178,87,3,8562.6
2178,18,3,11574.83
2178,68,2,10157.14
2179,74,3,1242.89
2179,88,3,14276.62
2179,91,3,12864.11
2179,62,1,3351.31
2180,10,1,4323.59
2180,34,3,2310.6
2181,81,1,9607.88
2181,53,2,14556.69
2181,93,2,1518.01
2181,18,1,14823.47
2182,71,1,13242.4
2182,3,2,3593.18
2182,11,3,11044.91
2182,51,2,2262.68
2182,50,1,9752.09
2183,4,1,3248.96
2183,34,1,10509.03
2184,78,1,6641.63
2184,25,2,13739.38
2184,79,3,1458.71
2184,60,2,4471.77
2185,19,1,11832.51
2185,86,1,10838.75
2186,85,1,14673.91
2186,18,3,2663.18
2187,59,1,3034.67
2187,78,1,7185.88
2187,34,3,12762.86
2187,73,2,12762.06
2188,24,2,3182.63
2188,79,2,11543.35
2189,39,3,8043.42
2189,98,1,12120.8
2189,96,3,6723.47
2190,56,3,2138.0
2190,15,1,4982.1
2190,29,1,1171.82
2190,33,1,9272.5
2190,67,1,5146.88
2191,62,1,12693.21
2191,41,3,5541.94
2191,87,3,11835.16
2191,8,3,13692.77
2192,100,2,8194.38
2192,79,1,2990.09
2193,74,1,10477.38
2193,3,3,11081.16
2193,50,1,7285.45
2194,53,1,13351.7
2195,51,3,826.07
2195,19,1,5198.01
2195,39,1,8260.22
2195,1,1,9526.09
2196,85,3,9046.84
2196,63,2,11658.65
2196,93,2,14567.48
2197,26,3,12543.39
2197,63,3,5079.78
2197,45,1,8682.71
2197,83,1,4195.41
2197,58,2,10391.75
2198,9,2,10293.48
2199,59,1,3667.06
2199,68,2,2652.06
2199,46,2,14388.71
2199,60,2,2009.06
2200,47,3,4729.12
2200,21,1,3515.92
2201,70,1,5741.66
2202,5,3,14242.13
2202,90,1,8881.53
2203,81,2,14916.28
2203,72,1,7913.51
2204,22,1,1070.07
2204,61,3,10883.69
2205,26,1,2990.59
2205,57,1,10885.9
2205,46,2,8399.14
2205,20,1,538.71
2205,18,1,1428.77
2206,3,3,4776.44
2206,70,2,4174.07
2206,87,1,6834.38
2206,92,1,7605.82
2207,98,1,9623.84
2207,42,1,2776.65
2207,94,3,5244.95
2207,43,1,10424.25
2208,3,2,13332.53
2209,66,1,9467.43
2210,99,2,10795.08
2210,17,2,13218.15
2210,27,3,1191.02
2210,27,2,655.66
2210,58,1,2370.53
2211,5,1,11314.42
2211,68,1,540.9
2211,25,3,4439.89
2212,82,2,3363.63
2212,59,2,12199.74
2213,15,2,11629.04
2213,19,3,936.97
2213,78,1,13132.4
2213,91,2,3706.15
2213,55,2,9377.14
2214,61,3,10302.89
2214,2,1,3491.95
2214,1,2,5920.34
2214,33,1,14171.58
2214,50,1,6820.46
2215,75,2,562.12
2215,88,3,4667.22
2215,95,2,8508.63
2216,43,3,10010.38
2217,53,2,2569.17
2217,53,3,2964.37
2217,1,3,2379.11
2217,13,1,5700.64
2218,3,3,9342.67
2218,53,3,8810.61
2218,91,2,1931.37
2219,16,2,12628.63
2219,91,2,5900.93
2220,90,1,2430.81
2220,71,1,5203.47
2221,25,2,9894.86
2221,82,2,3907.67
2221,35,3,1330.36
2221,90,3,4937.91
2221,52,1,14107.08
2222,77,2,1177.48
2222,14,1,2179.27
2223,100,1,12347.53
2223,41,3,10444.44
2223,24,2,6957.16
2224,71,3,3068.94
2224,6,1,1695.61
2224,57,2,8207.1
2224,3,1,788.14
2224,46,3,13417.96
2225,1,3,11508.87
2225,61,1,12633.17
2225,56,1,12089.45
2225,40,1,3082.32
2225,29,2,14380.54
2226,89,2,10080.89
2226,47,3,13249.58
2226,6,2,11178.56
2227,73,2,6922.84
2227,57,2,9193.97
2227,12,1,10368.98
2228,76,3,3740.75
2228,91,2,11499.64
2228,60,2,14587.71
2228,57,2,5214.51
2229,12,2,508.15
2230,46,3,8771.38
2230,5,1,13233.82
2230,85,1,3132.24
2230,100,1,3420.55
2230,91,3,9129.13
2231,8,1,13773.49
2231,26,2,7148.34
2231,88,3,1520.05
2231,86,3,9716.49
2232,76,3,10962.01
2232,1,3,14831.65
2232,64,2,6161.03
2232,14,3,2194.06
2232,32,3,12637.97
2233,97,3,7447.88
2233,77,1,7264.86
2233,82,2,10591.01
2233,7,1,3563.03
2233,87,2,11348.44
2234,87,2,13296.46
2234,19,3,5799.68
2234,83,3,12981.31
2234,66,2,7931.68
2234,14,3,11708.04
2235,100,1,14552.74
2235,60,2,10601.81
2235,7,3,13685.83
2236,2,3,559.06
2236,31,2,9017.09
2236,79,3,14713.16
2236,94,3,12446.01
2236,36,2,7207.04
2237,40,2,2099.63
2237,6,2,6343.38
2237,22,3,6677.63
2238,82,2,4629.73
2238,30,2,11644.59
2238,46,3,2082.31
2238,51,1,14081.9
2239,32,2,8906.22
2239,66,1,13853.07
2239,67,2,14344.67
2240,95,1,7199.89
2240,78,3,11850.83
2240,55,2,7841.08
2240,41,2,7857.06
2240,29,3,7704.75
2241,86,3,1544.63
2241,62,3,4986.74
2241,28,2,10319.26
2241,63,3,3552.48
2242,84,3,1918.99
2242,88,2,7252.53
2242,50,1,13262.34
2242,88,3,12968.27
2243,85,1,9807.82
2243,1,2,7863.99
2243,28,2,8966.09
2244,25,1,10874.7
2244,65,2,4596.56
2245,25,2,8933.82
2245,78,2,2383.49
2246,43,3,11604.5
2246,94,1,3751.02
2246,98,1,13980.6
2246,88,2,5068.38
2246,21,2,3949.45
2247,16,2,9534.5
2247,20,2,9116.42
2247,7,1,2524.98
2248,32,2,7490.04
2248,10,2,6646.27
2249,43,1,8984.82
2249,91,2,5052.47
2249,45,3,7046.53
2249,6,1,1032.84
2249,53,1,7318.82
2250,25,2,14628.44
2251,47,3,4474.37
2251,61,2,2111.78
2251,21,1,8489.68
2252,85,3,1852.03
2252,82,1,7425.33
2253,54,2,930.12
2254,14,1,2948.47
2254,20,3,9912.06
2254,84,3,9668.65
2254,47,2,4792.57
2255,72,3,5614.17
2255,86,1,14083.74
2255,48,2,5195.71
2255,44,3,5328.02
2256,53,1,10732.55
2256,55,1,7745.97
2257,99,3,9282.87
2257,87,2,13882.51
2257,28,1,9869.41
2257,63,2,12938.47
2258,74,3,9208.79
2258,34,3,12440.47
2259,4,3,3080.18
2260,52,3,5966.93
2260,85,1,14246.58
2261,73,1,3164.25
2261,88,1,2670.17
2261,73,2,5930.61
2261,44,3,838.77
2262,59,3,1038.33
2263,4,3,1473.46
2263,44,3,2063.31
2263,5,1,3504.49
2263,27,2,4985.41
2264,59,2,9187.42
2265,15,2,3143.66
2265,10,3,9911.27
2266,97,3,12359.51
2266,76,3,9710.3
2267,95,3,2784.49
2268,84,3,2627.24
2268,1,2,3752.8
2268,62,1,2814.42
2268,54,1,13055.44
2269,17,1,7908.16
2269,84,2,6944.84
2269,36,1,7083.43
2269,7,2,4648.04
2269,72,2,7619.44
2270,69,2,11944.65
2270,71,1,1401.02
2270,25,1,2802.3
2270,85,3,12543.62
2270,96,3,873.99
2271,22,2,14652.58
2272,7,2,4250.95
2272,91,2,5802.29
2272,75,2,2491.64
2272,35,2,6421.1
2272,73,2,12367.87
2273,83,2,13348.69
2274,57,1,10574.23
2274,33,2,3064.82
2274,60,1,7069.2
2275,89,2,7304.47
2275,71,3,4282.63
2275,57,1,12251.72
2275,90,3,4452.48
2276,62,2,7143.15
2276,7,2,1752.95
2276,79,3,7751.79
2277,20,3,4941.57
2277,52,3,1388.8
2277,77,1,7933.42
2277,19,2,10461.75
2278,91,3,11460.4
2279,16,2,889.26
2279,44,1,13052.46
2279,10,3,7981.22
2280,5,2,6114.29
2280,92,2,8369.86
2280,2,1,1576.93
2280,83,2,5980.98
2281,74,2,9721.67
2281,19,2,8948.18
2281,25,1,13261.7
2281,98,2,2436.27
2282,31,2,10247.64
2282,35,1,12657.6
2282,3,1,8863.61
2283,79,3,10373.25
2284,3,3,6879.89
2284,90,1,7333.58
2284,89,3,11801.94
2284,88,2,7545.53
2284,14,2,2972.98
2285,60,3,2000.18
2285,8,2,12491.65
2285,8,2,3778.29
2285,55,3,8895.23
2286,77,2,7068.67
2286,20,3,13724.17
2286,53,1,10210.52
2286,42,1,1828.07
2287,1,1,10306.14
2287,7,1,7697.25
2287,95,2,907.12
2287,23,1,5897.25
2287,20,2,10144.29
2288,61,1,10448.12
2288,81,1,10698.28
2288,80,1,975.2
2288,2,3,2996.15
2288,61,2,13614.77
2289,61,2,9902.12
2289,87,3,9982.32
2289,43,3,3835.99
2289,77,2,5158.72
2289,96,2,11348.41
2290,98,1,5524.96
2290,50,3,10333.92
2290,79,3,4239.77
2291,8,2,1709.02
2291,37,1,5563.72
2292,57,2,1070.57
2292,88,2,1847.28
2293,31,2,14092.76
2293,79,1,13091.77
2294,97,2,11252.6
2294,99,3,9314.91
2294,49,3,2170.58
2294,87,2,11623.28
2295,68,2,5480.82
2296,59,2,9181.32
2297,47,3,4824.98
2298,67,3,1643.19
2298,35,3,9377.98
2298,66,1,3565.86
2298,44,3,6311.13
2299,95,1,10270.69
2299,57,2,4350.23
2299,4,3,9449.44
2300,56,1,3148.53
2300,48,1,5101.4
2300,57,3,9071.86
2300,13,1,1812.67
2300,8,3,8012.13
2301,69,2,6450.2
2302,66,3,8531.59
2302,94,2,9148.59
2302,22,1,4020.06
2302,74,2,2207.87
2303,7,3,7082.42
2303,89,1,9937.1
2304,2,1,13328.87
2304,19,3,12947.18
2304,34,1,5519.4
2304,64,3,14020.2
2304,2,2,12847.65
2305,70,1,12428.22
2305,67,2,13860.13
2305,71,1,10914.79
2306,9,2,7321.97
2306,88,2,9328.33
2307,36,2,4923.18
2307,1,2,3030.32
2307,32,2,14396.96
2307,62,3,8440.83
2307,33,3,7379.38
2308,11,2,6731.81
2308,59,1,7736.03
2309,7,2,5489.99
2309,19,3,12566.61
2309,24,2,6967.21
2309,55,3,13832.5
2309,67,3,9470.56
2310,70,3,7184.85
2310,61,2,4751.31
2310,43,3,4240.75
2310,58,2,14513.9
2310,31,2,561.94
2311,18,3,14066.49
2311,89,1,6531.26
2311,1,3,5260.25
2311,78,2,3138.93
2311,59,2,10120.58
2312,90,3,3527.53
2313,32,3,9240.75
2313,15,1,12684.3
2313,68,2,11920.58
2313,62,3,4014.82
2314,53,1,13856.27
2314,9,2,6439.05
2314,52,1,10726.14
2315,8,2,909.23
2315,54,2,9392.69
2316,4,2,14533.11
2316,14,2,1009.29
2316,91,1,7017.9
2316,39,1,4097.1
2316,28,2,14423.22
2317,84,3,11381.61
2317,63,1,8284.99
2318,37,2,7120.24
2318,46,2,3226.77
2319,14,1,9570.38
2320,70,3,707.88
2320,70,1,8585.21
2321,70,1,13639.48
2321,54,1,5124.77
2321,39,2,9527.45
2321,66,2,7947.19
2322,30,2,6778.62
2322,91,2,1658.62
2322,4,1,9612.94
2322,71,3,8072.67
2323,18,1,14103.05
2323,85,3,10720.95
2323,49,2,8968.0
2324,79,2,6156.64
2324,92,3,8126.6
2324,40,1,8284.42
2325,89,3,14857.15
2325,58,1,5260.91
2326,32,1,10212.81
2327,79,3,8554.57
2327,59,1,11993.71
2328,27,3,2810.46
2328,3,1,13078.18
2329,67,2,14712.36
2329,17,2,13977.28
2329,96,2,8404.53
2329,18,2,14198.75
2330,24,2,2588.36
2330,60,3,5991.43
2330,4,3,4026.41
2331,65,2,7008.12
2332,35,2,14564.26
2332,96,1,6397.15
2333,30,1,4356.42
2333,82,2,12292.35
2333,97,3,10711.38
2333,62,1,5460.79
2333,55,1,3296.73
2334,58,2,9842.59
2334,99,1,1311.05
2335,28,2,8195.74
2335,91,3,7312.34
2335,8,1,11751.26
2336,96,3,10203.31
2336,17,1,8485.89
2337,3,2,10783.19
2337,33,1,11567.88
2337,20,2,5461.65
2337,38,2,8057.51
2338,75,2,13439.41
2338,59,3,1060.82
2339,14,2,7411.8
2340,69,1,5715.43
2340,75,2,9745.66
2340,37,2,13106.95
2340,59,1,8150.83
2340,44,2,9326.47
2341,36,3,10232.45
2341,34,3,10231.37
2341,64,3,3809.83
2342,92,1,9542.2
2342,10,3,2864.0
2343,78,2,5607.61
2343,60,3,6846.7
2343,2,3,12810.72
2343,21,1,10322.16
2343,34,2,8948.91
2344,87,2,14403.86
2344,54,2,960.72
2344,53,1,9724.61
2344,77,2,3491.77
2344,11,1,14188.79
2345,29,1,8850.85
2346,89,1,3999.2
2347,64,1,13073.6
2347,49,1,8392.38
2347,32,2,6652.33
2347,80,1,5146.79
2347,71,1,1053.77
2348,15,2,12369.84
2349,59,2,12646.73
2349,26,2,6353.65
2350,17,3,10011.09
2351,22,3,11620.73
2351,10,2,13927.03
2351,47,3,6756.65
2351,80,2,7208.86
2352,86,2,5625.07
2352,64,2,8741.02
2352,79,3,5877.38
2352,48,1,13419.97
2352,42,3,3979.86
2353,18,3,10796.07
2353,11,2,2163.63
2353,66,2,13192.31
2353,37,1,8607.69
2354,45,1,10500.34
2354,17,3,12871.99
2354,47,1,12230.57
2354,8,2,13466.19
2354,100,3,9855.95
2355,21,1,6218.19
2355,41,1,13168.16
2355,79,3,10791.6
2355,12,2,12567.35
2355,48,2,4783.25
2356,41,1,1370.61
2356,27,1,11947.63
2356,86,1,7366.97
2357,98,3,13284.76
2357,60,1,872.95
2357,94,3,2551.7
2357,8,1,12426.75
2358,88,1,2998.39
2358,12,1,11198.49
2358,37,2,639.3
2359,75,1,14980.69
2359,56,1,4698.64
2360,74,2,1808.69
2361,71,1,5744.61
2362,46,2,8789.27
2362,75,3,1386.39
2363,37,2,9312.84
2364,12,1,12106.92
2364,84,1,13611.44
2364,42,2,6396.23
2365,71,3,1760.93
2366,27,2,11244.71
2367,34,3,10795.76
2367,61,1,3430.86
2368,99,3,9539.48
2368,89,1,13441.16
2368,55,3,6532.16
2368,24,2,3968.64
2368,17,1,11636.05
2369,4,1,9479.06
2369,90,3,3455.34
2370,29,1,1837.87
2371,40,3,998.36
2371,80,3,14286.43
2371,7,3,8403.02
2371,68,3,1518.42
2371,49,3,6476.44
2372,21,1,2196.75
2372,74,1,10303.46
2372,76,1,7940.49
2373,86,1,3286.8
2374,72,3,12341.29
2374,27,1,6912.9
2374,20,1,11525.44
2374,81,2,7591.31
2375,92,3,14862.42
2375,62,1,664.51
2375,84,1,10516.33
2376,12,3,2169.7
2376,65,2,4713.15
2376,42,1,2124.21
2376,93,1,11834.96
2376,3,1,4450.25
2377,76,2,6732.93
2377,64,1,4213.48
2377,67,2,11664.23
2378,8,3,7691.01
2378,45,3,2725.69
2378,91,3,7158.84
2379,10,2,11460.59
2379,27,1,6218.42
2380,85,2,14415.37
2380,65,3,1614.03
2381,41,3,11448.13
2382,25,3,9374.75
2383,8,2,6284.59
2383,60,1,698.13
2384,78,2,6337.61
2384,77,2,6259.59
2384,78,1,12988.8
2384,18,1,3663.9
2384,60,1,924.53
2385,96,3,5115.0
2386,4,3,7684.42
2387,36,3,1204.06
2388,26,1,3147.78
2388,39,1,12743.51
2388,97,2,5395.86
2388,69,2,4750.71
2389,89,3,8504.86
2389,80,3,2980.94
2389,60,2,9196.79
2389,1,3,7646.87
2389,19,3,12838.31
2390,70,3,2549.91
2390,48,3,14210.48
2390,96,2,5663.03
2391,28,3,11654.79
2392,54,1,14475.9
2392,40,3,12998.0
2392,100,1,6711.3
2392,70,3,13678.7
2392,71,3,7591.07
2393,73,3,3291.37
2393,31,3,746.41
2393,34,3,3913.09
2393,33,2,5779.34
2394,53,2,13529.5
2394,36,3,6745.55
2394,62,3,4353.36
2395,30,2,11617.5
2395,17,1,6304.71
2395,14,2,5327.29
2395,22,3,6912.84
2396,5,1,4272.15
2396,66,2,570.63
2396,14,1,11364.8
2396,35,2,12089.17
2397,57,1,8388.73
2397,91,2,10814.42
2397,90,2,13428.67
2398,54,3,6027.53
2399,40,2,13802.78
2400,49,1,1795.23
2400,78,1,6295.2
2401,43,2,5426.89
2402,49,2,13691.62
2402,23,3,6274.43
2402,32,2,7845.08
2403,100,1,7747.56
2403,12,2,12200.84
2403,26,2,13220.63
2404,81,3,5064.03
2404,44,3,5635.5
2404,53,2,915.6
2405,1,1,1844.38
2405,53,3,14701.56
2406,64,1,14368.69
2406,67,2,12098.0
2407,35,3,2322.76
2407,13,3,12929.99
2407,99,2,11284.3
2407,27,2,12068.72
2408,69,2,10042.74
2408,8,3,5210.24
2409,3,3,3308.34
2409,4,3,9266.11
2409,11,2,10403.04
2409,47,1,8382.14
2410,25,2,12151.16
2411,97,1,3987.95
2411,68,3,4152.22
2411,35,1,13138.27
2412,60,1,726.14
2412,54,1,12251.83
2412,74,2,10831.66
2412,74,2,13205.96
2413,40,1,9111.81
2414,33,2,9389.32
2414,50,2,8853.13
2414,38,1,12611.95
2415,90,3,14553.2
2415,56,1,7382.43
2415,22,3,612.41
2415,2,1,6516.14
2416,83,2,3468.06
2417,60,3,10102.83
2417,37,3,11393.29
2417,75,1,3896.41
2418,53,3,3586.45
2419,21,2,4538.22
2419,94,3,9287.57
2420,88,3,12857.51
2421,12,2,685.01
2422,14,1,10404.78
2422,80,2,9725.74
2422,44,2,6373.02
2422,10,3,11207.32
2422,6,2,13172.37
2423,39,3,4586.7
2423,90,2,3019.09
2423,91,3,12793.22
2423,32,2,10847.68
2423,100,1,11914.04
2424,26,3,3592.38
2424,22,3,8255.69
2424,61,3,5708.4
2424,52,3,7633.17
2424,72,1,10063.4
2425,18,2,13336.27
2426,36,3,7117.0
2426,92,2,1889.92
2426,11,2,8005.96
2426,17,3,11069.75
2427,68,2,14416.9
2428,77,2,1558.27
2428,93,1,7570.8
2428,74,1,2181.91
2428,54,1,1602.97
2428,52,2,4191.39
2429,14,3,12915.75
2430,8,3,7133.41
2430,39,1,11106.09
2431,63,1,14414.48
2431,99,3,7984.61
2431,70,3,11598.22
2432,31,2,14999.84
2432,86,2,14572.08
2433,87,3,7685.87
2433,1,1,7296.96
2433,72,1,9671.58
2433,44,1,3002.44
2433,13,1,1754.92
2434,4,3,14549.23
2434,97,1,6389.59
2434,74,3,1375.84
2434,53,3,6385.06
2434,94,1,2651.84
2435,47,3,12732.02
2435,71,1,12519.7
2435,83,2,7160.93
2435,53,2,6336.41
2436,18,1,11643.77
2436,1,1,3239.22
2436,96,2,639.58
2436,97,3,9109.05
2436,3,2,1176.33
2437,63,3,11762.33
2437,68,3,7925.68
2438,92,3,11573.85
2438,97,3,3759.55
2438,5,2,12107.95
2438,97,3,1009.28
2439,31,2,7816.8
2439,77,1,10249.6
2439,89,2,7629.76
2439,39,3,6883.74
2439,53,3,3052.03
2440,45,1,12860.12
2440,37,3,13020.49
2440,44,2,5091.6
2440,18,2,7327.92
2441,87,2,1802.28
2441,77,3,2822.32
2441,14,2,14970.07
2442,64,2,8872.22
2442,1,1,3310.55
2442,43,1,11444.54
2443,24,2,14637.04
2444,79,1,1346.04
2444,17,3,6139.63
2444,33,2,2991.54
2444,48,2,3728.87
2445,79,3,11504.58
2446,97,2,11745.61
2446,6,3,6025.91
2446,43,1,6773.87
2446,44,1,9885.79
2447,60,2,11297.16
2447,48,1,2314.59
2447,91,3,3401.53
2448,76,1,1396.81
2448,46,1,6291.89
2448,99,2,9206.95
2448,27,1,2472.04
2448,56,1,3647.94
2449,17,1,8225.46
2449,46,3,6303.58
2449,99,3,3847.73
2450,29,2,10275.46
2450,24,2,11388.27
2451,14,1,3879.63
2451,30,3,7337.26
2452,1,3,10547.43
2453,19,3,3510.44
2453,5,1,11274.42
2453,2,2,3363.95
2454,98,1,10400.6
2454,81,3,8292.39
2455,27,3,4573.5
2455,52,3,11607.63
2455,11,1,5720.69
2455,63,3,9576.08
2455,2,2,7238.73
2456,13,3,8094.59
2456,91,3,9581.34
2456,97,3,10324.21
2456,62,2,8784.82
2457,70,1,13457.86
2457,84,3,6099.36
2457,48,3,5669.86
2457,39,3,12563.98
2458,13,2,7597.28
2458,90,3,11977.48
2459,80,3,2781.46
2459,38,1,5186.53
2459,92,1,9623.97
2459,58,1,9891.55
2460,55,3,8175.13
2460,79,1,4314.57
2460,17,3,14884.65
2460,28,3,12140.44
2460,5,1,9246.84
2461,78,2,13748.73
2461,87,3,8009.28
2461,28,3,3562.79
2461,89,2,831.43
2461,22,1,9111.01
2462,97,3,12451.99
2462,54,2,12069.08
2462,100,1,10373.56
2463,17,2,669.41
2464,56,3,9915.58
2464,52,3,10230.87
2464,5,2,9870.37
2464,29,2,7666.08
2465,12,2,12518.15
2465,74,3,8212.44
2465,32,1,8612.95
2465,46,3,9426.75
2466,30,3,5356.76
2467,19,2,6026.44
2467,20,1,5216.19
2467,73,2,4009.19
2468,38,1,8805.03
2468,54,1,9150.28
2468,33,3,5383.84
2468,77,2,604.73
2469,73,2,5145.58
2469,96,2,6513.99
2469,56,3,9967.31
2469,26,1,7313.99
2469,66,2,3649.41
2470,20,3,12856.5
2471,85,1,11176.37
2472,27,2,10236.47
2472,29,3,11272.12
2472,22,2,11169.54
2472,85,2,3470.87
2473,22,3,3465.32
2473,65,2,4384.57
2474,77,1,6678.23
2474,51,1,12055.75
2475,16,1,9246.52
2475,39,3,8031.26
2475,51,3,14567.7
2475,3,3,6914.29
2475,96,1,6493.58
2476,97,2,11716.47
2476,72,3,9605.27
2476,26,3,7300.91
2477,79,2,9636.46
2477,36,1,7522.99
2477,56,1,11909.93
2478,86,1,9192.32
2478,64,1,13817.63
2478,38,3,10025.53
2478,47,3,14269.01
2478,14,1,4640.68
2479,32,3,4442.55
2479,56,3,12613.18
2479,33,2,11995.24
2479,89,1,8323.65
2480,8,3,11679.4
2480,92,2,2396.14
2480,74,1,10058.12
2480,50,2,5499.17
2480,12,3,3275.05
2481,39,3,7015.72
2481,12,3,8165.64
2481,97,3,7785.62
2481,57,2,4059.92
2481,34,2,1129.24
2482,66,2,9475.06
2482,65,1,6228.53
2482,96,2,1337.49
2482,31,1,7916.81
2483,83,3,12516.12
2483,50,2,6202.58
2483,78,3,2898.29
2483,29,2,11730.66
2483,30,2,4141.46
2484,77,2,3063.66
2484,15,1,12393.59
2484,88,2,6138.7
2484,31,3,7052.16
2485,67,3,1152.6
2486,40,2,9517.52
2486,49,2,510.03
2486,39,3,12134.52
2487,62,2,4263.58
2487,36,2,6739.53
2488,16,3,11254.32
2488,11,2,1675.42
2488,23,1,12281.1
2488,6,1,11041.86
2488,88,2,10631.91
2489,71,2,10797.33
2489,92,3,1516.88
2489,73,3,1144.01
2490,16,2,8056.44
2490,29,1,3641.79
2490,17,3,6531.77
2491,1,1,12316.38
2491,66,2,5076.97
2491,1,1,2926.58
2491,44,2,3298.83
2492,2,1,14877.01
2492,4,1,3173.21
2492,38,2,12914.18
2492,13,3,1843.32
2492,48,3,1294.59
2493,77,2,9309.99
2494,15,1,13743.54
2494,81,3,5918.32
2494,46,2,2251.81
2494,13,3,12288.19
2494,76,1,12583.06
2495,53,3,6851.32
2495,65,2,12026.82
2495,64,1,7503.89
2495,69,1,9809.15
2495,79,1,9162.96
2496,91,1,11392.6
2496,72,3,14336.21
2497,3,2,13816.93
2497,90,1,9202.36
2497,11,1,14461.16
2498,27,1,1576.27
2498,25,2,8859.07
2499,18,1,8656.8
2499,99,2,1099.55
2500,28,2,13155.34
2501,61,2,5766.62
2502,45,2,2740.24
2502,58,2,8343.07
2502,50,2,2040.14
2502,89,1,13624.17
2502,95,1,10951.81
2503,8,2,9082.68
2503,48,1,6725.23
2504,87,1,2936.27
2504,16,3,6758.51
2504,83,1,8359.61
2504,16,3,11083.04
2505,87,3,12734.47
2505,29,1,1359.67
2506,46,3,13184.84
2506,66,2,8921.73
2506,18,1,6723.27
2507,29,1,11965.34
2507,85,2,9200.48
2508,85,3,7820.98
2508,78,1,12764.37
2508,75,3,6110.09
2508,14,3,11560.75
2508,71,1,14519.85
2509,4,2,2867.52
2509,9,1,11440.75
2509,28,2,585.34
2510,52,2,11751.62
2511,99,1,4171.0
2511,96,2,12677.6
2511,70,3,1592.96
2511,79,2,13652.03
2511,33,1,12164.41
2512,31,2,6660.36
2512,42,2,4567.1
2512,46,1,12393.29
2512,2,3,10361.52
2512,95,2,12515.2
2513,5,2,12501.59
2513,89,2,4303.0
2513,51,2,9114.75
2513,29,3,9464.45
2513,70,2,8786.73
2514,63,2,2554.06
2515,11,2,2574.59
2515,80,3,733.1
2515,80,2,7087.36
2516,56,1,5084.84
2516,25,3,11535.89
2516,69,2,7085.02
2516,97,2,9269.89
2517,45,1,1151.0
2517,51,2,7682.85
2517,68,3,6312.39
2517,61,2,10248.29
2517,49,3,5142.45
2518,18,3,6117.6
2519,58,2,1729.63
2519,98,2,6110.72
2519,99,3,8332.08
2519,56,1,11635.91
2519,40,3,8070.35
2520,52,3,9120.19
2520,81,3,6489.43
2520,84,1,2311.57
2521,49,1,12668.21
2521,96,2,12412.04
2521,38,1,2792.99
2522,64,1,3491.09
2522,92,1,5173.2
2522,36,1,14434.85
2523,20,2,12503.15
2523,50,1,509.97
2523,42,3,12635.3
2524,40,3,6161.94
2524,9,2,3106.42
2524,47,1,5422.45
2524,20,1,9576.09
2524,94,1,5291.64
2525,25,3,2225.89
2526,48,2,741.54
2526,79,3,3834.07
2526,85,1,4011.91
2527,93,3,10811.06
2527,1,3,1735.36
2528,75,2,13788.05
2528,96,1,11020.29
2529,90,3,12082.36
2529,36,1,12207.96
2529,69,2,7923.91
2530,89,1,10373.25
2530,82,2,13201.29
2530,62,3,11549.86
2531,89,2,1154.42
2531,20,1,13955.57
2532,68,1,3807.25
2532,28,2,9529.28
2532,73,3,13567.42
2532,67,1,7782.6
2533,6,3,8719.5
2534,40,1,14614.65
2534,45,2,8030.12
2535,97,2,12256.14
2535,87,2,5743.52
2535,61,2,14599.85
2535,100,2,13069.21
2535,54,1,11625.05
2536,65,3,14280.08
2536,19,1,11360.29
2536,64,3,2661.86
2537,38,3,3192.35
2537,82,2,3437.69
2537,15,1,13536.03
2538,87,3,11479.79
2538,71,1,5301.22
2538,32,2,5377.94
2538,30,3,11175.14
2538,24,3,14451.66
2539,1,2,6900.02
2539,61,2,6005.52
2540,91,1,8218.02
2540,70,3,14563.1
2540,39,2,10748.15
2540,65,2,1645.94
2541,8,3,7353.25
2541,27,1,10418.21
2542,92,2,8553.96
2542,78,1,1989.48
2543,51,1,1881.59
2543,84,1,7471.09
2544,92,1,4225.41
2544,34,1,554.99
2544,16,1,12176.41
2545,36,2,5654.34
2546,77,2,14004.92
2546,46,3,7189.73
2546,35,1,3596.24
2546,77,3,12827.96
2546,13,1,10411.11
2547,30,1,12370.97
2547,36,3,14026.13
2547,22,3,6765.97
2548,60,1,1837.41
2548,97,1,11321.52
2548,82,2,3781.16
2548,39,3,9194.93
2548,47,3,10815.87
2549,71,3,6493.66
2549,9,3,8194.9
2549,65,1,12649.11
2550,66,2,1278.47
2550,91,1,2176.25
2550,74,3,2724.97
2550,78,2,3651.58
2551,29,3,2349.67
2551,37,3,13078.54
2551,27,1,2204.11
2551,22,1,3822.12
2552,42,2,8572.84
2552,57,1,4702.65
2552,27,3,2206.06
2552,40,3,14156.11
2552,95,3,3665.98
2553,72,2,4989.98
2553,61,3,12948.29
2553,33,1,7156.12
2553,29,2,6082.44
2554,52,1,554.11
2554,58,2,14454.15
2554,18,1,12894.71
2555,20,1,13049.11
2555,24,3,9852.77
2555,17,1,8924.91
2555,28,3,6522.4
2555,69,1,7471.04
2556,98,2,2438.12
2556,34,3,11961.44
2556,77,1,3364.64
2557,39,3,11799.09
2558,56,3,2908.45
2558,98,1,13551.94
2558,52,3,14516.02
2558,5,2,8374.67
2558,30,1,3134.7
2559,84,2,3480.97
2559,44,3,12264.9
2559,36,3,13235.08
2560,12,1,14515.51
2560,85,2,14730.98
2560,56,2,1922.13
2560,34,1,2216.1
2560,50,3,3908.06
2561,88,1,7370.68
2561,91,1,4950.48
2561,91,3,14100.52
2561,49,2,9575.83
2561,68,1,1705.87
2562,94,2,8901.07
2562,47,3,14780.58
2562,71,3,10791.38
2562,74,2,2920.34
2563,32,2,8820.22
2563,26,1,3524.32
2563,53,1,13689.05
2563,51,2,8854.91
2563,23,2,6296.36
2564,67,2,7405.49
2564,47,3,3539.2
2564,72,2,1542.59
2564,100,2,1794.83
2565,77,1,8979.95
2565,29,3,840.56
2565,71,3,8394.09
2566,23,2,11906.03
2566,17,1,3407.02
2566,78,1,10353.86
2567,52,1,5768.13
2567,4,1,1862.66
2567,11,1,9341.95
2567,43,2,8122.5
2568,40,2,3159.72
2569,53,2,7741.17
2569,21,1,4292.45
2570,78,1,1761.95
2570,93,3,14286.03
2570,13,2,11771.39
2570,33,2,10708.52
2570,3,2,12669.06
2571,74,1,5468.09
2571,62,1,8189.58
2571,4,2,7085.75
2571,74,2,7195.95
2571,30,2,7055.31
2572,75,3,6218.85
2573,24,1,7142.0
2574,40,1,10282.09
2574,8,2,7879.3
2574,50,3,8705.61
2574,21,2,13711.99
2575,61,1,10136.31
2575,97,3,5778.52
2575,88,2,9461.91
2575,21,2,7270.12
2575,16,1,10378.71
2576,87,3,1890.19
2576,60,3,7737.49
2576,81,1,11087.28
2577,1,3,6648.15
2577,44,2,7871.6
2577,89,3,13078.51
2577,88,3,6591.46
2578,5,3,5473.82
2579,61,1,14155.58
2579,65,2,14801.5
2579,62,3,4753.47
2579,28,3,13779.18
2579,53,2,4437.36
2580,7,1,6048.84
2580,20,2,6236.39
2580,64,3,6652.31
2580,98,2,9120.66
2581,95,2,8014.52
2581,84,3,6115.07
2581,80,2,12379.34
2582,57,3,1635.45
2582,46,3,12232.65
2582,31,2,12878.2
2583,41,3,1023.14
2583,82,1,4171.22
2583,100,2,3999.39
2584,22,3,9888.08
2584,72,3,4456.96
2584,96,3,9361.55
2584,41,1,9804.4
2585,43,1,3936.84
2585,45,2,8532.5
2585,5,2,8112.17
2586,30,3,3630.73
2586,94,3,5892.17
2586,52,3,3233.09
2587,16,1,6402.69
2587,49,2,14652.26
2587,68,1,10601.1
2587,36,1,7383.42
2587,59,1,1302.76
2588,12,2,518.97
2588,50,1,3061.83
2588,91,2,12657.25
2589,14,1,12131.4
2589,19,2,5733.98
2589,30,3,7053.36
2590,56,1,3430.32
2590,38,2,7275.55
2590,83,2,4363.93
2590,51,2,11310.72
2590,32,1,12836.09
2591,63,1,12422.42
2591,74,3,7380.79
2592,43,3,2626.23
2593,91,3,4613.32
2594,7,1,806.65
2595,56,1,7502.61
2595,69,1,10389.89
2595,77,2,2167.28
2595,39,3,4304.38
2596,61,3,9690.79
2596,26,3,3346.53
2596,31,1,6693.18
2596,34,2,3616.96
2597,58,3,5882.47
2597,91,2,8157.52
2597,27,2,832.44
2598,86,3,10450.74
2598,53,1,3193.08
2598,60,1,11029.89
2599,61,2,6774.34
2599,61,1,7472.84
2599,82,3,8355.4
2599,16,1,9195.86
2599,31,3,6287.34
2600,28,3,2091.92
2601,63,2,4176.53
2601,77,3,9029.62
2602,87,1,10648.3
2602,27,1,7724.33
2602,65,2,630.23
2603,100,1,7594.54
2603,9,1,9605.54
2603,97,2,12752.82
2603,47,1,13353.49
2603,55,2,1092.02
2604,59,3,3472.28
2605,88,3,4870.17
2605,68,3,4399.12
2605,26,1,3805.97
2605,67,2,7205.38
2605,56,2,10069.05
2606,38,2,9492.77
2607,24,3,1337.46
2607,2,1,2206.42
2607,58,3,13102.46
2607,65,1,11981.98
2608,33,1,11220.68
2608,11,2,7640.49
2608,67,2,11318.63
2608,65,2,14248.4
2609,6,3,8648.54
2609,74,2,14949.47
2609,76,1,847.35
2610,81,1,7186.93
2610,48,2,573.64
2611,20,2,9480.05
2611,100,1,2300.87
2611,47,1,3497.48
2612,17,3,14239.92
2613,52,2,3339.59
2613,3,3,12426.55
2613,22,1,5694.14
2613,52,2,4338.69
2613,1,1,925.6
2614,83,3,2201.42
2614,46,2,12173.87
2614,8,1,10397.95
2614,27,1,873.46
2614,19,3,9334.24
2615,12,3,14657.69
2615,42,1,818.88
2616,26,1,10132.37
2616,69,1,10646.86
2617,67,1,12212.34
2617,8,2,8161.01
2617,16,3,971.72
2617,31,1,13688.38
2618,39,3,4674.33
2618,58,1,13770.7
2618,46,2,11469.06
2619,77,2,13332.16
2619,76,3,14147.0
2619,20,2,12549.9
2619,43,3,10358.68
2620,68,1,5933.84
2620,11,3,2773.8
2621,87,1,11587.99
2621,18,2,14011.07
2622,76,2,13087.06
2622,13,3,5477.78
2623,47,3,7272.05
2623,54,3,11859.92
2623,85,3,1649.35
2624,76,1,4033.34
2624,66,1,8840.22
2624,94,3,12859.68
2625,43,2,4296.13
2625,65,2,6121.37
2625,87,2,715.95
2625,91,2,7931.23
2625,37,3,11222.04
2626,95,1,7901.1
2626,18,3,4201.96
2626,53,3,4711.97
2627,43,1,6932.49
2627,53,3,13989.07
2628,46,3,10617.65
2628,100,1,5839.88
2628,43,3,7906.3
2629,65,3,2444.51
2630,58,2,11751.48
2630,39,2,11630.77
2631,81,2,14039.69
2631,35,2,8829.15
2631,24,2,4616.14
2631,91,1,2329.77
2632,58,1,12847.13
2632,95,3,12277.39
2632,32,2,9143.96
2632,79,1,746.89
2632,8,3,4632.83
2633,47,3,14757.46
2633,71,2,8753.26
2633,95,2,7196.75
2634,93,1,6827.46
2634,17,1,10327.29
2634,44,2,10055.37
2635,16,1,5283.44
2635,76,1,5480.84
2635,4,1,11759.59
2635,56,2,4320.86
2636,49,2,2296.91
2637,100,1,7616.88
2637,87,2,6260.86
2638,9,2,12347.02
2638,15,3,9600.42
2639,14,2,13642.83
2639,82,1,1310.29
2639,37,2,5377.65
2640,38,2,5656.87
2640,44,2,13892.67
2641,16,2,14885.49
2641,85,1,3451.29
2642,90,2,6514.04
2642,7,3,12395.4
2642,79,2,11500.1
2642,39,3,8917.67
2643,65,2,11507.42
2644,38,1,1652.14
2645,48,2,10367.14
2646,42,1,1855.6
2646,92,3,7123.48
2646,30,1,6169.05
2646,50,1,11787.33
2646,79,3,14500.14
2647,86,3,6593.39
2648,74,3,14758.2
2648,70,2,9870.33
2648,4,1,984.47
2648,48,3,3355.1
2648,11,1,2066.39
2649,23,1,2845.57
2649,37,1,978.19
2650,88,3,11136.73
2650,91,1,14136.25
2651,32,2,9017.81
2651,24,1,10152.5
2651,31,3,8627.49
2651,58,3,2958.62
2652,72,3,9416.6
2653,39,2,14312.58
2653,58,3,1940.43
2653,97,2,11707.41
2653,56,2,4102.75
2653,35,1,11217.65
2654,30,2,7931.3
2654,12,1,4762.22
2654,96,2,6806.99
2654,62,2,2659.04
2654,53,2,4484.8
2655,33,2,9899.54
2656,99,3,11592.27
2656,98,2,9189.43
2657,53,1,6913.98
2657,84,2,8015.11
2657,88,3,8470.16
2657,57,2,4453.08
2658,22,2,6128.47
2658,58,3,1780.53
2658,33,2,12323.99
2658,28,3,9440.77
2658,43,1,1831.85
2659,43,2,6348.94
2659,84,1,3341.77
2659,36,1,14152.45
2660,75,1,12779.91
2660,73,2,4389.9
2660,76,2,6161.86
2660,86,3,1426.21
2661,85,3,3139.89
2662,74,1,4023.4
2662,99,3,9637.1
2663,35,2,8622.68
2663,18,1,13598.08
2664,60,1,3840.86
2664,91,3,11716.3
2665,50,3,10828.33
2666,66,2,7633.13
2666,39,3,13307.13
2667,42,2,7770.92
2667,7,2,11914.74
2667,42,3,6083.11
2667,42,3,11745.59
2667,85,2,9950.03
2668,59,3,6087.91
2668,87,1,1284.62
2668,46,2,1473.01
2669,51,3,11354.86
2669,84,2,4286.5
2670,78,2,3615.12
2670,54,1,2901.33
2670,5,2,6460.76
2671,56,2,3296.8
2671,33,2,3074.79
2671,8,2,2688.42
2672,56,2,4125.87
2672,92,1,13049.15
2672,18,1,4118.62
2672,11,3,8829.36
2672,74,3,5540.22
2673,44,2,5923.96
2674,31,1,5090.68
2675,41,1,8379.63
2675,81,2,14838.92
2675,24,1,10788.8
2675,65,2,13536.12
2675,53,3,14929.0
2676,63,3,9070.14
2676,92,1,11801.52
2677,27,1,8445.53
2677,1,2,1088.08
2678,79,1,11181.84
2678,63,1,1053.32
2678,20,1,9245.51
2678,68,2,5568.79
2678,84,2,8915.49
2679,47,3,9179.67
2679,43,1,7359.68
2679,91,1,5594.53
2679,80,2,1887.4
2680,38,1,5089.69
2681,25,1,5025.61
2681,1,3,7517.71
2681,94,3,10933.4
2681,16,1,1082.15
2681,10,1,9132.41
2682,18,1,6321.08
2682,76,2,4668.76
2683,59,1,4596.49
2683,58,1,14513.19
2684,6,2,4064.52
2684,79,1,6930.31
2685,12,1,6499.63
2685,53,2,6273.08
2686,23,1,3418.07
2687,53,2,5426.41
2688,54,1,4132.93
2689,43,2,2671.97
2689,59,1,13466.59
2689,87,1,6375.15
2690,96,1,2587.61
2690,93,2,2134.65
2690,1,2,13599.6
2690,88,2,8472.96
2691,55,3,539.74
2692,10,1,14586.33
2692,11,3,8076.98
2692,50,2,13107.76
2692,77,1,12247.8
2693,47,1,8828.07
2693,30,3,13826.13
2694,81,2,4453.33
2695,94,3,10662.51
2695,11,2,5297.28
2695,8,2,8934.38
2696,19,1,10740.82
2696,30,1,2644.63
2697,51,3,4343.47
2697,96,3,11869.76
2698,95,1,8816.29
2698,19,3,1000.56
2698,9,3,13635.82
2699,91,2,8393.41
2699,5,2,1928.63
2699,78,1,3260.24
2700,100,2,10989.37
2700,29,2,3444.7
2700,31,1,5077.78
2700,91,2,10648.59
2701,60,3,13122.4
2701,1,3,12384.66
2702,16,2,11680.5
2702,34,1,7037.14
2702,58,1,9776.92
2703,13,2,655.5
2703,96,2,6892.12
2704,24,2,10704.57
2705,22,3,13528.58
2705,29,1,13846.17
2705,81,3,11300.33
2705,12,2,9808.19
2705,70,2,6019.89
2706,59,2,9274.39
2707,5,2,9262.44
2707,64,3,3932.94
2707,89,3,3965.21
2708,8,3,5533.84
2709,76,1,11729.55
2709,78,3,3243.47
2709,92,3,1567.72
2710,28,2,4669.07
2710,64,1,8027.42
2710,92,2,10978.9
2710,6,2,5580.59
2710,92,3,4792.22
2711,20,3,5343.71
2711,26,2,7272.73
2711,85,2,12861.13
2712,48,1,8859.96
2712,51,1,13105.55
2712,61,3,13270.68
2712,42,2,2634.47
2713,58,1,8924.02
2713,21,2,878.01
2714,81,3,6053.86
2714,95,1,2258.58
2715,66,1,11222.81
2715,4,3,13349.19
2715,29,2,12657.34
2715,76,3,1486.05
2716,74,1,12311.43
2716,9,3,7276.62
2716,7,1,14922.62
2717,89,2,10168.19
2717,68,1,5498.52
2717,86,3,10509.57
2717,60,2,12437.57
2718,7,1,4524.19
2718,76,2,2444.91
2718,50,3,2376.91
2718,13,1,8665.94
2719,83,3,11707.17
2719,77,2,4935.68
2719,4,2,7019.17
2719,82,2,14445.45
2720,50,3,12073.28
2720,88,1,14862.09
2720,22,1,1035.32
2721,27,2,6318.39
2722,95,3,7163.67
2722,37,3,8194.38
2722,86,3,3033.27
2722,6,1,7691.84
2722,14,2,7271.15
2723,93,3,6532.95
2723,61,1,5765.04
2723,16,3,2395.41
2724,63,3,7701.24
2725,58,2,7737.33
2725,78,1,5920.33
2725,79,3,10166.68
2725,43,3,8475.96
2725,28,3,3910.35
2726,78,3,9058.69
2726,97,1,3072.93
2726,19,1,12714.12
2726,79,1,1392.94
2727,33,2,9785.97
2727,16,1,6032.09
2727,63,1,8871.29
2727,73,2,14451.38
2728,25,1,5858.63
2728,87,1,3586.87
2728,10,1,11587.5
2728,62,3,3642.87
2728,42,3,6203.07
2729,66,3,10993.62
2729,62,2,3866.07
2730,43,1,6641.12
2730,22,1,2468.4
2730,87,2,11745.5
2731,33,2,7810.62
2731,15,1,8598.69
2731,52,3,12890.16
2731,76,1,4710.55
2732,16,2,3845.99
2732,22,1,2492.95
2732,29,1,6887.19
2733,66,2,5366.88
2733,2,1,8731.04
2733,36,3,10957.71
2733,57,2,12629.22
2734,41,2,14498.82
2735,93,2,11824.13
2735,73,1,7150.86
2735,27,1,13762.11
2735,86,2,3569.4
2736,27,2,4090.71
2736,90,1,1496.29
2736,43,2,5599.92
2737,19,2,2789.86
2737,80,2,7975.75
2737,94,1,6017.76
2737,90,2,7035.26
2737,46,2,3203.57
2738,33,1,3392.28
2738,13,2,8269.69
2738,59,1,12195.51
2738,69,2,5205.44
2738,52,3,11505.75
2739,100,3,9826.64
2739,35,2,12127.05
2740,92,1,726.8
2741,63,3,9098.57
2741,34,3,3297.8
2742,75,1,2163.62
2742,1,1,12836.61
2742,10,3,8412.61
2743,54,3,13457.93
2743,80,3,2147.55
2743,20,3,9000.24
2743,48,2,14581.39
2743,42,1,8165.71
2744,82,1,1960.81
2744,42,3,7742.53
2744,25,2,7141.81
2744,51,1,9823.87
2744,53,2,12702.66
2745,50,1,4877.38
2745,43,2,4615.57
2746,1,1,14441.94
2746,30,2,10781.21
2747,80,3,10588.62
2747,19,3,4124.4
2747,37,1,7607.78
2747,11,2,4068.74
2748,30,2,6081.36
2748,8,3,13925.81
2748,34,2,10435.12
2749,54,1,12043.54
2750,74,3,12871.88
2750,10,1,6901.7
2751,14,2,3253.34
2751,18,1,4266.5
2751,98,3,1738.41
2752,1,1,2899.14
2752,82,1,7570.27
2753,9,2,7961.63
2753,78,2,6823.78
2753,86,1,8167.33
2753,43,2,2266.77
2754,87,1,6803.88
2754,47,3,12152.47
2755,67,2,14717.6
2755,77,1,5266.72
2756,90,2,8502.92
2756,57,3,9383.05
2756,86,2,11041.89
2756,71,1,8704.38
2757,23,3,12143.41
2757,76,1,2967.67
2757,75,1,9825.31
2758,84,2,2820.47
2759,78,2,7804.77
2759,38,1,4621.53
2759,97,1,3637.79
2759,66,2,10553.83
2759,51,3,8925.67
2760,16,2,12893.45
2760,53,2,2730.63
2760,16,1,12401.47
2760,4,1,7028.26
2760,6,1,1248.8
2761,83,2,10676.69
2761,56,3,14705.54
2761,66,3,6169.55
2761,47,3,4810.78
2761,10,3,8365.71
2762,24,3,2307.05
2762,85,2,7127.4
2762,86,2,14266.64
2762,14,2,5026.48
2763,89,3,8862.35
2763,41,1,12040.5
2763,93,1,8616.32
2764,13,1,3264.98
2765,41,1,3657.06
2765,46,2,12517.91
2765,69,1,13364.56
2765,31,2,3153.95
2765,33,3,14606.27
2766,19,3,13212.72
2766,33,2,3025.25
2767,62,1,9631.11
2767,100,1,645.4
2767,18,2,4080.01
2767,97,2,2804.43
2768,55,2,12097.7
2768,58,2,6080.54
2768,40,1,9476.65
2768,94,1,9951.29
2768,82,3,10079.82
2769,64,3,10738.15
2769,55,3,6229.52
2769,61,2,1251.23
2769,70,3,13209.44
2769,64,2,13017.24
2770,6,2,9929.19
2771,38,3,1250.51
2771,31,1,10634.89
2772,10,1,10474.88
2772,97,3,10862.93
2772,64,1,4613.03
2773,18,2,4509.38
2773,56,2,4695.43
2773,9,2,11301.65
2773,86,3,9092.86
2774,76,1,7538.24
2774,56,3,14325.79
2775,75,3,5126.41
2775,24,1,8555.49
2776,71,1,12028.02
2777,74,1,13663.62
2777,83,1,14568.57
2777,81,1,11767.46
2777,59,3,9938.19
2777,67,1,7432.51
2778,36,1,9935.35
2779,46,2,11712.46
2779,30,1,8055.43
2780,48,3,3911.34
2780,11,3,6682.53
2780,75,3,3212.75
2780,11,3,3271.95
2780,32,2,10753.08
2781,45,1,12318.89
2782,64,2,5936.87
2783,71,2,8711.96
2783,85,3,9336.61
2783,52,1,11842.45
2783,59,2,7816.25
2783,91,2,2316.06
2784,31,3,14048.28
2785,75,2,1557.91
2785,100,2,8510.45
2785,95,2,4529.61
2786,21,2,8949.14
2786,44,1,3344.09
2787,91,1,11266.19
2787,79,1,5589.77
2788,75,2,3518.45
2789,15,3,10707.99
2789,13,1,9151.43
2789,64,2,5468.06
2790,55,1,6327.59
2790,46,3,9278.39
2791,94,1,4151.23
2791,63,1,7701.1
2791,19,1,3940.24
2792,54,3,7559.53
2792,65,2,13091.44
2793,91,1,13311.04
2794,28,3,12470.28
2794,15,1,7981.34
2795,9,3,12332.11
2795,84,3,8767.94
2795,30,2,14195.74
2795,40,3,6925.24
2796,18,1,1523.79
2796,21,2,11363.47
2796,75,2,4040.44
2797,28,1,1771.35
2797,78,1,3959.78
2797,14,1,14946.52
2797,65,2,2848.62
2798,7,2,11114.05
2798,43,3,13384.99
2799,4,1,12303.57
2800,13,3,12116.91
2800,32,3,6553.48
2800,71,2,10871.32
2800,87,1,13806.58
2800,17,1,7761.6
2801,10,3,4165.99
2801,70,1,6992.22
2801,18,3,4295.96
2802,9,2,9698.91
2802,61,3,6961.42
2802,81,1,3163.89
2802,9,2,8734.14
2803,62,1,3539.55
2803,17,1,4561.51
2803,83,2,10132.23
2803,33,1,11001.43
2803,40,2,2380.78
2804,53,2,1461.98
2805,3,2,12730.1
2806,9,1,9620.59
2807,26,1,3898.99
2808,43,3,7100.62
2808,39,1,1186.21
2808,61,1,10427.17
2809,87,1,9153.54
2809,46,2,11447.8
2810,17,3,1733.75
2810,49,1,10806.21
2810,98,3,13422.72
2810,72,3,8537.58
2811,59,2,6641.03
2811,95,2,13808.46
2811,9,1,7751.47
2811,60,3,1608.62
2811,28,3,8287.15
2812,74,1,9413.5
2812,83,3,12098.28
2812,6,2,7846.84
2812,29,1,4486.21
2812,15,3,4167.23
2813,95,3,6443.39
2813,66,1,9855.41
2813,59,3,3738.52
2814,69,3,13533.01
2815,64,3,10031.15
2816,94,3,1080.73
2816,81,3,12032.71
2816,45,2,12170.44
2817,43,3,3294.23
2817,73,1,11624.86
2817,70,3,5216.7
2817,85,2,10944.24
2817,5,2,13557.65
2818,77,1,11624.51
2818,75,1,6996.85
2818,87,3,5084.9
2819,53,1,7990.15
2820,59,1,2533.95
2820,7,3,7289.78
2820,82,1,11632.06
2820,26,2,8604.37
2821,24,1,10458.35
2821,45,2,10395.4
2821,45,3,5380.35
2822,87,2,4371.21
2822,98,1,7027.55
2823,91,3,10324.2
2823,59,2,10628.88
2823,65,3,8301.68
2823,76,1,9842.99
2823,94,1,14636.84
2824,98,1,11233.87
2825,100,1,10347.48
2825,2,2,814.13
2825,97,3,5000.16
2825,98,1,14813.92
2826,38,2,2031.93
2826,57,2,10195.66
2827,89,1,13441.32
2827,36,1,14167.86
2827,3,3,14790.78
2827,71,2,6428.4
2827,11,3,6567.36
2828,20,2,2328.2
2828,38,2,12444.02
2828,64,1,10587.71
2829,71,2,7315.27
2829,15,1,14705.1
2829,65,2,7259.92
2829,2,1,4011.72
2829,42,2,11760.09
2830,85,2,3749.87
2830,97,1,7221.92
2830,18,2,12681.56
2831,99,3,8711.27
2831,79,2,10030.39
2831,33,3,12263.64
2831,87,1,11444.06
2832,34,1,7944.68
2833,60,2,9552.75
2834,76,3,2569.62
2834,52,3,2832.24
2834,60,1,4596.39
2834,68,1,2026.59
2834,88,1,1358.22
2835,55,2,4053.38
2835,32,1,12304.04
2835,46,3,5994.85
2835,48,1,7896.52
2835,16,1,7223.89
2836,11,2,1324.61
2836,32,2,4009.48
2836,98,2,4426.77
2836,94,1,5634.45
2836,49,3,7300.44
2837,89,2,3544.78
2838,41,1,13192.42
2838,86,1,3479.82
2839,44,2,2083.7
2840,15,3,12621.53
2841,82,1,902.64
2842,63,1,4093.78
2843,84,3,3456.59
2843,5,2,13131.58
2843,23,1,14677.68
2843,40,2,2877.28
2844,57,3,14801.83
2844,32,3,11434.74
2844,26,3,4349.96
2844,18,2,11736.84
2845,16,2,2075.68
2846,86,3,8777.69
2846,79,2,4416.95
2846,19,2,11985.54
2847,69,2,12839.77
2848,41,1,6859.53
2848,100,2,8262.07
2848,20,2,8184.53
2849,48,1,8240.93
2849,35,3,8917.68
2849,85,2,14528.56
2849,24,1,2436.71
2849,45,3,5871.35
2850,45,3,1311.47
2850,27,3,11183.74
2851,83,1,7865.76
2851,4,2,906.27
2851,64,2,1160.78
2852,92,3,7872.96
2852,75,3,13296.54
2852,81,2,12220.28
2852,47,2,11931.26
2853,17,2,3122.09
2853,91,3,7363.74
2853,63,2,4170.12
2854,73,2,4335.88
2854,76,1,991.9
2854,55,2,12197.62
2855,56,1,6104.72
2856,66,1,6157.53
2856,70,2,2325.64
2856,95,3,7133.38
2856,47,1,7704.17
2856,76,1,11884.78
2857,46,3,13047.48
2857,84,2,800.12
2857,13,1,2258.61
2857,33,1,7282.93
2857,47,2,12242.48
2858,94,1,9244.26
2858,6,1,11457.16
2858,8,3,12590.99
2859,29,1,12714.91
2859,96,2,7296.65
2859,57,3,2578.2
2859,18,2,10192.22
2859,14,3,7415.4
2860,16,3,6216.51
2860,8,1,2409.6
2861,84,1,11368.03
2862,39,1,10272.81
2862,77,3,14049.12
2862,34,2,14098.55
2862,59,3,8811.51
2862,20,3,13907.38
2863,12,2,9077.19
2863,34,3,6505.02
2863,34,2,13933.61
2863,40,3,10630.41
2864,92,3,5633.57
2864,59,3,7852.57
2864,15,1,7005.07
2865,93,1,7648.67
2865,37,3,11054.26
2866,57,3,2043.82
2866,30,1,12825.09
2867,4,1,3592.52
2867,27,2,13006.21
2867,17,2,6118.21
2868,53,2,10802.14
2868,99,3,4513.21
2868,6,2,11061.81
2868,50,2,10124.81
2869,11,1,8510.26
2870,65,1,14376.53
2870,3,2,594.97
2871,91,1,8212.51
2871,78,1,1048.99
2872,87,3,5408.39
2872,46,1,12000.55
2872,68,3,14236.91
2873,100,2,7610.34
2873,35,1,3491.03
2873,27,2,10638.57
2873,28,1,12388.83
2874,25,3,11919.29
2874,92,2,8040.43
2874,28,3,6564.34
2874,96,3,3213.05
2875,16,1,672.83
2875,49,1,7600.9
2875,97,1,1481.83
2876,81,3,4145.02
2876,90,3,6087.81
2877,86,2,14583.13
2877,44,1,13181.5
2877,9,2,13587.76
2877,61,1,2115.28
2877,4,2,3131.97
2878,73,3,3320.91
2878,72,2,3718.73
2878,86,3,14828.08
2878,7,2,9529.1
2878,30,2,7014.74
2879,14,1,9378.36
2879,25,2,14149.45
2880,67,2,1249.23
2880,99,1,10423.28
2880,59,3,13730.51
2881,78,3,12527.12
2881,90,1,8119.54
2881,53,3,10884.64
2882,78,1,7345.0
2883,4,3,10000.53
2883,62,1,13135.46
2884,67,3,12756.41
2885,45,1,4057.01
2885,83,3,5188.56
2885,53,1,2405.37
2886,10,2,12255.02
2886,100,3,7983.37
2887,45,1,7173.54
2887,58,3,928.56
2887,22,1,699.53
2887,71,3,8307.22
2888,1,3,4603.64
2888,9,2,5375.19
2888,22,3,4555.3
2888,29,1,1182.65
2889,81,3,6636.36
2889,84,2,7977.28
2889,63,2,5439.79
2889,70,2,14267.65
2889,1,3,5412.3
2890,39,2,1124.86
2891,57,1,13568.23
2891,51,2,9519.36
2891,87,2,2355.07
2891,23,3,6724.1
2891,44,1,8332.56
2892,37,3,2447.84
2893,29,3,8524.91
2893,98,3,5197.31
2893,6,3,14339.24
2894,52,1,2037.66
2894,50,2,10104.79
2894,38,3,13112.38
2895,37,1,6673.3
2895,92,2,7012.42
2895,5,2,8560.74
2895,87,3,10244.23
2895,89,2,8672.78
2896,69,2,6974.52
2896,80,1,14387.17
2896,12,1,6231.73
2897,59,3,2692.92
2897,55,2,14269.45
2897,65,2,9559.81
2897,84,3,7025.24
2898,41,1,7090.45
2898,7,1,14521.72
2898,36,3,3585.04
2898,15,2,11237.76
2898,46,3,10214.92
2899,19,2,14741.56
2899,57,3,711.55
2899,57,1,4744.52
2899,62,3,9043.12
2899,50,2,1489.95
2900,58,2,6211.73
2900,75,1,14793.38
2900,90,3,2523.65
2900,7,1,10189.34
2900,93,1,7309.53
2901,44,2,2208.24
2901,47,2,13419.87
2902,10,1,12863.21
2902,1,1,8512.22
2903,59,3,7836.24
2903,74,2,11921.24
2903,15,2,3894.86
2904,24,2,11746.1
2904,49,1,600.15
2904,70,3,12884.08
2905,63,3,3586.43
2905,84,3,1169.58
2905,27,1,3431.68
2906,10,1,12416.31
2906,52,2,9986.42
2906,17,3,7975.95
2907,94,3,4371.03
2907,87,3,14970.5
2907,57,3,12139.17
2907,4,3,7725.86
2908,55,1,860.96
2909,49,1,12557.7
2909,31,1,13142.25
2909,5,1,11867.04
2910,11,3,13081.43
2910,63,2,13430.19
2910,37,1,6119.03
2910,57,1,10074.6
2910,82,2,3956.24
2911,56,1,13187.3
2911,46,2,10764.16
2911,39,1,11216.27
2911,33,2,12583.43
2912,55,1,8091.08
2912,38,3,11004.28
2912,40,1,4473.78
2912,63,3,5742.44
2913,81,1,4135.04
2913,93,3,9263.25
2914,61,1,6564.84
2914,91,2,10447.72
2914,23,1,9678.4
2914,18,1,10849.48
2914,74,3,12600.22
2915,21,1,5053.63
2915,4,1,7184.88
2915,16,1,12986.9
2915,18,3,10592.58
2915,38,3,4460.01
2916,34,2,6588.69
2916,62,1,5768.99
2916,86,2,2101.71
2916,60,3,10588.09
2916,50,1,4802.16
2917,71,3,12648.46
2917,74,1,13433.17
2917,52,3,12372.49
2917,40,2,6882.48
2918,63,3,14218.6
2918,97,2,14017.09
2918,61,3,6778.84
2918,52,2,7469.54
2919,6,3,5615.43
2919,2,3,10232.61
2919,44,3,2525.34
2919,56,2,5278.22
2920,24,1,7619.67
2920,8,2,8811.78
2920,69,3,7679.06
2921,76,3,7768.55
2921,19,2,5728.6
2922,19,1,571.73
2922,10,3,10647.56
2922,47,3,1088.59
2923,22,3,12489.61
2923,60,3,3866.31
2923,68,2,11884.27
2923,36,1,1394.7
2923,62,1,4926.7
2924,26,3,1042.63
2924,21,1,4225.68
2924,8,1,1789.95
2924,90,1,14997.46
2925,31,1,13504.15
2925,14,1,12114.08
2926,34,3,811.06
2926,46,2,7775.63
2926,42,2,8084.52
2926,41,2,2434.73
2926,38,2,2725.46
2927,14,2,1584.89
2927,25,2,9324.89
2927,33,2,7094.93
2927,67,1,5102.03
2928,74,3,3395.92
2928,65,2,10832.98
2928,12,3,4002.27
2928,45,2,14350.99
2929,56,1,10027.23
2929,27,3,10824.7
2929,74,2,10803.57
2929,96,3,6841.76
2929,33,1,7227.64
2930,19,2,14195.99
2930,50,1,10541.26
2930,77,3,11374.6
2930,15,3,6766.39
2930,34,2,14046.94
2931,82,2,6603.12
2931,22,3,3340.93
2931,88,3,4617.38
2932,68,2,12629.39
2932,63,3,7134.83
2932,56,2,8686.55
2932,78,1,1811.61
2933,17,3,14826.71
2934,10,3,11505.53
2934,87,3,5035.72
2934,93,3,10303.41
2934,17,1,3224.15
2935,21,1,13769.05
2935,16,2,9735.66
2935,74,1,9691.72
2935,46,3,12049.39
2936,40,3,4424.6
2936,89,1,2682.31
2937,51,2,6662.83
2938,81,1,9223.57
2938,87,2,1028.81
2939,37,1,11111.0
2939,50,1,5183.97
2940,12,2,710.16
2940,7,3,7670.48
2940,41,3,11472.4
2940,37,1,10252.16
2940,21,1,2546.58
2941,68,2,3249.58
2941,45,1,7573.96
2941,48,1,11519.52
2942,28,3,13073.23
2942,24,3,1284.57
2942,75,3,14133.77
2942,73,3,11972.65
2942,4,1,4342.47
2943,39,1,1747.57
2944,2,2,7521.14
2944,86,3,3021.41
2944,87,2,10687.76
2944,31,1,11469.12
2944,63,2,9629.2
2945,63,2,5641.69
2945,33,2,6268.64
2946,17,2,5676.03
2946,29,2,5147.11
2946,72,1,4677.46
2946,13,1,13682.49
2947,55,1,5423.99
2947,88,1,8911.42
2947,99,3,11302.14
2947,17,3,4360.71
2948,91,1,12567.9
2948,9,2,1353.6
2948,83,1,3511.56
2948,33,1,9730.52
2949,7,2,2785.16
2949,80,3,8324.11
2949,79,3,13337.07
2949,65,1,13428.76
2949,58,2,3239.69
2950,9,1,9243.81
2950,78,1,3705.19
2950,15,3,9207.46
2950,19,2,5526.24
2950,32,3,10603.85
2951,41,2,10185.38
2951,12,2,12129.6
2951,11,3,1798.8
2952,23,1,12581.88
2952,91,2,12917.44
2953,77,1,1164.94
2953,92,2,12595.32
2953,25,2,4142.19
2954,51,2,4706.47
2954,27,1,11356.86
2955,54,3,1847.12
2955,19,1,10505.26
2955,91,1,9657.34
2955,60,3,2678.57
2955,57,2,10908.15
2956,41,1,7196.33
2956,7,3,7855.43
2957,70,2,10195.49
2957,14,1,9222.98
2957,28,1,8335.9
2957,48,1,1072.64
2958,76,1,13542.93
2959,28,3,14644.31
2959,44,3,11097.82
2959,55,3,14381.43
2959,58,2,4613.45
2960,71,2,2248.64
2960,22,3,10042.02
2960,60,3,903.24
2961,36,2,9746.97
2961,29,1,10820.2
2961,49,2,9903.35
2962,68,2,14104.98
2962,99,1,5345.68
2962,96,2,11155.28
2962,43,1,7250.32
2963,27,2,14606.58
2963,97,1,12355.57
2963,66,2,2069.27
2963,94,2,6240.31
2964,46,3,12346.69
2964,47,3,6421.63
2964,53,1,1105.74
2964,82,1,10727.42
2965,96,2,2724.97
2965,73,2,11183.07
2965,67,2,9742.7
2965,12,1,8677.33
2966,17,2,1842.43
2966,34,2,5620.34
2967,82,2,12668.1
2967,26,2,9797.02
2967,30,2,6249.23
2967,6,2,1516.26
2967,19,2,4949.83
2968,24,3,12770.68
2969,70,1,3699.85
2970,20,1,9059.89
2970,19,1,734.04
2970,100,1,5744.7
2970,97,1,5015.26
2971,78,1,2909.84
2971,82,2,977.59
2972,73,2,13517.66
2972,72,2,870.87
2972,56,3,9872.96
2973,43,1,9250.13
2973,70,2,8308.21
2973,28,3,14981.46
2973,38,2,6341.68
2973,88,3,848.68
2974,65,1,5005.21
2974,52,2,14717.86
2974,49,3,4974.81
2974,72,1,6755.73
2975,88,3,9689.85
2976,67,2,7830.61
2976,88,3,5661.72
2977,68,2,5363.16
2978,43,3,6694.02
2978,74,2,11994.98
2979,49,3,11386.33
2979,19,1,12204.31
2979,100,1,5247.22
2979,95,1,7573.7
2980,92,2,13866.27
2980,92,3,10818.26
2980,61,1,11051.01
2981,60,1,3290.34
2981,87,3,3993.97
2981,82,2,13190.96
2982,54,2,2027.65
2982,46,1,14091.45
2982,39,3,11068.58
2982,50,1,8429.27
2983,66,2,2947.69
2983,71,2,11487.39
2983,96,3,10583.26
2983,61,3,14521.05
2984,33,3,13464.94
2984,33,1,11431.72
2984,88,3,10299.62
2985,47,1,8042.05
2985,55,3,10755.51
2985,54,1,3828.44
2985,39,2,1182.22
2985,72,3,3803.94
2986,13,3,4089.82
2986,4,1,6228.11
2987,35,2,6602.01
2987,9,1,9858.32
2988,64,2,9235.78
2988,32,3,14561.11
2989,1,1,11750.49
2989,21,1,13990.51
2989,4,1,6090.56
2989,13,3,11583.54
2989,24,1,585.61
2990,31,3,1941.39
2990,20,1,1561.34
2991,32,2,9738.82
2991,88,1,10343.89
2992,99,1,9107.88
2992,23,1,2935.44
2992,6,1,4043.89
2993,77,2,7516.64
2993,5,1,3152.52
2993,45,3,763.43
2993,32,1,10114.76
2993,59,2,9716.26
2994,74,3,10494.24
2994,1,3,582.7
2994,14,3,8936.59
2994,97,3,1648.15
2995,49,2,12721.98
2995,28,1,14115.66
2995,40,3,3957.64
2995,28,3,13690.22
2996,15,2,13740.61
2996,41,2,10922.35
2996,39,2,9472.69
2996,15,2,14657.35
2997,92,3,8510.52
2998,18,2,2539.16
2999,5,2,1271.82
2999,80,1,10023.44
3000,2,3,14029.83
3000,26,2,9592.94
3000,73,3,2153.47
3000,27,1,2142.21
3000,86,3,682.97
3001,77,3,3613.08
3001,34,3,1603.16
3001,30,1,10407.0
3002,24,3,7037.59
3002,21,2,2639.55
3002,6,1,1779.74
3003,13,2,7276.18
3004,93,2,2901.55
3004,96,1,2928.25
3004,50,2,10354.68
3005,96,1,6312.92
3006,15,1,12146.47
3006,60,3,8286.76
3006,95,1,14319.73
3006,1,1,5137.95
3006,43,1,7854.41
3007,97,1,6768.5
3007,30,1,2974.17
3007,6,3,8813.9
3008,62,3,12200.34
3009,27,3,12928.39
3009,37,3,672.92
3009,26,1,9320.85
3010,100,1,1379.41
3010,44,1,6986.7
3010,41,1,8150.46
3011,41,1,8442.35
3011,53,2,6975.42
3011,30,2,7811.01
3011,56,2,9344.59
3011,7,3,600.59
3012,4,3,7017.84
3012,35,3,4764.67
3013,44,3,3868.24
3014,92,1,1721.06
3014,21,2,2921.47
3014,83,3,14737.56
3015,93,1,8453.22
3015,73,1,2208.17
3016,31,1,657.79
3016,14,1,11395.39
3016,9,1,4206.47
3016,55,1,12822.56
3016,69,1,1558.44
3017,77,1,5776.21
3017,23,2,1101.13
3017,41,1,1459.08
3017,61,3,10842.23
3017,35,2,12128.59
3018,59,1,10190.25
3019,70,2,14117.83
3019,57,3,6816.64
3019,66,3,6380.32
3020,81,3,1798.69
3020,33,1,6993.55
3021,4,2,9703.44
3021,70,3,1663.62
3021,32,3,14748.61
3021,67,1,8874.46
3021,16,1,14953.52
3022,43,3,6399.68
3022,89,2,7238.47
3022,54,1,8974.84
3023,17,2,8685.17
3023,95,1,1898.28
3023,5,3,2722.54
3024,58,2,4943.14
3025,62,2,11496.54
3026,17,1,10149.47
3027,1,2,10707.54
3027,45,1,4927.34
3027,65,1,6886.2
3027,85,1,5177.63
3027,25,3,2657.14
3028,46,3,9026.81
3028,89,1,8215.67
3028,68,3,8556.62
3028,31,2,10776.93
3028,64,1,14687.82
3029,80,3,13207.91
3029,25,1,9615.0
3030,90,2,13430.36
3030,81,1,2869.43
3030,33,1,13467.06
3031,32,3,7793.92
3031,86,2,3334.0
3031,78,3,4970.85
3031,50,2,8238.87
3031,35,1,10321.27
3032,75,3,3871.52
3032,93,2,12042.93
3033,17,3,3976.32
3033,10,3,11129.12
3033,54,3,7082.62
3034,20,2,4109.46
3034,29,1,12924.87
3035,50,3,2791.54
3036,53,2,3319.26
3037,100,1,2192.02
3037,89,1,1832.06
3037,51,3,3345.56
3038,23,2,3570.82
3038,22,3,8570.77
3038,24,1,3326.89
3039,5,2,4501.1
3039,47,2,12088.58
3039,16,3,13662.52
3039,84,2,3449.09
3040,19,1,1623.69
3040,60,2,4344.5
3040,74,2,4748.9
3041,43,2,9802.4
3041,22,1,9660.76
3041,69,3,4839.6
3041,81,2,5989.2
3041,65,1,13538.86
3042,21,3,2113.03
3043,35,2,9804.38
3043,23,2,10079.1
3043,37,1,9006.22
3043,65,2,3016.18
3044,94,1,5186.53
3044,84,3,9465.66
3044,64,2,11587.77
3044,73,1,5721.94
3045,8,2,5083.22
3046,34,2,14732.8
3047,68,1,12921.17
3048,73,1,13802.32
3048,31,1,5424.26
3048,60,3,2986.99
3048,42,3,3350.26
3049,4,3,7796.0
3050,33,2,14705.54
3050,31,3,7436.81
3051,22,2,3481.03
3051,7,3,1529.67
3051,35,3,6528.56
3051,55,2,11177.53
3052,50,1,11018.21
3052,49,3,9586.51
3052,32,3,6965.17
3052,40,3,1985.38
3052,19,1,8023.65
3053,77,3,9617.98
3053,50,2,629.84
3053,10,2,6847.67
3053,45,3,630.34
3054,22,2,532.27
3055,11,2,1139.45
3055,33,1,3215.07
3056,22,3,13961.16
3056,80,3,6526.55
3056,66,1,9763.64
3056,15,1,1371.13
3057,11,2,11339.23
3057,79,3,4782.67
3057,48,1,12831.77
3057,80,2,11561.47
3058,78,3,11410.55
3058,58,3,13188.9
3058,21,1,14005.81
3058,83,1,4645.81
3058,36,2,2478.02
3059,2,3,7397.44
3059,63,1,4077.02
3059,69,2,1482.08
3059,46,3,5839.1
3060,91,2,11228.08
3060,91,3,4462.28
3060,42,3,7322.8
3060,56,1,13483.17
3060,63,3,11590.86
3061,22,3,3829.52
3061,44,2,7734.23
3061,74,2,10071.12
3061,77,3,8252.31
3061,27,2,6931.88
3062,61,2,10938.42
3063,6,2,9006.14
3064,35,3,10253.47
3064,14,2,564.41
3064,36,1,8762.11
3064,31,2,14609.73
3064,56,3,868.54
3065,68,2,11628.73
3065,81,2,9475.1
3066,55,3,718.64
3066,80,2,3566.45
3066,40,3,7286.04
3066,51,1,13647.94
3067,11,1,1762.55
3067,12,3,4718.97
3067,50,1,10117.64
3068,40,3,4642.83
3068,14,3,838.42
3068,17,2,5505.87
3068,38,1,7774.78
3069,82,1,5163.93
3069,48,1,5377.31
3069,36,3,4040.49
3069,99,2,11574.88
3069,76,2,1051.98
3070,93,2,13856.65
3070,47,2,7151.84
3070,29,2,13194.51
3070,33,3,12280.06
3071,94,3,2743.29
3071,10,1,2972.72
3071,43,3,8486.74
3072,54,2,12000.09
3072,82,1,1693.22
3072,63,2,11706.45
3073,62,3,11396.95
3073,23,3,4469.39
3074,42,1,3530.87
3074,80,2,7697.09
3074,87,3,14278.03
3074,73,3,1264.66
3075,29,3,7996.6
3076,5,2,513.36
3076,72,2,11514.32
3076,44,3,10860.23
3077,37,1,6515.33
3077,95,2,7311.89
3078,29,3,8378.69
3078,9,3,14901.26
3078,87,3,13125.83
3079,91,1,5338.79
3079,79,2,6549.84
3079,40,1,10983.73
3079,96,1,815.6
3080,66,2,2540.69
3081,32,1,4320.19
3081,53,1,1499.74
3081,77,2,8120.87
3081,25,2,2586.88
3082,84,2,13578.04
3082,78,1,10055.67
3083,6,2,1984.94
3083,79,1,7473.97
3083,50,1,14889.55
3083,26,3,12148.94
3083,30,1,7816.75
3084,38,2,1759.14
3084,84,2,4122.11
3084,84,2,1286.21
3085,87,1,9641.69
3085,26,1,3726.51
3086,70,1,11101.84
3086,88,1,955.52
3086,31,2,7540.08
3086,93,2,7730.73
3086,59,2,7096.33
3087,44,2,5973.39
3087,46,2,4832.53
3087,80,1,3516.4
3087,65,1,9394.02
3088,26,2,11687.01
3088,93,1,2064.24
3088,7,1,6036.37
3089,74,2,5886.23
3089,31,1,8291.67
3090,25,3,4117.59
3090,84,1,3483.74
3091,40,3,8040.31
3092,96,1,7235.4
3092,19,2,4130.79
3092,56,1,12104.07
3093,2,2,6880.24
3093,92,1,5137.48
3093,16,3,12461.03
3093,40,3,7423.92
3094,14,2,14408.16
3094,72,1,11154.03
3095,85,1,7070.91
3095,75,2,4114.1
3095,23,3,4587.17
3096,73,2,12463.27
3096,22,2,2932.07
3096,5,1,3818.9
3096,100,2,7855.09
3097,59,2,11641.95
3097,21,2,8419.87
3098,34,3,14802.28
3098,72,3,13463.17
3098,76,3,13409.91
3098,92,3,14328.9
3098,39,3,5694.43
3099,50,3,11015.81
3100,75,1,11362.53
3100,90,3,4506.33
3100,51,3,14996.71
3100,39,2,4145.61
3100,42,1,3954.72
3101,1,1,4238.5
3101,48,1,4895.81
3101,20,3,8131.62
3101,64,3,5799.43
3101,33,2,13413.4
3102,65,3,7313.93
3103,77,3,5526.42
3103,6,1,13452.71
3103,39,2,7045.69
3103,6,3,14033.12
3104,55,2,2577.17
3104,83,2,13603.62
3105,65,3,903.95
3105,89,2,10157.45
3106,62,3,970.55
3106,82,2,3999.05
3106,90,2,1121.95
3106,32,1,6497.28
3107,85,2,682.36
3107,63,3,9462.2
3108,50,2,5575.73
3109,23,2,5507.01
3109,83,1,10904.59
3109,92,3,13172.62
3110,98,3,11439.43
3110,63,3,13537.14
3111,12,2,10360.8
3111,55,2,8055.5
3111,66,1,5539.13
3112,15,3,5213.97
3112,54,3,6537.8
3112,54,2,8615.33
3112,75,2,14715.13
3113,31,2,14046.22
3113,31,2,4137.82
3113,82,1,5453.71
3113,48,2,2231.57
3113,53,1,13022.47
3114,29,1,9011.68
3115,25,1,2409.63
3115,48,1,7906.02
3115,48,2,9301.38
3115,9,3,2365.56
3116,83,3,6730.02
3116,73,2,12762.14
3117,72,3,13221.65
3117,75,2,8524.97
3117,68,2,8780.49
3118,81,3,14860.83
3118,95,1,1736.48
3118,55,1,1347.6
3118,21,2,9591.13
3118,34,3,3470.55
3119,24,1,11547.81
3119,73,3,1639.43
3119,33,1,3908.38
3119,16,1,7498.81
3119,52,3,13792.36
3120,15,2,6161.57
3121,97,3,1811.91
3122,55,1,7267.02
3122,88,3,746.2
3122,68,2,10176.68
3122,29,2,564.25
3122,20,1,3293.4
3123,25,2,6549.09
3123,27,3,11185.16
3123,63,2,5918.85
3123,80,3,4695.3
3124,67,2,12105.62
3124,1,2,13258.15
3124,91,1,3647.78
3124,96,1,7297.22
3124,3,1,11409.76
3125,99,3,3024.66
3125,57,2,13040.66
3125,49,1,11348.17
3126,17,3,11007.1
3126,44,2,1672.52
3126,72,3,10512.28
3127,2,1,12604.67
3127,70,1,10457.62
3128,87,3,10938.18
3128,43,3,10159.85
3128,53,1,10089.09
3128,72,2,3398.13
3129,91,1,1861.37
3130,65,1,7266.17
3130,78,1,12238.32
3131,82,2,6646.53
3131,51,1,6188.1
3132,39,2,3040.21
3132,10,3,4070.82
3132,54,2,8931.93
3132,36,2,647.48
3132,26,3,7624.37
3133,92,1,10183.72
3134,36,1,12572.74
3134,63,2,3671.26
3134,82,3,3370.06
3134,96,1,10072.18
3134,20,3,4138.54
3135,17,3,6999.1
3135,89,2,6510.99
3135,13,3,9654.71
3136,94,1,1290.46
3137,65,2,8554.01
3137,59,1,2324.12
3137,99,2,5281.56
3137,37,3,4735.59
3138,78,1,7757.21
3138,21,3,9191.2
3138,65,1,7861.34
3138,22,1,13650.56
3138,10,2,2251.66
3139,60,2,7701.45
3139,35,3,1794.18
3139,52,3,1731.02
3139,46,2,6502.0
3139,45,1,7868.09
3140,18,3,14226.88
3140,97,2,2073.55
3141,84,2,10019.96
3141,91,3,10162.94
3141,4,1,8659.49
3141,72,2,8915.82
3141,38,1,10228.09
3142,95,2,7141.27
3142,53,2,1613.95
3142,31,3,8272.81
3143,44,3,5429.08
3143,100,3,14370.93
3143,5,3,13474.5
3143,12,3,5828.81
3144,93,2,11299.81
3144,66,1,2553.88
3144,27,3,10606.01
3145,97,3,11470.92
3145,50,1,13893.4
3145,75,2,1760.92
3146,4,2,6051.49
3146,72,2,10234.64
3146,53,1,10729.36
3146,64,3,1103.03
3147,18,1,10199.65
3147,4,1,13933.04
3147,92,1,8483.42
3147,71,1,14180.79
3148,2,3,9458.18
3148,51,2,6714.85
3149,57,1,14191.74
3149,26,3,6935.07
3150,100,2,7797.66
3150,49,2,6597.65
3150,1,2,9788.69
3151,81,3,536.4
3151,52,3,12928.17
3151,63,2,12665.4
3151,25,3,6416.56
3151,62,1,5105.88
3152,58,1,9215.03
3152,10,2,4143.23
3152,77,1,9059.98
3152,96,2,4422.92
3153,71,3,8223.86
3153,96,1,10920.89
3153,7,2,8003.52
3153,65,2,8240.1
3154,21,2,3579.01
3155,18,3,12111.66
3156,54,1,5085.43
3156,64,3,13471.5
3156,88,1,8671.48
3156,67,1,4934.9
3157,100,2,6098.53
3158,78,2,11644.21
3158,2,1,870.84
3158,75,3,1306.14
3159,58,1,8026.26
3160,33,2,6894.91
3160,98,3,3860.99
3160,40,3,7694.13
3161,52,3,3863.67
3161,74,3,14556.54
3162,78,2,2017.2
3162,14,3,8201.37
3162,74,2,7718.26
3162,68,1,2580.05
3162,26,1,5577.22
3163,85,3,9742.32
3163,84,3,3039.58
3164,14,1,14513.89
3165,84,1,3346.62
3165,46,3,4853.36
3165,96,1,8878.44
3165,22,3,8872.48
3165,9,1,5045.95
3166,80,3,11205.8
3166,76,1,11066.12
3166,30,1,4080.09
3166,70,3,6991.04
3167,60,2,12862.47
3167,5,3,6115.02
3167,22,3,8092.03
3167,41,1,13466.53
3168,3,3,3580.56
3168,79,2,8476.64
3168,69,2,4658.17
3169,3,3,1948.84
3169,26,2,3962.86
3170,86,1,9687.77
3170,88,2,10731.84
3170,24,2,11405.6
3170,32,3,2919.24
3170,1,2,2274.92
3171,72,1,8488.51
3171,16,1,3737.31
3171,14,1,12284.27
3172,54,1,5446.24
3172,58,2,12712.13
3172,64,1,9097.28
3172,91,3,8600.9
3172,78,1,11566.97
3173,8,1,8194.66
3173,57,2,12155.49
3174,5,2,7800.48
3174,97,1,3954.29
3174,2,1,6555.86
3175,57,2,8183.03
3175,15,3,13142.75
3175,22,2,11514.53
3175,61,3,13967.82
3176,42,2,11384.41
3176,60,1,3245.47
3176,52,2,8854.72
3176,54,2,14246.37
3177,13,3,11303.96
3177,41,1,7062.81
3177,98,1,5653.94
3178,39,3,12257.69
3178,67,3,2620.14
3178,42,1,10944.36
3179,74,1,10754.34
3179,67,2,14250.05
3179,98,1,12374.55
3179,41,3,6775.32
3179,32,1,8379.97
3180,10,2,7169.23
3180,37,3,6596.67
3180,5,3,5839.91
3181,97,3,634.06
3181,78,3,3432.97
3181,95,1,14891.1
3181,75,1,4258.06
3182,90,1,3073.42
3182,63,2,7882.61
3182,55,1,4105.05
3183,96,3,13549.25
3183,49,1,10478.18
3183,27,3,8882.22
3184,39,3,14587.75
3184,47,1,4544.0
3185,58,1,5415.53
3185,41,2,10975.78
3185,68,3,2435.41
3186,69,3,609.57
3186,82,1,12159.43
3187,87,3,13170.91
3187,19,2,1785.76
3187,15,3,8117.35
3188,99,1,10871.22
3188,89,3,13684.48
3188,49,3,14065.11
3188,95,2,7480.32
3189,28,3,7306.2
3189,27,3,8569.38
3190,61,3,11482.65
3190,97,3,3188.6
3190,68,1,8776.57
3191,16,3,2747.75
3191,93,3,14295.63
3192,99,3,14463.67
3193,18,3,11428.18
3193,1,2,3188.73
3194,88,3,4135.23
3194,94,1,13715.82
3195,36,2,5836.83
3195,9,3,9387.28
3195,41,3,13514.34
3196,11,2,11604.43
3196,7,1,5533.77
3197,4,1,13616.39
3197,21,3,2684.61
3198,25,2,10182.2
3198,79,1,4971.1
3198,58,3,12293.2
3198,70,2,5724.2
3199,55,3,8971.09
3200,84,1,1839.49
3200,19,3,12009.46
3200,8,3,6558.48
3200,70,2,13654.73
3201,50,2,14426.03
3201,27,2,6854.68
3201,7,3,10361.21
3202,23,1,794.13
3202,22,2,8393.44
3202,23,3,9170.78
3202,84,3,4697.46
3202,60,3,3595.29
3203,10,2,3434.18
3203,3,3,4755.94
3204,14,2,2786.61
3205,20,3,11657.57
3205,31,1,10664.48
3205,52,2,9325.64
3205,66,2,11851.9
3206,37,3,1670.67
3206,12,2,12201.71
3206,31,2,12871.89
3206,91,1,12947.49
3207,30,1,1385.41
3208,50,2,3905.59
3209,56,1,14778.62
3209,19,3,4474.76
3209,41,2,1549.37
3209,97,1,8234.62
3210,59,3,13749.93
3210,49,1,2861.2
3210,74,2,1601.31
3211,82,1,7916.03
3212,55,1,1027.58
3212,94,2,11338.13
3212,95,3,11960.54
3212,24,2,13419.65
3212,38,2,9071.5
3213,57,2,9381.01
3214,26,3,12525.01
3214,80,1,13680.71
3214,93,2,13422.52
3215,40,2,1552.58
3215,4,2,6138.49
3216,70,3,4674.41
3216,61,1,12801.36
3216,19,1,6743.32
3216,8,1,13712.04
3217,20,1,11725.71
3217,74,1,5524.9
3217,96,2,12783.5
3218,59,1,12103.67
3219,88,2,11461.27
3220,67,2,847.68
3220,32,3,10052.31
3220,45,3,13986.91
3220,4,2,6788.96
3220,13,2,8342.88
3221,29,3,3388.41
3221,16,2,11577.41
3222,59,3,11525.17
3222,46,2,11165.36
3222,9,1,8662.15
3223,89,1,4744.25
3223,98,3,3077.71
3223,1,1,7860.86
3223,86,3,1547.26
3223,84,1,1189.6
3224,88,2,2511.03
3224,57,2,8439.38
3224,16,1,6547.3
3224,56,1,5345.38
3224,6,2,11509.03
3225,95,1,14809.35
3225,18,2,11372.62
3225,77,1,3859.42
3225,77,2,3959.84
3226,89,1,5797.93
3226,95,1,7551.99
3227,51,1,11930.74
3227,31,3,3840.13
3227,37,2,1185.46
3227,87,1,7486.55
3227,51,2,4224.91
3228,75,3,4357.25
3228,94,3,11483.97
3228,95,3,777.79
3228,29,1,8079.68
3228,82,2,12406.4
3229,72,2,10002.73
3229,17,3,9908.32
3229,66,2,12276.0
3230,8,2,14091.63
3230,66,2,10081.47
3230,43,3,902.11
3231,16,3,2316.23
3231,28,2,7579.29
3231,14,1,9407.19
3232,33,2,4228.76
3232,74,3,3856.82
3232,14,3,1539.97
3232,16,2,14125.0
3233,4,1,10795.37
3234,51,3,10354.22
3234,65,3,4517.1
3234,68,2,5278.53
3235,97,1,7443.51
3235,100,2,9183.69
3235,52,2,14211.62
3235,57,1,3677.27
3236,94,1,11628.56
3236,61,2,2001.29
3236,1,3,2031.55
3236,1,1,6827.17
3237,27,3,9771.41
3237,46,1,11962.5
3237,87,3,9564.67
3237,1,2,3631.2
3237,32,2,2196.02
3238,18,2,9311.66
3239,62,2,5915.28
3239,89,2,6571.67
3239,38,3,14062.16
3240,86,3,1930.38
3240,26,2,7313.27
3241,59,2,2667.31
3242,9,1,5405.39
3242,63,2,13352.89
3242,21,3,12534.48
3242,66,1,11460.05
3242,29,1,3533.3
3243,98,2,3984.78
3243,47,1,11237.21
3243,51,1,8067.82
3243,69,2,3228.99
3243,77,3,12631.9
3244,38,3,13043.61
3244,12,1,4182.4
3245,63,3,4916.42
3245,43,2,11048.95
3245,26,3,13106.71
3245,58,2,1035.64
3245,98,3,14315.08
3246,74,2,7152.9
3247,78,2,5786.61
3248,44,3,7449.48
3248,58,1,9339.18
3248,13,1,10118.19
3248,99,3,4136.86
3249,61,1,13673.59
3249,52,3,13607.11
3249,94,3,1900.28
3250,67,3,792.59
3251,91,3,7705.24
3252,55,3,9767.34
3252,28,1,7370.11
3252,92,1,12174.19
3253,85,3,7116.57
3253,59,1,10322.74
3253,55,3,9028.81
3253,50,2,7841.36
3253,24,1,6447.61
3254,98,1,2221.36
3254,34,3,12955.67
3254,57,3,13799.38
3255,58,1,14142.89
3255,50,2,12233.64
3255,89,1,8463.64
3255,9,3,14547.59
3256,16,1,12817.69
3256,98,3,9544.99
3256,69,3,5821.96
3256,84,1,4244.69
3256,87,3,1427.73
3257,4,3,8182.51
3257,13,3,10587.48
3257,87,3,11786.61
3257,48,1,7245.39
3258,8,3,12024.61
3258,28,2,13538.42
3259,16,3,5152.54
3259,73,2,14578.67
3260,64,1,6810.5
3261,33,2,8437.83
3261,13,2,11371.15
3261,1,1,1357.09
3261,94,2,1025.03
3261,57,2,6449.31
3262,31,1,1238.28
3262,55,2,14550.37
3263,57,3,7550.88
3264,53,3,11238.47
3264,23,3,8646.33
3264,85,2,11362.79
3264,40,1,7075.06
3264,27,3,4376.98
3265,92,2,8847.99
3265,95,3,2663.43
3265,48,1,12055.95
3265,83,3,7466.39
3265,25,2,6414.05
3266,36,2,11125.08
3266,47,3,13569.37
3266,60,3,10682.57
3267,86,2,13691.9
3267,8,3,5177.91
3268,96,3,2571.69
3268,83,3,9056.32
3268,56,3,12195.47
3268,59,1,8594.56
3268,25,3,6318.88
3269,61,2,13961.61
3270,33,1,14463.68
3271,45,2,14334.32
3271,8,1,4756.0
3272,13,2,10390.12
3272,64,2,5605.78
3273,100,1,6848.37
3273,20,2,8846.97
3273,91,3,10483.71
3273,14,2,6734.63
3274,2,2,13163.52
3274,98,2,3087.49
3274,90,2,2780.62
3275,4,3,4764.59
3275,66,3,9621.58
3275,63,3,6404.43
3275,51,1,14027.38
3275,22,2,1002.36
3276,40,1,14285.95
3276,51,3,14768.28
3276,30,3,1467.81
3277,40,2,4454.28
3277,62,1,5364.22
3277,7,2,6067.28
3277,60,3,2784.84
3277,84,1,10389.77
3278,80,1,6166.32
3278,14,2,10795.42
3278,90,2,975.81
3278,24,2,13699.15
3279,33,1,10672.79
3279,61,1,1857.15
3280,20,3,1303.63
3280,92,2,6066.23
3281,52,2,4654.06
3281,1,2,3897.52
3281,82,1,4526.88
3281,81,3,2151.83
3282,73,2,3708.19
3282,29,3,2916.64
3282,65,3,6797.87
3282,10,2,8477.17
3283,47,3,13397.27
3284,67,1,14326.78
3284,58,1,3208.47
3285,49,2,12930.24
3285,97,3,8621.32
3286,46,2,12566.3
3286,18,2,2098.1
3286,16,1,6886.78
3287,86,2,14735.77
3287,2,2,14478.29
3287,21,3,14220.86
3288,72,2,8208.24
3289,38,1,2337.26
3289,25,2,13961.6
3289,76,3,12641.88
3290,76,2,10009.11
3290,41,3,6258.62
3290,20,2,4074.38
3290,56,1,1007.38
3290,83,1,5353.53
3291,9,2,1767.19
3291,98,3,13152.06
3291,58,3,14305.76
3292,75,1,7382.02
3293,33,3,5351.34
3293,9,1,7087.97
3293,26,2,11595.85
3293,33,2,8184.43
3293,3,3,1458.99
3294,55,3,2812.8
3294,26,2,6544.71
3294,12,2,4519.86
3294,49,1,5137.73
3295,99,2,4099.79
3295,19,1,12779.37
3295,34,2,1067.33
3295,87,3,1874.32
3296,14,2,8156.37
3297,22,3,10947.85
3298,79,3,8261.04
3299,100,3,9215.82
3300,32,2,11636.78
3300,39,3,10157.38
3300,83,3,12371.73
3301,18,2,7972.23
3302,97,3,4121.22
3302,94,1,8057.34
3302,3,2,7967.28
3302,76,3,13153.04
3303,84,3,1106.11
3303,16,2,733.14
3303,28,2,10829.78
3304,44,1,8516.56
3305,89,3,13451.17
3306,49,3,3709.66
3306,83,3,10949.54
3306,85,2,12250.2
3307,76,1,9704.07
3307,14,1,14994.93
3307,13,2,10674.0
3307,73,2,6561.29
3307,18,3,1588.75
3308,56,2,12527.17
3308,100,2,2590.71
3308,15,1,10731.96
3309,73,3,13027.28
3309,51,1,1247.83
3309,35,3,7884.1
3310,34,3,13571.08
3310,93,2,9182.87
3310,23,2,565.25
3310,75,1,507.07
3310,29,1,10997.91
3311,96,2,5856.94
3311,88,2,7683.83
3311,16,2,6165.78
3312,66,3,1899.99
3312,3,2,14709.62
3312,80,2,12815.79
3312,39,1,13943.21
3313,87,2,4715.18
3313,13,2,4424.72
3313,6,3,6091.48
3313,93,3,14015.03
3313,42,1,12017.45
3314,99,1,12781.79
3314,3,2,14944.54
3315,94,3,13803.16
3315,50,2,1863.36
3315,24,2,1931.69
3316,86,3,5779.08
3316,100,2,7605.11
3317,70,2,2219.27
3317,96,1,10473.52
3317,65,1,8860.83
3318,5,3,3679.09
3318,35,3,12325.9
3318,36,1,10292.27
3319,66,3,5616.62
3319,70,3,2312.27
3319,23,1,6783.87
3319,50,2,6022.91
3320,23,2,10132.41
3320,77,2,12248.41
3321,56,3,2866.87
3321,31,2,8313.65
3321,11,1,7315.16
3321,30,2,2280.1
3322,79,3,9306.38
3322,97,2,14496.15
3323,72,3,11796.66
3323,5,1,13623.73
3323,18,3,757.34
3323,59,2,1669.65
3324,54,1,8678.41
3325,3,1,11359.05
3325,85,3,4650.82
3325,59,1,11765.7
3326,36,1,14912.72
3326,83,2,10599.5
3327,10,1,11273.27
3327,24,1,11171.36
3327,16,3,6752.16
3327,85,3,6690.81
3327,60,3,9738.65
3328,55,3,7552.11
3328,96,2,7325.07
3328,83,3,2468.28
3328,7,3,13937.41
3329,85,1,4781.49
3330,30,3,4129.68
3330,95,2,12769.67
3330,23,2,758.73
3330,11,3,8420.73
3330,61,3,7397.33
3331,97,2,9843.08
3331,25,3,14020.12
3331,19,1,5205.29
3331,76,1,14147.05
3331,17,1,4323.33
3332,98,2,7414.95
3332,99,1,7111.83
3332,33,2,6965.57
3333,7,1,14929.29
3333,85,3,8120.33
3333,45,1,1851.9
3334,68,2,6763.65
3334,5,1,10809.14
3334,25,3,3839.25
3335,92,3,7593.2
3335,65,2,3057.02
3335,3,3,12039.41
3335,37,2,5302.77
3336,99,3,4075.47
3336,85,3,11978.14
3336,40,2,11415.84
3336,8,2,8855.31
3336,93,1,10395.81
3337,68,2,3999.53
3337,83,3,1291.27
3338,40,2,1677.6
3338,54,3,10144.89
3338,83,2,9084.76
3339,53,3,14813.8
3339,83,2,8117.42
3339,9,3,14908.13
3340,67,2,3621.11
3340,54,3,13832.87
3340,29,3,5220.74
3340,92,2,11813.89
3340,42,3,2458.48
3341,15,3,8623.99
3342,23,1,14316.39
3342,43,3,1249.06
3342,80,2,7179.08
3342,64,2,8778.74
3343,52,3,3352.18
3343,75,2,13308.44
3344,38,3,14183.0
3344,64,3,7239.11
3344,11,3,7441.02
3345,18,1,1137.89
3345,92,3,2288.21
3346,13,3,4205.08
3347,53,3,6535.15
3347,8,2,3141.97
3347,11,2,7582.42
3347,76,2,2061.36
3347,75,1,8693.4
3348,57,1,9670.76
3348,86,1,10125.1
3348,2,1,10841.0
3348,81,2,7965.24
3349,24,2,2771.09
3349,23,2,12938.22
3349,83,2,13210.27
3349,93,3,9042.16
3350,55,2,10704.67
3350,17,3,4812.46
3350,67,1,12875.47
3350,45,1,7121.25
3351,60,1,11272.66
3351,9,1,9961.76
3351,33,1,11503.59
3351,31,2,3864.2
3351,56,2,5910.51
3352,88,2,7716.74
3352,28,2,13596.41
3352,17,2,12087.91
3352,99,2,8214.47
3353,42,1,3498.85
3353,9,1,4843.57
3353,83,3,6845.25
3353,12,2,514.64
3354,10,3,13483.86
3354,81,1,13078.05
3354,4,2,1737.42
3354,85,3,9146.78
3355,34,2,6199.03
3355,91,2,9261.59
3355,64,3,4457.76
3355,20,3,1806.49
3356,97,1,4702.55
3357,48,2,6636.33
3357,85,1,11848.2
3358,28,1,5549.84
3359,50,3,5889.87
3359,19,2,5225.91
3360,94,3,13397.08
3360,63,1,5142.55
3360,2,2,14558.99
3360,98,1,11318.71
3361,23,3,10484.31
3361,84,3,4814.26
3361,60,2,4386.43
3361,93,2,11362.88
3362,24,3,5993.72
3363,79,3,9765.66
3363,78,1,10015.78
3363,86,1,2056.09
3364,51,1,12979.18
3364,57,2,6219.71
3364,39,2,3732.99
3364,98,1,8954.49
3364,9,3,9274.76
3365,51,2,3656.83
3365,3,1,9953.21
3365,26,2,2603.85
3366,7,2,10342.93
3367,34,1,6957.33
3367,60,3,14493.29
3367,92,3,1304.36
3367,39,3,2067.37
3368,95,3,5777.21
3368,97,1,13167.85
3369,96,3,14907.23
3369,81,1,9263.1
3369,47,1,7499.59
3369,81,1,11598.61
3370,41,3,11364.84
3370,51,2,7181.76
3370,90,1,5352.27
3370,39,3,9094.5
3370,92,1,7375.95
3371,89,3,13839.04
3371,50,3,11600.89
3372,42,2,10705.15
3373,62,1,1219.58
3373,17,3,4085.66
3374,28,1,6170.88
3375,25,2,12322.88
3375,54,1,2770.76
3375,32,2,11488.75
3375,69,2,1598.27
3375,64,2,1712.08
3376,95,3,14866.97
3376,68,2,3005.33
3377,9,3,9061.32
3377,53,1,7357.36
3377,86,2,5371.95
3378,21,1,3691.66
3378,48,2,13302.19
3378,89,3,5185.87
3378,63,3,874.56
3378,56,1,583.26
3379,99,1,8430.6
3379,92,1,9321.12
3380,31,2,14282.6
3380,70,2,8143.75
3381,14,2,11029.9
3381,25,2,12141.04
3381,77,3,6444.14
3381,63,1,6452.81
3382,95,2,4358.2
3382,36,3,5719.08
3382,5,2,10424.5
3383,32,1,11493.77
3383,16,3,14263.25
3383,93,3,1214.56
3383,70,1,14052.13
3383,62,2,6345.26
3384,45,1,11334.02
3384,44,3,2111.16
3384,2,2,8181.81
3385,1,3,13614.96
3386,88,2,7553.99
3386,63,2,4177.76
3386,56,1,9029.94
3386,58,3,12264.13
3386,94,3,14344.31
3387,25,2,11894.19
3387,38,2,11560.51
3387,32,1,3892.57
3387,57,2,4509.28
3388,53,1,3380.17
3388,62,3,13465.39
3388,19,1,12001.6
3388,89,2,13838.22
3388,22,3,2159.43
3389,45,1,3129.11
3390,38,1,8466.52
3390,82,2,4050.67
3390,41,1,5185.42
3390,22,1,9204.15
3391,41,3,556.62
3392,17,2,883.1
3392,62,3,8673.25
3392,21,3,1602.51
3392,46,3,7558.77
3393,53,2,733.08
3393,69,3,14069.15
3394,15,3,8571.42
3394,57,2,7528.0
3394,93,1,6138.57
3394,47,1,9402.97
3394,83,3,8143.72
3395,58,2,7836.49
3395,77,3,10359.58
3395,84,2,7063.91
3395,32,1,12096.94
3395,79,3,4170.9
3396,34,3,9213.44
3396,50,1,13822.88
3396,32,3,5141.93
3397,62,2,7423.34
3397,62,2,3936.55
3397,82,1,1650.7
3398,65,2,7970.59
3398,57,2,6060.58
3399,80,1,13952.71
3400,67,2,5315.6
3400,64,3,13121.86
3400,69,1,2339.08
3400,24,3,1087.11
3400,100,1,13813.1
3401,76,1,5135.49
3401,45,3,2142.99
3401,30,2,5170.22
3402,37,1,5176.54
3402,73,1,8788.96
3402,36,2,13920.6
3403,53,1,12966.07
3403,95,2,1995.66
3403,18,1,9345.98
3404,8,2,5375.4
3404,26,2,13220.59
3405,92,2,9381.72
3405,61,2,14024.19
3406,86,3,791.98
3406,51,1,7804.65
3406,94,3,2240.55
3406,52,1,8117.54
3406,72,2,11576.65
3407,82,2,7811.59
3407,71,1,11784.88
3407,61,1,7243.51
3408,32,1,9025.85
3408,61,2,3682.64
3408,83,3,11008.66
3408,56,2,6472.77
3409,64,3,8756.05
3409,64,3,12251.0
3409,43,1,11968.97
3409,97,1,10448.71
3409,38,2,14941.32
3410,57,3,2537.2
3411,21,3,13473.37
3411,94,3,894.44
3411,11,1,13971.66
3411,79,1,10804.72
3412,52,2,2641.89
3412,67,1,5511.66
3413,31,1,5322.21
3413,39,3,1636.94
3413,45,2,7748.19
3413,9,2,6910.11
3414,75,3,12682.41
3414,93,2,2886.56
3415,71,1,10891.83
3415,76,3,7175.12
3415,5,3,10233.22
3416,1,2,5275.3
3416,41,1,10514.9
3416,1,2,3339.05
3417,44,3,9586.51
3417,19,2,8062.82
3417,80,2,981.93
3417,59,3,10624.11
3418,45,1,12063.81
3419,53,3,6523.41
3420,9,1,8253.57
3420,41,2,8438.89
3421,58,1,12505.19
3421,24,2,13043.26
3421,67,2,3753.72
3421,73,3,11678.15
3421,15,2,14688.6
3422,22,2,1724.83
3422,61,1,7451.92
3422,1,2,10483.1
3422,73,1,12518.72
3422,68,2,8195.08
3423,53,3,4281.66
3424,27,2,11786.27
3424,98,3,13968.54
3424,55,2,2847.31
3424,69,2,6670.72
3424,86,2,1165.95
3425,61,2,5885.2
3425,45,3,5658.03
3425,32,3,13753.2
3425,42,2,1957.01
3426,41,3,11479.61
3427,62,3,2397.16
3427,2,2,1066.94
3427,43,3,12463.67
3427,96,3,9939.3
3428,71,1,873.97
3428,70,2,12185.9
3428,68,2,2693.11
3428,44,2,7805.83
3428,97,2,11870.71
3429,6,3,808.56
3429,37,1,738.03
3430,11,2,1359.37
3430,60,3,14274.73
3430,98,2,8907.88
3431,52,2,699.77
3432,55,3,12421.0
3433,44,3,5817.5
3434,56,1,3848.89
3434,37,1,10717.11
3434,57,3,9988.87
3434,6,1,1100.75
3435,43,3,4862.6
3435,83,3,9013.83
3435,17,3,7424.59
3436,74,3,10385.68
3436,84,2,4997.45
3436,40,3,4008.94
3436,56,3,5550.12
3437,6,3,3766.33
3437,84,2,3561.9
3437,28,2,4746.78
3437,18,1,4913.82
3437,42,3,13786.41
3438,63,1,8097.68
3439,31,2,1437.01
3439,98,2,13132.08
3440,34,2,9880.11
3440,79,3,12532.13
3441,52,3,4092.88
3441,78,1,11671.01
3441,94,1,4267.82
3441,28,3,13654.13
3442,3,2,10671.4
3442,93,3,13082.81
3442,70,3,6548.22
3442,81,1,12711.45
3442,14,2,648.56
3443,49,1,11211.74
3443,7,3,8903.47
3443,58,1,1565.98
3443,2,3,7765.73
3443,15,2,14559.68
3444,72,1,3731.74
3444,3,1,12939.99
3444,70,2,6006.05
3444,14,3,3119.18
3444,13,2,1292.41
3445,33,2,4286.08
3445,53,2,14932.26
3445,48,2,3858.7
3445,20,2,3676.02
3446,17,2,6335.3
3447,58,2,2997.12
3447,21,3,5642.5
3447,64,3,9763.7
3447,40,2,4561.42
3447,5,3,1368.94
3448,83,3,9444.98
3448,58,1,7260.59
3448,30,3,3696.83
3448,98,2,11723.09
3448,13,2,1033.93
3449,23,2,14098.43
3449,11,2,12597.02
3449,99,2,6993.06
3450,43,1,12798.38
3450,34,1,5864.7
3450,56,2,4616.97
3450,45,3,10064.17
3451,77,2,11208.84
3451,37,3,14797.35
3452,12,3,10260.92
3452,74,1,12610.75
3452,94,2,8586.72
3453,77,3,7534.04
3453,55,1,803.31
3453,25,3,12215.63
3454,32,3,6186.57
3454,42,3,2889.33
3454,23,2,10216.7
3454,1,3,12123.89
3455,85,3,2255.45
3455,56,2,12750.44
3455,35,1,12052.98
3456,89,1,3259.86
3456,25,2,2746.38
3456,46,2,6088.12
3456,72,1,2578.99
3457,93,1,12551.27
3457,27,3,4209.55
3457,16,3,5721.24
3457,10,1,8846.77
3458,35,1,13125.63
3458,81,2,11704.61
3458,62,2,596.11
3459,70,3,9759.88
3459,66,2,9884.85
3459,68,1,10608.29
3459,57,1,7326.79
3460,51,1,3480.07
3460,5,3,10127.41
3461,28,2,8177.72
3461,14,3,11853.73
3461,20,2,7313.0
3461,58,1,4035.72
3461,53,1,7007.97
3462,57,2,6799.05
3462,79,2,13717.05
3462,66,1,8919.19
3462,38,2,8292.71
3463,82,3,7138.16
3463,38,3,10446.93
3463,74,2,4393.05
3463,79,1,11916.8
3464,54,2,5525.38
3464,64,1,14828.75
3465,53,3,4279.2
3465,78,1,13692.46
3465,43,1,6362.9
3465,55,2,9869.42
3466,98,1,960.35
3466,10,2,2289.91
3467,14,2,7027.68
3467,2,2,4028.22
3468,27,3,10368.53
3469,25,1,1976.23
3469,41,3,14150.25
3470,66,1,2028.3
3471,36,3,12358.17
3471,21,1,6638.93
3471,69,1,13096.37
3471,77,1,7760.63
3472,83,2,14348.02
3472,10,1,5627.37
3472,100,3,13464.36
3472,73,2,8390.57
3472,13,2,7527.96
3473,12,2,8907.13
3473,11,1,10269.38
3473,100,2,678.53
3474,24,1,10878.0
3474,46,1,4700.7
3474,5,1,6450.77
3474,84,1,12241.22
3475,64,3,9766.91
3475,17,1,14029.95
3475,44,1,9755.76
3476,90,1,13097.96
3476,55,3,1939.84
3476,100,1,5391.59
3476,54,1,1443.37
3476,68,2,980.9
3477,62,3,13405.12
3477,64,3,756.09
3477,18,3,9419.36
3478,9,1,8682.8
3478,79,2,9817.23
3478,24,2,8199.13
3478,54,2,1219.45
3478,69,1,6571.84
3479,98,2,8578.72
3480,15,2,1108.6
3480,29,2,14791.76
3481,68,3,14618.1
3482,36,1,8889.18
3483,80,1,9240.19
3483,20,1,13744.46
3484,95,3,6171.71
3484,51,1,7494.45
3484,81,1,14781.74
3485,64,2,7948.16
3485,42,3,7008.82
3485,67,3,8246.79
3486,79,1,1415.11
3486,22,2,3811.98
3486,16,2,14119.63
3486,20,3,11877.72
3486,27,1,2460.17
3487,86,3,3032.48
3487,99,2,4210.87
3487,15,2,9093.55
3487,87,1,8484.68
3488,63,2,4728.8
3488,83,1,7834.97
3488,52,2,5734.61
3489,59,3,1255.62
3489,61,3,12551.75
3489,74,1,11178.46
3490,97,2,3641.93
3490,53,3,12619.63
3490,31,2,12712.93
3491,82,3,5799.82
3491,3,2,12557.9
3491,44,3,4038.13
3492,47,1,697.36
3492,95,2,11341.32
3492,5,3,8925.33
3492,94,1,2175.76
3493,13,3,13242.8
3493,30,2,14874.96
3494,1,2,3297.72
3494,31,1,12189.68
3494,48,3,6598.93
3494,54,2,766.6
3494,7,1,5029.54
3495,12,3,10319.08
3496,42,1,603.45
3496,56,1,14800.15
3497,7,3,8722.18
3497,10,2,11277.0
3497,17,2,6279.81
3497,30,1,2196.09
3498,38,1,13610.02
3499,25,1,613.12
3499,61,1,10520.92
3500,78,3,4779.0
3501,95,2,1169.92
3501,98,1,9253.99
3501,82,3,5748.69
3501,71,1,9171.24
3502,1,2,6489.51
3503,30,3,5692.61
3503,54,1,5789.62
3503,48,1,7341.72
3503,56,1,5741.91
3504,15,1,9956.32
3504,4,1,10715.64
3504,68,2,7444.59
3505,7,2,6506.09
3506,3,1,4775.37
3506,22,1,5811.82
3506,58,2,6935.02
3506,11,3,4864.7
3507,48,2,1739.03
3508,25,1,2363.32
3508,64,3,9548.65
3508,80,2,10564.42
3509,21,2,14782.92
3509,41,3,7236.55
3509,67,3,10695.54
3510,77,3,2172.52
3510,94,3,12997.07
3510,13,2,14576.67
3510,41,1,1857.44
3510,34,1,10988.12
3511,21,2,10674.92
3512,40,2,13359.13
3512,54,2,3644.09
3512,87,1,6933.2
3512,95,2,13487.68
3512,92,2,1839.92
3513,88,2,6333.17
3514,40,2,9992.48
3514,70,2,7396.0
3514,1,1,4185.41
3515,84,1,14030.52
3516,12,2,919.44
3516,14,1,9928.64
3516,5,1,2001.17
3516,17,2,3591.65
3517,12,3,14309.3
3517,81,3,1773.79
3518,4,1,14489.74
3518,61,3,6019.87
3519,34,1,944.46
3519,73,1,10152.71
3519,84,3,13708.61
3519,38,1,11826.62
3520,91,2,8517.85
3521,38,1,2283.1
3521,36,1,4432.9
3522,39,3,10756.78
3522,9,1,4175.44
3523,41,2,10053.73
3523,56,1,4483.88
3523,97,3,2614.9
3523,30,1,9841.2
3524,17,3,1562.66
3524,11,2,13848.2
3524,34,2,1294.81
3525,77,2,1918.05
3525,90,2,9394.03
3525,31,2,13830.57
3525,55,2,5119.73
3525,9,2,4656.05
3526,42,1,11538.12
3526,30,1,14225.15
3526,97,2,8917.08
3527,2,2,989.12
3527,42,3,12412.15
3527,14,1,10519.94
3528,61,3,2011.27
3528,29,3,10277.32
3529,96,1,9674.68
3529,97,3,672.29
3529,64,3,9180.01
3529,88,1,9765.13
3530,55,3,12616.35
3530,96,2,7066.6
3530,49,1,2116.4
3530,99,3,3797.62
3530,2,2,2043.93
3531,82,2,9761.52
3531,63,2,12648.3
3531,31,1,4378.24
3532,48,3,12531.81
3532,78,2,4104.84
3533,62,1,1859.8
3533,55,3,11690.59
3533,20,2,12631.9
3533,10,3,12225.43
3533,90,2,12056.77
3534,7,2,14760.59
3534,73,1,7369.64
3534,11,3,2175.84
3535,80,2,8576.63
3535,90,2,4395.65
3535,3,3,9492.23
3536,73,1,5249.48
3536,85,2,971.38
3537,62,3,2720.84
3537,9,3,4370.07
3537,94,1,6163.28
3538,7,2,14221.73
3538,95,3,9281.25
3538,23,2,1615.99
3538,82,1,1810.59
3538,45,2,1010.89
3539,23,3,7575.53
3539,83,3,875.98
3539,69,3,11304.35
3539,7,2,7783.38
3540,12,1,2676.35
3540,86,1,7175.07
3541,43,3,2523.39
3541,71,1,11788.35
3541,21,1,4000.54
3541,11,1,5275.19
3541,63,2,2486.55
3542,89,3,12581.84
3543,45,2,2287.65
3543,23,3,7177.16
3543,15,2,1832.97
3543,36,1,7703.67
3543,91,2,3235.12
3544,41,3,7632.52
3544,90,2,13012.31
3545,13,3,13490.42
3545,93,1,672.05
3546,24,1,6869.66
3546,31,2,4283.11
3546,48,3,7868.68
3547,80,3,9438.43
3548,44,1,14674.25
3548,85,2,14947.44
3549,85,2,3780.26
3549,83,1,13020.97
3550,47,2,10491.76
3550,95,3,8437.27
3550,64,3,12110.54
3550,91,3,3744.19
3550,38,3,11863.69
3551,27,2,8982.08
3551,59,1,3726.64
3551,93,3,1943.4
3551,88,1,2351.07
3552,11,1,5148.98
3552,14,3,13378.12
3553,31,3,3508.42
3554,4,2,5258.51
3555,98,3,1143.09
3555,34,2,14628.02
3555,36,3,12568.14
3556,92,3,13214.42
3556,22,1,2521.79
3556,94,1,3129.72
3557,5,3,7519.39
3557,32,3,11412.83
3558,8,3,8845.06
3558,27,3,12549.01
3558,14,1,7460.55
3558,68,2,8646.93
3559,67,1,7456.01
3559,22,1,3765.27
3559,15,2,12328.49
3559,95,3,3194.15
3560,84,1,7980.03
3560,80,3,3532.53
3560,9,2,2047.29
3560,30,1,13918.42
3561,39,2,10858.35
3561,70,3,11907.71
3561,32,3,545.15
3561,57,3,4535.44
3561,84,2,13374.51
3562,70,1,1887.91
3562,27,2,1387.4
3563,74,2,6237.48
3563,40,2,5040.82
3563,4,2,12916.67
3564,2,2,13749.69
3565,42,3,14178.23
3565,67,1,12883.82
3565,34,3,10991.37
3566,100,3,897.79
3567,23,3,9952.69
3567,30,3,14890.27
3567,8,1,11072.82
3567,69,2,7636.24
3567,76,3,11574.61
3568,66,2,11176.66
3568,29,2,1517.19
3568,48,2,11667.1
3569,42,1,3637.29
3570,58,1,6029.22
3571,88,2,1382.38
3571,85,3,6323.04
3571,98,1,1813.86
3571,74,1,10920.19
3572,14,3,5319.65
3573,4,3,4051.09
3573,27,3,2154.29
3574,33,3,1327.55
3574,63,2,9530.15
3575,2,1,7541.86
3575,81,3,3562.51
3575,54,1,12255.88
3575,75,1,13247.23
3576,37,2,8001.72
3577,62,1,12193.54
3578,24,2,7007.11
3578,89,2,2341.19
3578,56,3,4415.24
3578,62,1,2637.75
3579,8,2,14202.86
3579,18,3,10078.27
3579,4,2,10889.31
3580,50,2,9551.94
3580,16,1,851.32
3581,21,3,11059.73
3581,80,2,7411.95
3581,85,3,829.06
3581,30,2,10582.19
3582,2,3,1931.38
3582,78,2,8324.3
3582,96,2,4526.35
3583,42,3,6977.12
3583,96,3,10929.51
3583,100,1,12453.39
3583,58,2,4769.14
3584,5,2,4274.35
3584,82,2,13610.67
3585,89,3,5224.55
3585,62,2,639.49
3585,23,1,2197.13
3586,83,2,12083.94
3586,77,3,9152.91
3586,32,1,13908.96
3586,4,1,3749.11
3587,81,1,4896.71
3587,5,2,11197.04
3587,69,1,6120.18
3588,3,3,1546.33
3588,33,2,14324.78
3588,46,2,8027.63
3588,1,1,696.5
3589,5,1,4746.89
3589,53,2,12814.19
3589,33,3,7198.45
3590,28,2,11111.05
3590,69,2,5589.6
3590,47,2,774.44
3590,71,3,9272.67
3590,37,2,6662.48
3591,57,2,1377.52
3591,25,3,1073.08
3591,61,3,5305.32
3592,12,3,2125.53
3593,50,2,3064.8
3594,8,3,10288.04
3594,48,3,5283.57
3594,3,2,3983.84
3595,3,2,13086.26
3595,10,2,4222.48
3595,81,2,10414.56
3596,62,3,10088.91
3596,25,1,9574.73
3596,89,1,11764.96
3596,21,3,4088.82
3597,59,2,7341.24
3597,21,2,4955.69
3597,49,1,6492.77
3597,33,2,4531.92
3597,76,2,4601.42
3598,78,1,4143.78
3598,40,1,14151.37
3598,70,1,3185.7
3598,99,1,13068.76
3598,31,2,9674.37
3599,96,3,10370.1
3599,99,2,14036.3
3599,77,3,2778.22
3600,59,3,10897.08
3600,74,1,10904.98
3600,35,2,14585.43
3600,74,2,790.22
3600,1,3,10077.97
3601,44,3,4198.5
3601,52,1,13288.56
3601,75,1,9843.23
3601,38,3,11251.04
3602,64,3,765.12
3602,62,1,7437.07
3602,86,3,10266.81
3602,62,2,12140.69
3602,74,2,13915.88
3603,68,1,5163.62
3603,36,1,5583.86
3603,73,1,12897.54
3603,59,1,6640.09
3604,74,2,4945.87
3604,56,2,6771.69
3604,89,2,11426.47
3604,89,3,1683.41
3604,16,3,3251.04
3605,21,2,12659.75
3605,17,2,8864.55
3605,84,3,3553.62
3606,56,3,7695.15
3606,2,3,12006.47
3606,54,2,5119.1
3606,15,1,9611.09
3607,94,1,12049.3
3607,94,3,9955.72
3607,54,2,1172.92
3607,39,2,11883.91
3608,62,1,4439.53
3608,46,2,12765.12
3608,60,1,2454.15
3608,47,3,764.94
3609,47,2,14459.31
3610,80,2,1018.83
3610,80,3,9533.3
3610,69,2,7145.22
3611,17,2,6146.92
3611,81,1,7613.87
3611,35,3,8468.83
3612,44,3,5384.02
3612,86,3,7364.29
3612,97,3,6445.01
3613,44,3,4436.56
3613,24,1,10774.44
3614,4,3,13528.21
3614,28,1,10444.47
3614,21,2,13963.77
3615,17,3,9562.9
3615,90,1,7384.64
3615,74,2,10247.65
3615,72,2,1372.77
3616,75,2,12701.69
3616,21,3,13280.33
3616,55,2,831.34
3616,53,2,12258.87
3616,70,1,11925.41
3617,100,2,6810.09
3617,40,2,8343.88
3618,37,1,10533.48
3618,6,1,14427.33
3618,78,2,12128.53
3618,56,2,3747.05
3618,64,2,10371.07
3619,18,2,7619.1
3619,54,2,8681.64
3619,9,3,2119.6
3620,88,2,8938.16
3620,3,3,7325.67
3621,44,3,3051.01
3621,5,1,6128.86
3622,45,2,9389.21
3623,8,2,9560.79
3623,19,1,1275.33
3623,86,1,806.45
3623,9,1,3628.5
3623,96,2,12460.0
3624,3,1,3523.25
3624,99,2,4844.95
3624,23,2,8826.16
3624,92,1,11489.46
3624,36,3,4580.4
3625,1,1,10602.21
3625,87,3,9761.27
3625,79,3,2208.43
3625,83,3,3030.89
3625,39,2,13566.12
3626,32,1,14868.32
3627,20,3,7201.14
3627,77,1,4315.93
3627,46,3,5558.74
3627,11,3,2603.74
3627,25,1,8661.8
3628,48,3,14304.73
3629,88,2,9871.4
3629,33,1,3644.22
3629,38,1,8585.55
3629,27,3,7484.23
3630,21,3,7763.18
3630,50,1,7373.65
3630,62,1,4944.12
3631,81,2,1278.81
3631,32,1,12336.27
3631,94,1,13175.9
3631,61,1,10414.87
3631,11,2,8844.1
3632,52,1,5687.37
3633,46,1,2790.14
3633,57,3,9291.7
3633,36,3,9688.47
3634,32,3,7254.87
3634,51,3,10921.1
3634,98,3,7567.53
3634,31,3,7897.91
3634,86,3,8756.24
3635,77,1,12119.38
3635,68,2,6915.43
3635,65,2,7461.84
3636,69,2,13830.19
3636,11,1,4771.18
3636,57,2,10721.92
3636,22,3,5968.74
3637,49,2,3148.29
3637,96,2,1954.81
3637,41,2,3695.82
3637,86,3,1227.84
3637,3,2,792.72
3638,91,1,7172.79
3639,73,1,2452.44
3640,32,3,4103.16
3640,8,1,6623.83
3640,57,3,13885.86
3641,80,2,3719.25
3641,46,2,934.48
3641,75,1,5865.46
3642,85,1,940.08
3643,93,2,7911.78
3644,51,2,12728.49
3644,12,1,7418.67
3644,89,1,10996.54
3645,86,3,7187.01
3646,25,1,13625.26
3646,58,2,6515.37
3646,4,2,14984.43
3646,1,1,14183.94
3646,91,3,14974.28
3647,28,2,3589.58
3647,77,2,12263.63
3647,85,1,1709.7
3647,1,1,10077.67
3648,73,1,6499.11
3648,10,3,9440.42
3648,21,1,14264.8
3649,2,1,6530.96
3649,27,3,6028.39
3649,35,3,9106.64
3650,7,1,13775.47
3650,41,1,14649.82
3650,35,1,5450.18
3650,93,1,12600.82
3651,11,1,12535.73
3651,92,1,14911.58
3651,5,2,5414.95
3651,11,2,11322.22
3652,91,1,8796.53
3653,79,3,6393.45
3653,20,2,6390.4
3653,100,1,12083.14
3654,97,2,14952.0
3654,78,2,6548.52
3654,42,2,13735.13
3655,49,1,5093.95
3655,45,1,12642.19
3655,22,1,4989.42
3656,97,1,6108.46
3656,34,3,11319.35
3656,65,2,11474.63
3657,44,2,13257.24
3657,95,3,2810.72
3657,100,2,2085.87
3657,15,2,8645.48
3658,49,1,5851.86
3659,3,1,8729.07
3659,86,2,5634.75
3659,63,1,8571.54
3659,52,2,11201.24
3659,49,2,13369.99
3660,35,3,4700.54
3660,39,2,11325.69
3660,80,2,11603.42
3661,64,3,772.34
3661,69,1,10649.68
3661,6,1,5261.89
3661,16,1,6854.7
3662,85,2,14702.01
3662,23,2,7892.79
3662,80,2,1123.51
3662,19,2,1410.14
3662,93,3,10146.62
3663,38,1,13174.41
3664,57,2,10062.25
3665,57,3,653.84
3666,69,1,13574.27
3666,29,2,5719.24
3666,61,1,10239.55
3666,29,3,11349.45
3667,51,2,11189.38
3667,88,1,5036.89
3667,16,2,11859.71
3667,42,1,924.79
3668,56,1,1664.75
3668,59,2,11487.71
3668,15,3,11267.53
3668,1,1,13537.27
3669,71,2,3095.78
3669,37,2,5757.55
3669,56,1,8177.37
3669,55,2,7492.17
3670,56,2,7577.51
3671,78,3,2810.17
3672,71,1,4841.2
3672,16,2,3476.87
3673,20,1,5754.51
3673,58,1,11307.17
3673,80,2,8253.67
3673,26,2,14329.17
3673,60,2,11884.61
3674,68,3,8855.38
3675,88,1,5506.74
3675,75,2,12217.94
3676,81,2,9068.01
3676,69,3,924.22
3676,23,3,11726.02
3676,44,2,12065.16
3677,69,1,6516.65
3678,72,3,1055.38
3679,63,3,1058.03
3679,9,2,13187.42
3679,22,3,1185.35
3680,92,1,7136.35
3680,29,2,13942.63
3680,80,2,13332.48
3680,80,1,5111.58
3681,57,2,11422.52
3681,56,3,6493.58
3681,74,2,13201.42
3681,45,3,12964.95
3682,50,1,2424.93
3682,47,1,14721.85
3683,66,2,3226.11
3683,19,1,9473.03
3683,23,2,13159.83
3683,47,1,12173.55
3684,50,3,4389.36
3685,57,3,12110.97
3685,60,1,12424.17
3685,84,3,7721.26
3685,13,3,13764.13
3685,82,2,13434.49
3686,7,3,564.75
3687,42,3,4746.66
3687,37,1,12848.93
3687,97,3,3855.86
3687,4,1,4511.47
3688,29,3,12272.97
3689,1,3,8238.39
3689,90,3,7699.24
3689,5,2,4500.84
3689,88,1,7319.5
3690,1,2,4598.47
3690,79,1,9714.06
3690,41,3,8539.54
3690,32,1,4310.67
3690,2,1,7584.31
3691,74,1,2817.18
3691,59,2,4311.84
3691,15,1,563.55
3691,99,1,5149.3
3691,81,1,13508.03
3692,80,3,13950.35
3693,63,2,4832.34
3693,27,3,7865.17
3693,1,3,4599.87
3694,40,1,6050.73
3694,66,1,7769.92
3694,1,2,2875.05
3694,41,1,3164.87
3695,89,1,14449.81
3695,47,1,5134.24
3695,48,1,2197.46
3696,21,2,7287.67
3696,12,2,8516.44
3696,61,3,11531.15
3697,2,3,5740.93
3697,27,3,11319.52
3697,16,3,9708.99
3698,66,1,5703.42
3699,38,1,2344.05
3700,64,2,9663.28
3701,36,3,14672.53
3702,43,2,8916.92
3703,28,1,7355.92
3703,90,3,2608.29
3704,72,3,13452.7
3704,75,2,6997.07
3704,66,2,12641.79
3704,26,1,8726.59
3705,87,2,3083.43
3705,27,3,1202.34
3706,47,2,3381.08
3707,57,1,2656.32
3708,27,2,3475.16
3709,79,1,2485.1
3709,41,3,14832.74
3709,9,3,3716.51
3710,50,3,4663.89
3710,25,2,4813.47
3710,55,2,10330.84
3710,25,1,10037.92
3711,89,3,14636.79
3711,36,2,14308.72
3711,71,1,5838.32
3712,75,2,14887.38
3712,38,2,10667.99
3712,84,1,8244.59
3712,80,3,8894.6
3712,53,1,3977.88
3713,17,1,613.6
3714,27,1,12287.58
3714,89,3,8114.73
3715,14,3,8764.96
3715,1,1,5203.74
3716,93,3,10054.96
3716,64,1,4248.33
3716,4,2,4054.8
3716,70,2,13968.72
3716,55,3,4896.58
3717,64,3,2716.06
3718,95,1,7229.58
3719,94,3,9286.64
3719,55,1,6493.23
3719,4,2,3474.8
3719,63,1,8183.78
3720,100,3,14653.47
3720,19,1,3253.66
3720,6,3,7175.71
3720,12,3,12058.56
3720,75,3,2961.02
3721,64,1,9648.12
3721,60,2,1939.5
3721,89,2,2509.83
3721,1,3,7851.62
3722,25,2,7175.72
3722,88,1,7829.55
3722,84,1,13250.71
3722,70,3,6114.5
3723,49,2,12876.03
3724,88,3,1417.79
3724,21,2,9025.91
3724,40,3,13051.02
3724,48,1,8392.33
3724,35,2,5176.62
3725,55,3,11755.51
3726,77,1,2773.35
3726,37,1,10154.48
3726,79,2,14904.36
3726,57,1,3645.68
3727,72,1,8202.0
3728,72,3,563.58
3728,70,2,13332.95
3728,34,2,13670.77
3729,71,3,1145.63
3729,35,3,4076.91
3729,33,2,13551.03
3729,41,3,5968.63
3730,95,3,2464.71
3730,8,1,1949.4
3730,9,3,14939.46
3730,89,1,6624.18
3731,96,3,6517.82
3731,8,2,13867.55
3731,78,3,7409.76
3731,88,2,3727.27
3732,68,2,11009.59
3733,90,1,6954.41
3734,83,2,10737.56
3734,31,2,2050.27
3735,95,3,8148.79
3735,3,2,14897.83
3735,11,2,11904.53
3735,41,2,8337.43
3736,31,3,11142.97
3737,92,1,4613.73
3737,22,1,12690.61
3738,50,1,4416.46
3738,77,3,4495.38
3738,93,2,4070.65
3739,64,3,2806.22
3740,93,1,5601.93
3740,79,2,6423.29
3741,5,3,4979.16
3741,2,2,8052.38
3742,33,1,11577.62
3742,43,2,7010.8
3742,53,2,2514.26
3742,77,3,10620.58
3743,85,2,12716.24
3743,44,3,2315.62
3743,44,3,12883.53
3743,20,2,5344.46
3743,55,2,7089.05
3744,23,3,9302.97
3744,60,1,2461.43
3744,92,2,7346.6
3744,35,1,6785.09
3744,4,1,5059.29
3745,14,1,7993.08
3745,57,3,13900.26
3745,30,3,6403.74
3746,68,1,14840.82
3746,79,1,12150.53
3746,69,3,11384.05
3746,68,2,2498.49
3746,46,3,13277.0
3747,84,3,11224.79
3747,24,3,6478.06
3747,56,1,1375.74
3747,47,2,5907.42
3748,83,3,1251.18
3748,40,1,7613.88
3748,11,3,4928.39
3749,21,2,2612.05
3749,30,3,5801.67
3749,83,2,956.09
3749,94,1,2655.37
3749,55,2,12995.73
3750,82,1,8989.33
3750,56,1,4628.77
3750,5,3,13652.58
3750,11,1,1180.87
3751,56,2,5656.46
3752,42,2,5427.37
3752,40,3,4104.96
3752,7,1,7381.27
3752,67,2,12886.07
3752,17,3,11160.3
3753,94,2,13001.84
3753,84,3,2765.93
3753,1,3,5064.47
3753,92,1,5428.18
3754,74,3,14042.07
3754,59,3,13994.43
3754,26,1,7736.59
3754,26,1,2080.6
3754,51,2,12403.91
3755,73,1,1164.81
3755,58,1,9594.37
3755,87,3,6358.24
3755,9,1,12299.59
3756,28,3,13736.42
3757,82,1,5685.19
3758,53,2,3054.08
3759,54,2,4055.39
3759,74,3,4945.78
3759,86,2,5407.26
3759,56,3,10444.32
3760,8,2,14610.75
3760,37,2,13387.08
3760,87,2,1653.21
3761,2,1,7871.01
3761,90,3,13219.64
3761,25,3,12658.05
3761,71,3,10957.08
3762,46,3,9770.07
3762,72,2,13884.06
3762,73,3,3215.78
3763,93,1,10260.03
3763,42,1,14452.78
3763,68,3,11875.91
3764,98,1,1221.14
3764,13,2,13892.66
3765,94,1,796.82
3765,85,1,9594.09
3765,18,3,14413.49
3766,91,2,4776.23
3766,100,2,3795.32
3766,100,3,14641.35
3766,76,3,4981.7
3767,68,2,14256.15
3767,64,3,9831.52
3767,37,3,1279.99
3767,61,2,2377.44
3768,93,2,13745.91
3768,62,1,11912.91
3768,95,3,3560.79
3768,100,2,1990.23
3769,53,2,9603.38
3770,3,1,9148.33
3771,72,2,4727.72
3771,23,3,7864.0
3771,75,3,4090.64
3771,49,3,4265.26
3772,17,3,2336.39
3773,65,2,14425.9
3773,61,1,14528.91
3773,99,1,4620.69
3774,10,1,5464.62
3774,47,2,8674.43
3774,73,1,5744.08
3774,68,3,4285.11
3774,34,3,14825.53
3775,45,1,9934.52
3775,99,1,4658.91
3775,34,2,1310.17
3775,60,3,888.98
3776,54,3,3638.6
3777,76,2,9350.09
3777,38,1,5178.83
3778,70,3,11859.57
3778,35,2,9480.97
3778,96,2,3534.43
3778,89,3,12574.83
3779,67,1,1563.2
3779,13,1,3146.08
3780,82,1,1872.59
3780,85,3,1641.56
3780,33,2,11638.43
3781,65,3,3652.44
3781,60,3,14588.02
3781,7,2,1344.47
3781,4,2,864.5
3781,48,3,10962.23
3782,17,2,10196.6
3782,24,2,6367.63
3782,33,3,10023.19
3782,98,1,2385.03
3783,58,1,548.09
3783,99,2,9292.34
3783,7,2,11211.31
3784,62,3,9511.92
3785,57,3,13906.84
3785,64,2,10121.62
3786,90,3,3266.76
3786,76,3,6802.54
3787,50,3,12180.31
3787,67,2,5748.26
3788,14,3,12194.23
3788,70,3,3755.7
3788,65,2,7059.42
3789,20,3,2900.89
3789,19,3,9268.07
3789,13,2,12147.45
3789,46,1,5077.35
3789,93,3,5048.03
3790,37,2,12857.81
3790,70,3,14911.53
3790,13,2,9820.32
3790,95,1,3299.47
3791,10,3,6966.58
3791,100,1,1532.88
3792,83,2,12350.6
3792,43,2,13257.95
3793,55,3,1874.14
3793,60,2,5731.24
3793,7,1,2132.11
3793,3,1,11895.49
3793,22,2,8160.99
3794,85,3,11681.12
3794,46,3,10219.72
3794,97,2,1317.82
3795,45,1,9729.24
3796,30,3,13513.39
3796,7,3,11890.84
3796,25,1,9403.96
3797,43,1,13363.28
3798,77,1,2973.77
3798,72,2,9688.61
3798,88,1,10779.3
3798,64,2,10295.09
3799,100,1,3095.3
3799,66,3,9359.81
3799,41,1,1788.3
3799,96,2,2871.02
3800,98,1,8316.36
3800,18,3,881.17
3800,42,2,9237.58
3801,40,3,4846.9
3802,35,1,9108.87
3802,73,2,10066.51
3802,41,3,8832.99
3802,98,3,6073.28
3802,82,2,10202.41
3803,36,1,14504.89
3803,92,1,11620.28
3803,58,3,1579.71
3803,46,2,12878.98
3803,30,3,9724.41
3804,43,1,9882.32
3804,8,2,10271.64
3804,70,1,5568.83
3804,83,1,11959.46
3804,25,1,9968.94
3805,58,1,14959.65
3805,62,2,8896.26
3805,36,2,12515.74
3805,48,2,6729.7
3806,80,2,12187.29
3807,88,2,12044.91
3807,12,3,5326.96
3807,92,2,3901.56
3807,1,1,514.63
3808,51,3,5894.57
3808,59,2,10568.59
3809,48,2,12740.28
3809,99,2,5759.93
3809,59,1,11014.2
3809,76,3,7410.81
3810,11,1,5394.65
3810,56,3,5204.18
3810,3,3,2702.42
3811,7,3,11859.61
3811,55,3,3194.38
3812,90,2,9728.78
3812,54,1,12646.58
3812,43,1,12821.58
3813,29,1,5168.68
3813,100,2,2891.27
3813,77,1,14288.62
3813,91,3,1519.38
3814,20,3,3434.7
3814,74,3,5978.56
3814,46,1,7445.54
3814,7,2,6272.15
3815,78,1,3693.68
3815,59,1,5309.08
3815,8,2,2217.0
3815,59,3,12677.87
3816,57,3,6745.75
3816,26,1,9119.12
3816,37,2,6925.88
3816,73,3,6115.02
3817,71,2,4431.6
3818,9,1,2668.83
3818,66,1,766.78
3818,86,2,8345.31
3818,40,3,7301.82
3819,70,3,13641.68
3819,20,2,11776.42
3819,59,2,9514.96
3819,68,3,6179.77
3819,88,2,14945.37
3820,33,3,3217.24
3820,90,1,677.05
3820,100,1,8763.27
3820,57,1,13541.04
3821,63,2,9060.94
3821,46,1,2177.08
3821,25,1,6077.34
3822,94,3,1773.81
3822,42,2,6968.13
3823,9,2,757.57
3823,21,3,3146.41
3823,38,2,4974.49
3823,78,3,12532.92
3823,16,3,3979.65
3824,54,2,1311.08
3825,86,3,2931.22
3825,28,3,2034.58
3825,73,2,9760.94
3826,69,1,12046.45
3826,16,3,12530.34
3826,9,2,2040.02
3826,94,1,10782.86
3827,75,1,881.83
3827,57,3,1198.3
3827,56,3,4926.5
3827,77,2,1369.76
3828,88,3,1441.2
3828,13,3,11528.48
3828,79,2,13662.88
3829,72,3,13356.18
3829,91,3,14666.93
3829,80,3,2827.75
3829,69,3,1288.03
3830,65,2,14379.61
3830,7,3,6629.82
3830,67,1,13441.82
3830,38,2,12971.96
3830,55,3,6686.29
3831,13,1,7415.16
3831,60,3,2705.63
3831,78,2,2866.29
3831,1,2,13384.35
3832,7,3,14551.53
3832,44,3,8023.74
3832,45,3,2726.87
3832,87,1,4196.71
3833,63,3,10420.39
3833,90,2,10674.14
3833,23,2,14977.75
3833,5,1,1351.44
3834,47,1,11323.01
3835,53,1,6986.19
3835,76,3,9328.49
3835,23,1,10450.76
3835,79,2,9688.18
3835,60,2,4327.54
3836,79,2,9052.04
3837,65,1,3126.67
3837,47,1,9186.71
3837,5,1,645.32
3838,30,1,4304.18
3838,80,1,14758.0
3838,57,2,10611.7
3838,61,1,8206.8
3839,40,3,2898.66
3839,65,1,3904.43
3839,85,3,5725.95
3839,48,2,3378.35
3839,36,2,8304.02
3840,12,1,8077.52
3840,1,1,2250.37
3841,62,2,9229.3
3841,100,1,10246.91
3841,48,1,3555.46
3842,98,2,14748.73
3842,32,1,13632.1
3842,27,2,5743.43
3842,65,1,9342.01
3842,32,1,7211.26
3843,41,1,10380.71
3843,92,1,2634.51
3844,33,3,2598.8
3844,95,1,8749.6
3845,74,2,5225.49
3845,56,1,8499.76
3845,63,1,13353.96
3845,48,1,678.58
3846,89,2,11683.81
3846,93,3,1142.34
3846,40,3,2975.02
3847,6,2,12939.83
3847,70,1,8031.18
3847,24,2,11152.73
3848,57,3,3105.65
3848,25,3,11362.74
3848,3,2,13211.42
3848,21,3,9777.02
3848,65,2,10997.25
3849,3,3,1377.07
3849,46,3,2428.19
3849,87,1,6561.94
3849,97,1,14087.66
3850,53,2,5912.5
3851,9,1,5866.34
3852,82,2,11335.34
3852,100,1,12615.4
3853,37,2,7413.59
3854,97,2,12842.17
3854,70,3,10600.62
3854,54,1,11173.6
3855,31,2,14820.2
3856,69,2,614.57
3856,4,3,14580.83
3856,43,1,7835.22
3856,70,3,8485.97
3856,10,1,10714.59
3857,85,3,6160.02
3857,43,2,10475.03
3858,25,3,7557.45
3858,98,2,4412.52
3858,37,2,2149.7
3859,50,1,14120.3
3859,20,1,8353.96
3859,85,1,11881.43
3860,33,3,4398.0
3860,17,3,8703.77
3860,94,2,2269.35
3860,67,1,6989.74
3861,87,2,1143.29
3861,94,2,8769.37
3861,84,1,9275.58
3861,34,2,1576.46
3861,50,3,12809.21
3862,67,3,2703.46
3862,19,1,6026.44
3863,67,3,5976.83
3863,40,3,3190.35
3863,65,2,10665.93
3863,14,1,4059.26
3863,84,1,9692.67
3864,49,3,5329.3
3864,84,2,13737.28
3864,41,3,1001.15
3865,50,3,4851.2
3865,18,1,5127.01
3865,71,3,8421.33
3865,75,3,12007.16
3865,1,3,14510.04
3866,66,3,14071.73
3866,98,1,8116.63
3866,12,1,7175.65
3866,37,3,11296.01
3866,27,3,6303.68
3867,100,2,7914.41
3867,65,3,5338.56
3868,85,3,4649.96
3868,99,2,3536.59
3868,63,1,11803.79
3868,26,1,6757.24
3868,92,3,7668.09
3869,54,1,13027.87
3869,29,1,10869.0
3869,10,3,13872.41
3869,8,2,3877.56
3870,90,1,1176.53
3870,76,2,8764.92
3870,63,2,14399.03
3871,66,3,11913.0
3871,23,1,8552.2
3871,72,1,1452.75
3871,68,3,7351.6
3872,22,3,1826.69
3872,89,1,2019.56
3872,21,2,5673.67
3872,89,2,4982.96
3873,28,1,2401.61
3874,14,1,1546.41
3874,68,1,6992.67
3875,40,1,10697.13
3876,64,2,8125.3
3876,71,1,13156.86
3877,41,3,12272.69
3877,4,2,3670.35
3877,34,1,6025.3
3877,17,2,2928.24
3877,51,1,8521.9
3878,14,1,8834.53
3878,29,1,14045.7
3878,3,1,7165.41
3878,85,1,11487.19
3878,9,1,6255.88
3879,20,1,8376.67
3879,3,1,3622.27
3880,5,1,933.54
3880,73,3,13366.43
3880,12,3,5020.17
3880,10,2,6128.42
3881,11,3,3925.2
3881,52,1,14067.23
3881,64,1,13470.01
3881,21,1,9675.14
3882,47,1,10593.57
3882,74,3,604.41
3882,95,1,10503.46
3883,30,1,14428.57
3883,47,1,2124.51
3883,52,3,3218.66
3884,42,1,1017.18
3884,74,2,5979.06
3885,63,1,1014.69
3886,86,1,12246.97
3886,44,1,3500.63
3886,85,1,925.11
3887,57,1,1299.1
3887,76,1,4754.54
3887,1,2,4986.29
3887,82,1,5400.53
3888,54,2,3963.46
3888,73,1,3723.3
3888,50,1,10083.56
3888,67,2,7467.47
3889,29,3,1967.1
3889,41,3,781.78
3890,4,3,4827.44
3891,19,3,5969.31
3891,47,1,1841.58
3891,40,2,8032.97
3891,83,1,4385.86
3892,1,1,3764.66
3892,33,3,13608.32
3892,48,2,7907.63
3893,50,3,4669.83
3893,21,1,1916.37
3893,14,3,13765.43
3894,18,1,2953.14
3895,49,2,2024.83
3896,71,3,601.0
3896,96,1,12724.58
3896,15,2,11601.74
3896,5,2,14551.02
3896,16,3,8886.36
3897,50,2,7360.83
3897,46,1,4568.17
3898,51,3,2812.6
3899,87,3,13658.42
3899,81,2,14878.26
3900,87,2,5513.76
3900,69,3,13120.72
3900,72,3,7736.04
3900,22,1,2561.65
3900,1,2,12757.09
3901,63,1,13401.61
3901,30,2,11853.42
3901,44,1,4622.43
3901,49,2,1781.62
3901,38,1,10977.44
3902,15,3,13649.75
3902,57,2,5388.18
3902,9,2,5768.26
3902,48,2,722.22
3903,7,1,2604.64
3903,80,1,14710.91
3903,93,3,5576.33
3903,61,1,14621.29
3903,55,2,2460.85
3904,89,1,9105.79
3904,27,2,9623.22
3904,5,3,859.67
3904,67,1,4285.53
3905,83,3,2188.2
3906,86,2,6908.32
3906,20,1,6565.97
3906,57,2,2129.01
3906,8,2,684.93
3907,47,1,5366.58
3907,26,3,10047.08
3908,33,3,1852.94
3908,54,1,14912.35
3909,4,3,5523.21
3909,9,2,5864.66
3909,87,1,1895.11
3909,32,2,9403.86
3909,45,3,4388.35
3910,71,1,6961.36
3910,79,1,3563.66
3911,96,2,9467.34
3911,14,1,11532.19
3911,98,3,2872.7
3911,75,2,9949.99
3911,46,2,14307.24
3912,8,2,4630.93
3912,36,3,6427.5
3913,49,2,7221.28
3913,46,2,2958.81
3913,7,3,4291.51
3913,46,1,11297.84
3914,84,2,4093.29
3915,75,3,2751.02
3915,60,1,13269.14
3915,75,1,7962.3
3915,16,1,2591.69
3915,45,3,5356.73
3916,33,1,8166.33
3917,42,3,5336.66
3917,2,1,3192.04
3918,98,2,5391.54
3918,73,1,8282.48
3918,16,3,11979.01
3918,68,1,11794.81
3918,24,3,12915.62
3919,99,1,12827.91
3919,44,1,719.14
3919,56,2,3680.05
3919,2,3,10225.79
3919,29,1,3791.46
3920,38,1,2016.75
3920,56,3,7383.97
3920,52,3,2563.65
3920,89,1,8934.29
3920,83,1,11149.59
3921,2,2,13276.69
3921,75,2,1007.56
3921,46,2,4751.94
3922,45,3,4521.52
3922,56,3,14183.65
3922,15,2,4084.89
3923,56,2,3505.27
3923,83,2,4062.41
3923,99,3,13923.4
3923,41,3,12114.29
3924,64,2,9320.11
3924,77,2,9561.51
3924,73,2,3110.82
3924,53,1,2878.94
3925,28,1,14467.7
3925,30,2,11462.67
3925,25,3,12994.98
3925,79,1,8779.14
3926,42,2,6379.75
3927,88,1,13896.84
3927,34,1,10435.81
3927,40,1,805.33
3928,51,3,9952.22
3928,30,1,14265.21
3928,100,3,6937.39
3928,89,3,1744.82
3929,5,2,12250.07
3929,81,1,8953.69
3929,61,1,2822.07
3929,35,1,13052.62
3930,96,1,6900.83
3930,94,3,3617.8
3930,32,3,1156.26
3930,28,1,8120.21
3931,25,2,1588.53
3931,45,3,7482.42
3931,16,2,11369.37
3932,53,1,1448.0
3932,95,2,7188.36
3933,4,2,3472.1
3933,60,3,7481.4
3934,94,2,5024.52
3934,36,2,14010.23
3935,40,2,13589.34
3935,25,1,9952.65
3935,100,2,7921.91
3935,42,3,3053.79
3936,30,2,9737.78
3936,3,1,8408.84
3936,83,3,13376.16
3936,35,1,8457.87
3937,16,2,8431.61
3938,61,3,11169.1
3938,14,2,5916.07
3938,56,1,8026.69
3939,87,2,13507.43
3940,88,3,1047.33
3940,86,1,4578.87
3940,52,3,3176.46
3940,68,1,6767.34
3940,60,1,4303.39
3941,5,3,7133.92
3941,98,2,12600.23
3941,11,2,8677.63
3941,89,1,7986.05
3942,58,1,11565.15
3942,76,3,3420.63
3943,40,2,597.95
3944,1,3,8107.53
3944,95,1,4519.17
3945,84,1,6326.69
3946,53,2,8919.15
3946,93,2,3365.03
3946,89,2,8547.25
3946,13,1,13227.95
3947,84,1,13376.75
3947,21,3,7567.04
3947,90,3,1997.34
3947,10,2,5507.65
3948,85,3,3188.35
3948,89,3,8256.47
3949,23,1,3401.41
3950,9,2,1244.62
3950,31,1,7803.04
3950,10,3,7366.63
3950,67,2,6353.13
3951,66,2,4991.68
3951,2,2,2818.03
3952,68,3,1528.85
3952,44,3,939.09
3952,76,1,6553.01
3953,10,1,8200.74
3953,86,1,6941.33
3953,82,1,9225.19
3953,70,2,13632.76
3953,73,1,14155.63
3954,100,3,13445.03
3955,58,3,14347.42
3955,13,2,6672.63
3956,32,3,5092.18
3956,100,2,9055.88
3956,94,1,4023.09
3957,6,2,2927.2
3957,39,3,6507.7
3958,44,2,12096.67
3959,30,1,12355.18
3959,50,2,8511.84
3960,87,3,4551.86
3961,5,1,4515.78
3961,10,1,8639.72
3961,1,2,4775.38
3961,14,1,1038.65
3962,26,2,2358.33
3962,71,2,4959.77
3962,43,2,3194.38
3962,58,3,9874.83
3962,72,2,10688.22
3963,29,1,12067.55
3963,59,2,867.34
3963,54,1,9362.7
3963,84,3,5311.46
3964,91,1,6410.77
3965,75,1,6686.33
3965,99,2,4730.77
3965,90,2,9108.12
3965,33,3,3679.91
3965,54,2,14006.6
3966,87,1,7396.6
3966,48,2,11825.32
3967,35,2,3710.71
3967,62,2,7484.07
3967,64,3,5751.78
3967,18,3,9336.07
3967,44,3,3888.84
3968,69,3,13967.92
3969,90,1,6877.27
3969,40,3,13204.56
3969,22,1,11499.46
3969,49,1,4589.69
3969,35,2,5203.72
3970,45,2,7699.71
3970,8,1,2247.86
3971,67,1,9458.81
3971,76,3,8425.08
3971,10,2,11505.85
3971,93,1,14456.75
3972,93,2,3520.68
3972,21,3,4730.41
3972,29,3,14896.14
3972,93,1,4908.29
3973,33,1,9564.47
3973,56,3,13433.05
3973,71,1,7931.36
3973,49,2,5125.81
3974,2,3,6491.45
3975,79,3,7206.51
3976,64,3,11321.23
3977,80,1,10337.05
3977,31,1,9525.99
3978,22,3,7328.75
3979,76,2,3133.36
3979,6,1,13366.59
3979,52,2,7000.49
3980,41,2,4868.57
3980,49,1,9701.73
3980,72,1,14601.88
3981,86,3,11439.91
3981,44,2,1360.12
3981,44,2,7443.25
3981,67,3,9570.51
3982,15,1,8797.54
3982,1,1,11322.34
3982,49,1,6416.29
3983,85,2,3308.34
3984,57,2,6385.19
3985,38,2,10557.48
3985,49,3,7213.83
3986,12,3,1727.02
3986,28,1,11507.63
3986,50,3,14639.17
3986,43,2,5319.8
3986,47,2,6201.38
3987,50,3,3262.8
3988,54,1,5904.47
3988,31,3,8424.98
3989,78,3,9037.9
3989,56,3,6303.71
3989,93,1,8427.66
3990,66,2,11488.08
3991,72,1,4682.49
3991,38,3,784.94
3991,54,1,14096.32
3991,68,2,4271.47
3991,14,1,12128.94
3992,16,3,13257.61
3992,58,3,1319.59
3992,22,1,9996.84
3992,78,1,13248.02
3993,83,3,4722.69
3993,28,1,10454.36
3993,11,1,4482.83
3993,92,2,5290.2
3993,57,3,9357.04
3994,6,2,3190.31
3995,50,3,7534.15
3995,32,1,6033.06
3995,27,2,5552.64
3995,68,1,6909.88
3996,83,3,5869.2
3997,37,1,3924.08
3998,59,2,14338.72
3998,63,3,5738.43
3998,75,3,10551.4
3998,26,3,2364.99
3999,35,3,6053.94
3999,28,2,1653.69
4000,61,2,5262.32
4000,58,3,14736.18
4000,17,1,12643.54
4000,40,2,4327.6
4001,21,3,10720.52
4002,39,1,8617.36
4002,95,3,2504.58
4002,76,2,6353.39
4003,16,1,10288.82
4003,50,2,4408.27
4003,70,3,6683.29
4004,78,3,6167.3
4004,2,3,11607.15
4004,67,2,3863.2
4004,11,2,2271.93
4004,89,1,5191.51
4005,96,3,13537.81
4006,79,1,10461.48
4006,38,2,7263.74
4006,24,2,1272.79
4007,47,2,4454.07
4007,93,1,7466.13
4008,9,1,9222.76
4008,33,2,12494.61
4008,21,3,7391.18
4008,8,2,5105.28
4009,79,1,9358.79
4010,49,1,3968.89
4010,70,1,14732.94
4010,4,1,5055.12
4011,77,3,10493.94
4011,87,1,8617.52
4011,83,2,8256.64
4011,62,2,506.15
4011,93,2,5694.31
4012,25,3,9983.7
4013,28,3,9604.88
4013,42,2,14541.94
4013,58,3,13989.77
4013,62,3,11687.71
4013,99,3,12243.7
4014,12,2,11776.75
4014,9,3,6347.2
4015,53,3,6874.8
4015,98,3,6461.85
4015,52,1,12035.2
4015,98,3,6188.76
4016,16,1,650.08
4016,26,1,11291.23
4016,53,1,4894.17
4016,79,3,6610.0
4016,4,3,4166.54
4017,47,2,8721.81
4017,58,1,11777.12
4017,29,2,4805.68
4017,32,2,14504.22
4018,37,1,2413.36
4018,84,2,6014.21
4018,7,3,9956.17
4019,90,1,13028.53
4020,32,2,13809.37
4020,21,3,632.7
4020,4,3,9043.71
4020,3,2,4068.38
4020,50,2,875.31
4021,52,3,6681.59
4021,54,3,1071.72
4021,11,3,2956.41
4022,25,1,11891.7
4022,41,1,12189.13
4023,35,1,13953.85
4024,42,3,10497.91
4024,89,1,7201.46
4024,67,2,14652.87
4024,12,3,12256.51
4025,58,3,14345.32
4025,74,3,12825.3
4025,31,1,3965.83
4025,43,2,14110.38
4026,40,1,788.89
4026,71,2,4219.22
4026,42,2,6209.2
4026,49,1,6505.45
4026,92,3,14197.36
4027,92,2,1269.22
4027,54,2,1447.27
4027,28,1,8252.2
4027,9,3,9933.75
4027,63,1,10191.31
4028,48,1,3573.28
4028,82,2,5857.1
4028,47,2,6727.58
4028,9,1,12364.0
4029,29,3,4566.47
4030,59,3,3016.1
4030,34,2,10285.56
4030,10,3,14179.98
4030,97,3,9455.96
4031,78,1,13442.88
4031,87,1,12496.64
4031,28,2,13209.06
4031,82,2,12470.5
4031,44,3,10868.69
4032,17,3,10191.09
4032,55,3,9874.53
4032,64,3,14851.24
4032,11,1,11841.48
4033,37,3,7091.99
4033,43,1,4050.52
4033,98,2,11731.97
4033,60,3,4461.53
4033,12,3,13106.93
4034,3,2,10632.64
4034,69,1,10213.21
4034,7,2,10238.49
4035,99,2,6556.18
4035,45,1,2401.53
4035,52,3,834.71
4036,14,1,9551.42
4036,93,2,11683.85
4036,59,1,9768.07
4036,20,2,3956.82
4037,30,1,5076.11
4038,49,2,3804.56
4038,98,3,11847.29
4038,35,1,8432.22
4039,33,3,744.54
4039,75,1,11804.59
4039,94,1,2058.26
4040,7,2,8622.91
4040,32,1,13267.48
4040,44,3,3239.76
4041,5,1,11505.59
4042,24,3,9529.95
4042,50,1,864.07
4043,88,2,11650.1
4043,48,3,5519.78
4043,93,2,12374.87
4044,39,3,7718.47
4044,50,2,11131.91
4044,57,3,10525.92
4044,30,3,4022.75
4044,75,2,3509.05
4045,75,3,5591.0
4046,65,3,5625.6
4046,57,3,6878.42
4046,24,3,14133.48
4046,2,3,12773.99
4046,44,2,3111.6
4047,32,3,6962.62
4047,26,1,10390.72
4047,10,3,9236.4
4047,56,2,9651.86
4047,76,3,8078.13
4048,97,3,10531.48
4048,3,2,11428.43
4048,44,2,2781.79
4048,41,3,11323.34
4049,1,1,13726.91
4049,58,1,14119.76
4049,82,3,6985.16
4049,67,2,12426.76
4050,75,3,13124.93
4051,5,2,5450.32
4051,85,1,1161.86
4052,75,1,13356.7
4052,37,1,8924.7
4052,81,2,12475.3
4052,69,2,7460.15
4053,25,3,2932.33
4053,20,2,9622.25
4053,33,2,688.95
4053,62,1,9714.04
4054,62,1,13679.42
4054,84,3,11360.5
4054,1,1,1479.73
4054,8,1,11481.06
4054,63,1,9351.15
4055,95,2,9466.58
4056,17,2,1697.04
4056,82,2,6519.08
4056,54,2,7509.53
4057,63,3,8810.53
4058,24,2,5453.95
4058,47,1,14835.39
4058,91,1,8383.77
4059,88,1,665.83
4060,10,3,6100.72
4061,29,1,1813.4
4061,21,3,14056.0
4061,8,2,4780.49
4061,95,2,13206.06
4061,92,3,4382.99
4062,71,2,850.91
4063,19,3,12931.24
4063,31,1,6268.41
4063,18,1,2395.2
4064,49,3,4155.94
4064,36,2,2177.38
4064,49,1,11965.55
4065,56,2,14411.17
4066,63,2,8161.27
4066,80,1,1549.8
4067,70,1,1070.65
4068,21,3,868.66
4068,85,2,7328.4
4068,69,3,1174.07
4068,14,3,1877.95
4069,95,2,11627.24
4070,60,3,13113.48
4070,55,3,5300.11
4070,81,2,7090.87
4071,58,3,808.68
4071,29,3,3761.32
4071,81,2,13124.92
4072,82,3,11380.17
4072,36,2,14009.16
4072,11,1,12365.93
4073,92,3,8967.64
4073,81,1,11263.13
4073,62,3,4594.14
4073,92,2,5060.08
4073,28,1,8301.68
4074,41,1,3307.15
4074,28,1,4324.2
4074,70,1,877.59
4075,5,1,840.1
4075,51,2,5567.95
4075,34,2,5534.65
4075,91,3,6795.41
4076,92,1,14252.93
4076,27,3,2522.77
4076,11,1,7331.03
4077,82,1,1264.12
4077,45,3,2875.88
4078,23,2,14371.53
4078,88,1,13050.84
4078,70,1,11850.16
4078,96,2,8524.15
4079,69,3,7975.08
4080,89,1,2056.06
4080,99,2,7780.7
4080,39,2,10680.27
4080,30,1,6268.21
4081,88,2,13877.59
4081,17,1,1948.89
4081,57,1,10684.33
4082,14,1,8687.67
4082,13,3,13145.11
4082,54,2,14625.55
4082,48,1,1736.09
4082,20,2,7517.92
4083,15,1,681.18
4083,98,1,14071.93
4083,69,2,8126.7
4083,56,2,6578.17
4084,13,2,7353.56
4084,31,2,13185.57
4084,40,2,8464.21
4085,25,3,7265.9
4085,24,2,2999.72
4085,59,2,13918.06
4086,75,3,9781.15
4086,63,3,7494.59
4086,97,1,10367.46
4086,74,2,1782.34
4086,81,2,993.1
4087,86,3,4112.74
4087,62,3,12516.31
4088,34,3,11005.22
4089,46,3,9873.98
4089,8,3,6878.48
4089,83,1,5591.63
4089,99,1,9504.28
4089,49,3,10177.72
4090,19,1,1340.34
4090,40,2,13707.86
4091,44,3,9069.66
4091,10,3,1826.24
4092,91,2,10457.12
4092,81,1,3836.51
4092,100,3,11716.66
4092,12,2,2322.72
4092,97,3,12336.63
4093,56,1,8439.36
4094,12,2,10934.77
4094,94,2,6265.28
4094,85,1,887.33
4094,74,3,1340.78
4094,11,3,8068.64
4095,26,2,12327.28
4095,27,2,4120.34
4095,56,3,1387.93
4096,64,2,9425.35
4096,97,1,4623.43
4096,19,2,13580.58
4096,34,1,10705.56
4096,60,2,2591.56
4097,63,3,4708.34
4097,3,3,6402.6
4097,64,2,2392.0
4097,82,1,2530.86
4097,68,1,11075.83
4098,62,1,9258.51
4098,82,1,8963.67
4098,43,1,6599.06
4098,22,3,10788.58
4098,6,3,5026.45
4099,68,1,5975.59
4099,57,2,13633.8
4099,29,1,12992.49
4100,44,3,1894.57
4100,86,3,13717.27
4101,52,1,4356.31
4101,33,1,9531.71
4101,96,2,4287.91
4101,60,2,5445.6
4102,99,1,4898.59
4102,79,2,7982.64
4103,98,1,6477.24
4103,23,1,7411.63
4103,10,2,2012.53
4104,89,3,2581.95
4104,71,2,5251.71
4104,83,2,922.9
4105,1,3,833.63
4105,57,2,10402.78
4105,91,3,14347.46
4106,54,2,5029.85
4106,59,3,4822.7
4106,29,3,10164.11
4106,16,1,7113.99
4107,64,3,11708.86
4108,45,3,4649.18
4108,23,3,13800.99
4109,33,2,2338.57
4109,97,3,8282.89
4110,2,3,3240.48
4110,47,1,4983.64
4110,63,2,10652.42
4110,46,2,6407.07
4111,13,1,9848.58
4111,75,3,2083.6
4111,84,1,4747.07
4112,29,3,9792.75
4112,88,1,9625.65
4112,74,3,12380.7
4112,31,2,8036.77
4113,72,3,618.82
4113,13,1,7150.94
4113,10,1,13356.32
4114,90,1,13760.65
4114,50,3,7777.58
4114,44,1,12499.96
4114,78,1,12579.44
4115,88,2,4585.87
4116,73,2,703.13
4116,68,1,10026.77
4116,4,3,9128.97
4116,21,1,8709.54
4117,52,2,12507.7
4118,80,2,5224.0
4118,96,2,977.58
4118,89,3,4054.02
4118,54,2,5168.31
4118,54,3,5125.29
4119,17,3,706.7
4119,22,1,8476.98
4119,50,2,6586.83
4119,53,1,14819.44
4120,2,2,8904.41
4120,4,3,13098.01
4120,68,3,7916.13
4120,1,3,4087.72
4120,1,2,13952.26
4121,69,1,8419.24
4121,51,3,11174.37
4121,81,1,11896.66
4121,84,3,2741.47
4122,2,2,1522.55
4122,70,1,13544.69
4123,74,3,2965.8
4123,22,1,13159.94
4123,76,2,5987.69
4123,83,2,2926.36
4124,35,1,5551.76
4124,90,1,14645.32
4124,72,1,6957.44
4125,59,3,2444.32
4125,85,1,12561.4
4126,40,1,10101.96
4126,53,1,5315.92
4126,99,1,4942.1
4126,22,3,13289.37
4126,26,3,8948.08
4127,63,3,9997.63
4127,79,2,5591.64
4127,12,1,9335.94
4127,99,3,3830.66
4127,31,2,5767.02
4128,65,2,7105.32
4128,20,3,9917.15
4128,34,2,9994.52
4128,83,3,12332.6
4128,13,2,1683.85
4129,4,2,5157.1
4129,72,2,5802.34
4129,3,3,9725.56
4129,76,2,1751.24
4129,93,3,9221.05
4130,87,3,4816.01
4131,60,3,5252.32
4131,85,1,9955.2
4131,24,2,9139.08
4131,66,3,10392.32
4132,36,2,12836.74
4133,11,1,8655.15
4133,79,1,7361.49
4133,21,3,4553.66
4133,67,2,8272.49
4133,62,2,9010.12
4134,6,3,13096.87
4135,24,3,13714.08
4135,67,2,5525.62
4135,70,1,14710.74
4135,64,3,3188.29
4136,8,3,9747.15
4137,46,2,12131.41
4138,73,2,4635.76
4139,98,3,10133.59
4139,42,2,5161.9
4140,85,3,2368.29
4140,45,3,11511.09
4141,65,1,10681.94
4141,71,2,6653.04
4141,77,3,692.31
4141,14,2,10571.15
4142,15,1,11815.76
4142,49,1,4461.38
4142,24,2,9499.83
4142,88,2,11878.47
4142,87,1,567.7
4143,15,3,10542.98
4143,51,3,7002.85
4143,18,2,10568.96
4144,7,3,14111.91
4144,61,3,7526.57
4144,21,2,8223.54
4144,63,2,7142.14
4145,7,3,8205.67
4145,43,2,2414.45
4146,78,1,14198.47
4146,13,3,1323.4
4146,92,3,12528.09
4146,32,2,9793.69
4146,40,3,11669.66
4147,65,1,12389.59
4148,6,3,2732.74
4148,25,1,5082.46
4149,62,2,7121.97
4149,28,2,14893.51
4149,100,3,11388.15
4149,65,2,5983.12
4149,58,2,11051.18
4150,18,2,7879.39
4150,72,2,14140.56
4150,70,2,854.82
4151,98,2,4376.91
4151,65,2,8114.58
4151,85,2,4993.26
4151,66,2,2117.72
4152,7,1,3048.41
4153,34,2,9795.58
4153,44,1,3960.7
4153,57,3,7890.87
4154,75,2,9713.8
4154,66,2,4673.5
4155,37,1,10496.79
4156,48,1,5269.64
4156,96,2,3574.12
4156,26,2,1085.39
4157,43,3,2035.61
4157,9,3,2014.5
4157,51,3,2249.08
4157,69,3,6892.68
4157,47,3,9444.19
4158,73,2,2871.21
4158,74,3,14118.5
4158,86,1,4069.19
4159,37,1,9431.98
4159,79,2,12783.61
4160,93,1,1674.22
4160,1,1,10850.51
4160,49,2,10608.48
4160,59,2,14142.09
4161,49,1,12532.42
4161,70,3,14595.33
4162,67,2,9252.41
4162,57,1,14924.17
4162,29,3,6526.58
4162,99,2,7319.77
4162,78,1,14554.66
4163,100,2,6161.32
4163,67,3,8943.39
4163,92,3,6559.72
4164,81,3,1814.88
4164,68,3,7467.46
4164,59,2,4953.35
4164,94,2,8090.83
4165,70,2,3241.25
4166,54,3,5111.97
4166,93,1,13625.22
4166,58,3,11172.8
4166,82,1,12963.34
4166,25,3,1439.4
4167,3,2,5119.05
4167,63,2,1400.69
4167,81,3,11411.25
4167,39,2,9506.98
4168,98,2,6640.16
4168,42,2,8696.55
4168,13,3,2973.26
4168,67,1,3793.65
4168,64,3,4005.69
4169,14,3,10576.39
4169,31,2,8932.06
4170,14,1,11180.37
4170,98,3,14841.26
4170,42,3,10893.64
4171,23,2,10549.03
4171,8,3,3126.31
4172,41,2,1624.63
4172,14,2,14910.34
4172,90,2,4414.87
4173,43,1,13700.81
4173,37,3,2320.62
4174,26,1,7689.32
4174,8,1,3480.25
4174,60,2,9692.25
4174,5,1,8107.62
4175,6,2,541.74
4176,50,1,12541.02
4176,36,1,3510.6
4176,88,2,529.87
4176,84,3,5942.74
4177,32,3,5816.28
4177,36,1,10800.08
4178,76,3,10127.56
4178,64,1,12267.19
4179,20,1,5719.81
4179,93,1,4400.27
4179,82,3,3802.56
4180,13,2,2395.24
4180,26,3,6029.24
4180,65,2,1131.57
4181,69,2,2957.35
4181,7,3,13312.54
4181,19,3,14879.53
4182,37,3,7323.45
4182,22,2,1015.21
4182,41,3,14025.65
4183,6,2,13475.61
4183,15,1,9385.71
4184,35,2,10012.34
4185,18,2,5774.96
4185,82,1,3346.66
4185,7,3,7631.31
4185,97,2,6573.03
4185,86,1,3674.54
4186,46,2,3977.99
4186,48,3,8544.81
4186,68,1,8569.89
4187,79,3,11779.7
4187,39,3,11958.01
4188,72,1,1135.04
4188,45,3,5713.8
4188,92,1,12471.42
4188,26,3,547.82
4188,80,3,14557.06
4189,81,2,514.05
4189,87,2,645.59
4189,33,2,13324.95
4189,48,1,1987.55
4190,2,2,6479.43
4190,51,2,11835.65
4190,67,3,11597.27
4191,83,2,5184.58
4192,76,2,13047.52
4192,96,3,10832.32
4192,21,1,2953.98
4192,24,1,4154.83
4193,8,2,3966.64
4194,74,1,13077.35
4195,73,2,12652.85
4195,13,3,12792.29
4195,49,1,5428.28
4195,11,3,12056.06
4196,39,3,2631.28
4197,20,3,6269.49
4198,19,1,2786.87
4198,53,3,12915.61
4199,35,1,10878.7
4200,82,2,13983.44
4200,39,1,2611.82
4201,20,1,4665.03
4201,3,1,3855.89
4201,17,3,1308.02
4201,4,1,3264.88
4201,58,3,14104.56
4202,70,3,10245.14
4202,34,3,3919.03
4203,83,3,12624.54
4204,13,3,14014.31
4204,43,1,11504.52
4204,78,2,14611.07
4204,15,3,14144.23
4204,53,1,9031.56
4205,36,2,11161.16
4205,49,2,1312.07
4205,99,3,11427.46
4205,77,2,7146.39
4205,47,1,5951.48
4206,1,3,3243.68
4206,83,2,1076.28
4206,7,2,4066.77
4207,49,1,2368.47
4207,25,1,10959.15
4208,55,2,12672.96
4208,21,2,1498.47
4208,96,1,6725.16
4209,19,2,5158.14
4209,77,3,8405.57
4209,61,3,7031.86
4209,59,1,8386.42
4209,95,1,10522.53
4210,65,1,1428.4
4210,56,1,9113.11
4211,24,1,14219.08
4211,29,1,8069.64
4212,26,3,14112.75
4213,23,3,2868.42
4213,44,3,14918.68
4213,50,1,7537.51
4214,99,3,12996.06
4215,6,3,10467.87
4215,36,2,1578.95
4215,40,2,13904.41
4216,76,1,4148.78
4216,48,2,6920.24
4217,67,3,12450.09
4218,29,3,10740.37
4218,90,3,5552.56
4218,36,2,13678.72
4218,89,3,10527.73
4218,26,3,14339.6
4219,15,2,13885.6
4219,44,3,12375.49
4219,94,1,3504.73
4220,58,3,9837.02
4220,75,2,11922.57
4220,11,3,13631.87
4220,79,1,5435.01
4220,98,1,8899.93
4221,44,3,7492.16
4221,74,2,1358.34
4221,90,1,5507.77
4222,17,1,3137.61
4222,90,3,3270.78
4222,1,2,564.94
4222,54,1,8584.52
4223,39,3,12474.15
4223,51,3,7117.52
4223,60,3,9636.54
4223,45,1,11275.74
4223,13,2,8441.83
4224,83,2,13106.87
4224,6,3,9751.36
4224,49,3,2477.49
4225,59,3,509.8
4225,23,2,12372.04
4226,82,3,10748.46
4226,81,1,12041.73
4226,96,3,1400.45
4227,46,3,6451.96
4227,84,2,14687.62
4227,19,2,10065.85
4228,54,3,7857.3
4228,83,3,12497.36
4228,7,3,5039.6
4228,52,2,7516.16
4229,26,2,12411.67
4229,22,2,12714.65
4230,98,1,14686.99
4230,20,1,6737.54
4230,35,3,11121.3
4231,53,3,1473.71
4231,29,2,13092.91
4232,62,1,5505.83
4232,92,2,3255.93
4233,6,3,1441.9
4234,69,1,9932.91
4234,4,3,13748.43
4234,95,2,3991.17
4234,10,3,14819.39
4235,47,1,11195.6
4235,99,2,4496.71
4236,37,2,8460.84
4236,8,2,6855.6
4236,81,3,6029.37
4236,37,1,7840.81
4237,5,2,14748.64
4237,95,1,7172.94
4238,95,1,11110.18
4239,14,1,4767.72
4240,68,1,5892.83
4240,78,3,4811.01
4240,17,1,2130.82
4241,62,2,10888.64
4241,84,1,870.02
4241,33,3,1508.86
4241,7,3,14549.7
4241,93,1,6870.16
4242,89,1,11113.5
4242,38,3,3008.33
4243,37,3,9213.77
4244,92,2,4692.87
4245,11,1,1564.08
4245,59,1,10233.05
4245,36,3,14532.58
4246,4,2,5871.79
4247,28,1,5784.27
4248,66,2,8469.7
4248,5,2,6521.22
4248,99,2,6950.65
4248,46,3,2178.56
4248,15,2,8074.6
4249,10,2,6345.5
4249,73,2,2246.39
4249,93,1,14004.31
4250,7,3,2763.18
4250,44,1,8328.3
4250,15,1,14486.92
4250,16,1,1649.45
4251,23,3,7327.8
4251,13,2,3513.19
4251,48,3,3295.72
4251,15,1,6196.86
4252,42,1,9661.16
4252,90,2,3208.24
4252,41,2,3624.04
4252,90,1,7703.28
4253,10,1,2611.57
4253,57,1,5167.66
4253,5,3,9895.29
4253,40,2,12298.42
4254,39,1,8457.51
4254,56,3,11971.95
4255,55,3,9098.22
4255,41,1,12282.21
4255,53,1,1937.45
4255,2,3,11163.06
4255,79,3,3944.5
4256,76,1,14186.82
4257,99,1,873.23
4257,77,3,10403.61
4257,15,1,12602.24
4258,58,3,2103.65
4258,76,1,10095.6
4258,83,1,7987.05
4258,58,2,11128.24
4258,43,3,9071.78
4259,80,1,12107.57
4259,34,3,3279.91
4259,91,2,12402.01
4260,52,2,4278.68
4260,23,2,4021.31
4261,81,3,12886.37
4261,56,2,8456.22
4261,11,1,5346.98
4261,99,1,8700.13
4262,90,2,2652.0
4262,35,1,778.84
4263,64,2,7716.46
4263,67,1,10116.71
4263,59,2,7860.18
4263,2,2,544.15
4264,33,1,7798.1
4264,29,3,5698.4
4265,25,3,11548.61
4265,46,2,8856.83
4266,72,1,10241.58
4267,50,1,12515.12
4267,50,3,2877.65
4267,11,2,12480.85
4267,20,3,12267.38
4268,94,1,10348.53
4268,49,3,12718.51
4268,52,1,13283.4
4269,54,3,6637.41
4269,15,1,12837.41
4269,3,3,4427.59
4269,87,1,9559.38
4269,96,3,3117.68
4270,51,2,3637.12
4270,53,1,11730.63
4270,54,1,13375.8
4270,27,1,12335.26
4271,83,2,1138.63
4271,51,3,6363.84
4271,64,2,624.52
4271,92,2,5636.2
4271,68,3,884.38
4272,44,1,10342.26
4273,71,1,1124.24
4274,24,2,1195.36
4274,91,3,11543.68
4274,5,2,14761.31
4274,48,2,13957.84
4274,40,1,8983.06
4275,100,1,12741.24
4275,34,1,6557.81
4275,51,1,5891.13
4276,77,3,11398.08
4276,75,3,14545.77
4277,52,1,8928.28
4277,98,3,7818.92
4277,95,2,9363.83
4277,69,1,6489.33
4278,34,3,708.04
4278,18,1,7023.82
4278,36,3,12586.09
4278,90,1,14624.21
4278,99,2,6814.08
4279,48,1,14551.15
4279,86,1,4546.61
4279,64,2,9804.45
4280,95,1,5319.86
4280,58,2,9847.05
4281,23,3,5172.51
4281,92,3,4092.95
4282,51,1,13654.29
4282,75,1,3587.17
4282,64,2,8550.62
4282,57,2,13296.1
4282,61,2,12874.67
4283,10,2,4100.83
4283,85,3,14724.2
4283,64,2,3428.12
4284,64,1,8012.75
4284,22,1,7143.81
4285,98,3,873.67
4286,70,1,12915.58
4286,15,1,4111.63
4286,19,1,7790.28
4286,31,2,13646.06
4287,2,3,10437.72
4287,4,3,7228.55
4287,63,3,8043.7
4287,46,1,13356.06
4288,11,3,767.91
4288,51,2,5030.24
4288,77,1,4570.1
4288,76,2,11300.42
4289,92,1,6795.47
4289,83,1,2314.5
4289,22,2,10502.36
4289,57,1,6757.15
4290,44,2,11817.58
4291,22,3,6032.69
4292,67,3,4882.97
4292,53,2,10954.95
4293,19,1,10755.71
4293,76,2,6054.37
4293,65,2,13596.78
4293,80,3,13516.09
4293,25,3,8982.37
4294,46,1,13213.95
4294,9,3,1118.42
4294,30,3,4763.52
4295,53,1,11880.98
4295,39,2,4197.74
4295,94,3,12784.76
4295,86,3,11639.64
4296,49,3,9866.32
4296,80,1,7925.31
4297,44,1,11779.75
4297,60,3,4936.42
4297,51,1,2017.97
4297,92,1,9981.91
4298,91,3,732.54
4298,21,2,14021.04
4299,83,2,8289.69
4299,44,1,12780.76
4300,52,3,14282.35
4300,11,2,1506.19
4300,21,1,11454.66
4301,63,2,11159.66
4301,67,3,6429.03
4301,12,1,5982.37
4301,55,2,7832.28
4302,58,3,10326.27
4302,91,2,2376.8
4302,48,2,5727.73
4302,17,3,3668.73
4302,43,2,10685.47
4303,81,3,4857.88
4304,81,2,757.56
4304,30,3,8482.75
4304,25,3,13311.92
4305,96,2,5966.66
4305,50,3,11454.61
4306,16,2,4766.09
4306,68,2,14948.27
4306,18,3,10811.5
4306,43,1,3157.97
4306,72,3,13437.44
4307,45,3,14065.66
4308,62,1,7261.29
4309,14,3,1115.49
4309,38,3,8139.44
4309,64,3,6660.04
4309,3,1,5704.24
4309,66,3,11594.64
4310,31,2,12235.88
4310,10,1,9289.6
4311,78,3,11286.08
4311,45,2,11426.8
4312,27,1,11791.72
4312,72,3,2066.73
4312,84,2,11415.06
4312,91,2,2598.23
4312,45,1,7138.91
4313,29,3,12740.32
4313,6,1,9125.08
4313,87,1,9930.29
4314,57,3,6703.14
4315,43,2,508.5
4315,100,2,3256.6
4315,96,2,7520.35
4315,82,3,13444.56
4316,92,1,9958.5
4316,51,2,3530.19
4316,50,1,4402.29
4316,33,2,4572.19
4317,98,1,12549.14
4317,95,1,2672.55
4317,41,2,6528.28
4318,83,2,7870.42
4319,90,2,9962.45
4319,54,2,8412.32
4320,57,3,2848.47
4321,88,2,11296.41
4321,61,1,1372.51
4321,50,1,4276.27
4321,51,1,1660.37
4322,99,1,9134.26
4322,40,1,13523.24
4322,8,1,12465.5
4323,20,2,6478.63
4323,66,1,13621.42
4323,87,2,13944.65
4323,84,2,12520.28
4323,58,3,4116.39
4324,61,2,7438.84
4324,43,2,502.14
4324,29,2,14114.04
4324,61,1,4605.24
4324,15,1,7049.71
4325,100,1,8209.69
4326,54,2,12065.71
4326,83,2,14479.61
4327,73,1,13739.76
4327,49,2,5748.2
4328,59,2,11543.82
4328,44,3,12461.64
4329,30,2,8970.12
4330,97,3,4078.62
4330,58,2,9492.53
4330,43,1,6290.0
4330,39,3,14116.98
4330,24,3,1211.87
4331,34,2,987.58
4331,33,2,7675.7
4331,51,2,7812.74
4331,91,3,3412.87
4331,85,3,12885.15
4332,9,3,11064.05
4333,50,3,13170.08
4333,22,2,1405.33
4333,31,3,8332.52
4333,93,1,13059.17
4334,58,1,12843.69
4334,46,3,8006.73
4334,35,3,14599.84
4334,100,2,3758.3
4334,17,3,9488.19
4335,92,1,8462.17
4335,40,2,13156.32
4335,23,2,1379.97
4335,79,2,12391.89
4336,98,1,4872.38
4336,55,3,8114.79
4336,90,3,13403.24
4336,80,3,14387.04
4336,82,3,1178.05
4337,52,1,13381.48
4337,33,3,3024.43
4337,22,2,6868.35
4337,60,1,2115.78
4338,71,2,3306.17
4338,69,1,5449.97
4338,53,1,12664.0
4338,52,1,1442.18
4339,28,2,14019.91
4339,11,1,11259.76
4339,93,2,3363.58
4339,38,1,10631.13
4340,10,3,10517.17
4340,16,2,6664.85
4341,55,1,5005.36
4342,80,3,8410.33
4342,93,3,9824.21
4342,56,2,13258.43
4342,51,1,14067.83
4343,65,1,3112.27
4344,73,3,9634.94
4344,17,2,7663.51
4344,84,3,6642.31
4344,6,3,7109.76
4345,57,1,9749.05
4345,67,3,8776.33
4345,59,3,2543.67
4345,59,3,5873.74
4346,25,2,14950.52
4346,77,3,1299.83
4347,80,1,4738.56
4348,29,2,3968.06
4349,35,1,14936.59
4349,62,1,14479.02
4349,45,2,8009.46
4350,24,1,8581.89
4350,73,2,1721.55
4351,78,1,7038.73
4352,56,2,7346.23
4353,86,3,3362.57
4353,15,1,1909.27
4353,51,2,5034.35
4353,71,1,3300.87
4354,21,2,5174.71
4354,2,1,14434.46
4354,32,1,10568.29
4355,94,1,979.43
4355,21,2,14245.18
4356,58,2,11654.36
4356,77,1,4737.39
4356,76,3,9276.9
4356,74,2,7332.78
4357,13,3,12168.13
4357,1,2,6714.63
4358,48,3,3344.56
4358,6,1,13535.08
4359,43,2,5877.99
4359,25,2,13184.47
4360,66,3,10453.66
4360,30,2,7758.01
4360,31,2,9674.24
4360,39,3,5022.57
4360,40,3,7862.51
4361,4,3,6355.18
4362,97,1,11867.78
4362,58,1,8685.79
4363,49,3,11872.46
4364,18,3,4770.64
4364,79,3,13024.81
4364,97,1,1798.91
4365,35,2,4308.34
4365,28,3,11537.58
4366,7,2,9229.74
4366,62,3,13545.12
4366,8,3,8895.88
4367,65,2,2448.66
4367,16,1,2506.86
4368,28,3,2689.85
4369,79,3,3283.56
4369,97,3,13264.59
4369,6,1,5851.67
4369,1,3,14284.14
4369,87,2,9514.34
4370,63,2,1640.07
4370,72,1,10985.08
4370,50,3,999.34
4371,5,2,11047.21
4371,4,1,13034.27
4372,88,3,4416.31
4372,54,3,745.7
4372,90,1,2218.33
4373,28,1,6536.16
4373,46,2,4298.85
4373,24,1,11162.82
4374,16,2,4357.93
4375,80,3,11217.56
4375,83,3,2385.76
4375,11,3,7372.65
4376,77,2,12715.53
4377,85,1,9232.88
4377,9,1,5999.49
4377,9,2,9829.91
4377,41,3,8750.25
4377,3,2,14684.92
4378,70,3,3457.78
4378,51,1,13565.11
4378,4,1,6597.91
4379,2,1,11466.67
4379,44,3,3641.99
4379,95,2,761.65
4379,50,2,3548.08
4379,39,2,9659.17
4380,84,2,13475.46
4380,64,1,2328.43
4381,75,2,983.89
4382,48,1,5354.15
4383,46,1,3096.47
4384,56,3,3005.44
4384,40,3,14835.48
4384,72,3,11260.38
4385,83,3,12392.31
4385,70,1,13030.22
4385,39,3,7684.11
4385,34,2,4505.99
4385,90,2,5179.2
4386,88,2,8767.48
4387,21,3,4600.81
4387,43,3,13443.18
4388,13,1,13719.07
4388,73,1,5859.27
4388,73,1,9588.12
4389,66,3,11753.51
4389,10,3,6248.52
4390,64,2,10464.71
4390,80,3,14767.62
4390,20,1,14743.17
4390,43,3,7812.19
4391,68,3,1121.22
4391,89,1,9288.55
4391,19,3,703.15
4391,66,3,10074.57
4392,19,2,11718.12
4392,70,3,5204.63
4392,66,1,9326.71
4392,70,1,3280.06
4392,4,1,7056.83
4393,97,1,2724.36
4393,48,3,11956.61
4394,73,3,10472.77
4394,67,2,3476.16
4394,8,2,4154.13
4394,59,3,1625.81
4395,33,1,10980.69
4395,45,3,9980.54
4396,2,2,1330.76
4396,10,3,1964.17
4396,91,3,6101.19
4397,5,1,1039.46
4397,36,3,12386.39
4397,39,3,10028.96
4397,93,3,2459.88
4398,86,2,7841.88
4398,14,1,13182.96
4399,37,3,5217.7
4399,41,2,13319.26
4399,90,3,6085.21
4399,42,2,6754.77
4399,35,2,1966.36
4400,85,3,11565.74
4400,100,3,14673.81
4401,58,1,1408.61
4401,8,3,3265.96
4401,17,1,5333.24
4401,76,2,2064.14
4401,56,1,2104.9
4402,66,1,2784.48
4402,97,3,1047.87
4402,52,3,5470.41
4403,87,2,12293.85
4403,17,1,6126.13
4404,92,3,4829.28
4404,12,3,12757.11
4404,8,1,1616.74
4404,22,3,3501.96
4405,16,2,7093.97
4406,44,2,9571.86
4406,50,3,7238.16
4406,32,1,3710.26
4406,94,3,12082.83
4407,50,3,4957.75
4407,38,1,4955.59
4408,22,1,12128.33
4408,3,3,7556.66
4408,85,3,9825.68
4408,41,1,7930.36
4409,100,3,697.36
4409,94,3,5824.6
4409,79,3,14566.76
4409,21,3,9795.62
4409,56,3,3855.78
4410,43,2,7631.63
4410,11,1,10652.11
4411,24,2,4656.95
4411,16,1,12573.83
4411,48,3,1653.73
4411,45,3,7178.26
4412,66,3,12640.85
4412,11,2,5423.79
4412,12,3,5023.8
4412,46,3,14632.67
4412,48,1,9529.21
4413,32,3,5102.77
4413,18,1,7516.75
4413,17,3,4929.54
4414,100,3,7453.41
4414,83,3,2987.77
4414,69,1,10115.74
4415,20,3,1603.02
4416,23,2,5058.2
4416,14,3,9893.96
4416,93,2,2611.34
4416,40,3,5366.27
4417,67,1,14819.3
4417,32,1,4719.64
4417,98,2,2489.2
4417,48,1,1378.08
4418,18,2,12822.95
4419,3,1,2175.73
4419,27,1,4584.52
4420,40,1,1712.92
4420,32,2,9811.81
4420,65,3,13186.43
4421,48,2,10124.97
4422,18,3,2430.5
4422,62,2,841.29
4422,85,1,6697.61
4422,95,2,8668.77
4422,52,3,14057.96
4423,79,3,11172.45
4423,67,2,10589.55
4423,45,2,10241.91
4423,56,3,11806.75
4424,9,1,5541.09
4425,89,2,11900.79
4425,80,3,6014.53
4425,22,3,6984.8
4425,52,1,3657.61
4426,65,1,14210.78
4426,57,1,13705.69
4426,79,2,7736.99
4426,7,3,14257.73
4427,82,1,2357.98
4427,13,1,2588.49
4427,62,1,11117.22
4428,17,3,5855.41
4428,73,3,3739.3
4429,27,3,1742.84
4429,39,1,3576.84
4430,10,2,14780.17
4430,95,3,13255.69
4430,61,2,10334.02
4430,53,3,7555.17
4431,15,1,9252.62
4431,68,3,8910.59
4431,9,1,2206.71
4431,64,3,13587.95
4432,31,3,1370.42
4432,26,2,2202.78
4433,67,2,651.71
4433,52,2,2388.3
4433,52,1,10996.58
4434,44,3,8297.02
4434,37,3,5956.74
4434,75,1,6966.71
4435,60,3,8495.63
4435,45,1,8027.82
4435,3,2,9868.96
4436,81,1,1478.73
4436,64,3,4243.45
4436,40,2,1211.69
4436,20,3,7566.54
4437,100,3,9234.53
4437,22,2,4949.18
4437,30,2,9307.76
4438,52,2,6702.6
4438,7,2,4988.6
4439,95,2,2192.55
4439,69,3,1602.31
4439,9,3,2947.54
4439,63,3,6887.69
4440,38,2,7222.93
4440,76,2,6853.24
4441,95,2,5936.02
4441,17,2,13491.69
4441,89,1,9812.17
4441,82,1,9788.52
4441,67,1,5105.89
4442,42,2,2253.17
4442,28,2,4520.64
4442,99,3,5602.53
4442,85,2,9159.0
4443,93,2,9216.36
4444,61,2,9808.07
4445,81,3,5912.57
4445,27,1,14869.68
4445,10,2,3339.68
4446,14,1,7325.97
4446,45,3,3043.44
4446,82,1,8833.15
4447,46,2,6993.07
4447,17,2,1257.86
4447,47,2,11927.72
4447,81,1,5234.48
4447,14,2,7302.62
4448,46,2,5150.4
4448,84,2,4966.49
4448,20,3,4410.09
4448,57,2,2739.58
4448,96,1,11840.57
4449,24,1,1243.68
4450,1,2,4742.27
4451,52,1,7135.34
4451,49,2,2767.58
4451,8,3,2049.38
4451,36,3,7189.26
4451,7,3,6462.36
4452,57,1,5922.02
4452,8,3,3960.04
4453,16,3,8807.76
4453,50,3,12672.16
4454,25,1,1358.53
4454,94,1,6625.89
4454,45,1,6255.93
4454,73,2,13700.81
4454,15,3,10951.79
4455,70,3,4174.57
4455,86,2,2335.79
4455,51,2,8915.42
4456,10,1,13629.37
4456,4,1,12024.04
4456,87,1,981.22
4457,49,2,6356.71
4457,5,2,1347.91
4457,53,1,4051.82
4457,24,1,12629.35
4457,16,3,14467.01
4458,41,1,9233.3
4458,61,3,11993.92
4458,74,2,898.21
4458,67,2,5627.86
4459,35,3,12050.37
4460,23,1,975.69
4460,6,2,3646.33
4460,88,1,14010.67
4461,22,1,2579.41
4461,60,2,9459.53
4461,77,2,13731.76
4461,73,1,11141.15
4462,38,1,8340.69
4462,51,1,1689.6
4462,100,2,14774.94
4462,89,3,7331.98
4463,58,1,13630.6
4463,98,3,1331.63
4463,14,1,12194.95
4463,5,3,5576.03
4463,88,3,2680.71
4464,68,1,5779.59
4464,22,1,3550.42
4465,43,1,4411.51
4465,68,1,6264.23
4465,31,3,3213.18
4465,36,3,10378.33
4466,71,2,6441.55
4466,36,1,13930.88
4466,92,1,6562.75
4466,51,3,11281.82
4467,81,2,2382.05
4467,75,1,3347.62
4467,76,3,7298.01
4468,16,2,10219.91
4468,10,3,6090.15
4469,40,2,10206.19
4470,7,1,14494.76
4471,85,3,9913.32
4471,47,2,4759.43
4471,76,3,1145.23
4471,34,1,7594.58
4472,22,3,10073.41
4473,5,2,653.85
4473,42,2,11788.48
4473,22,1,14265.26
4473,24,2,6256.37
4474,99,2,14741.35
4474,51,1,4764.54
4474,98,2,13148.71
4475,75,3,954.88
4476,41,2,11114.71
4476,23,1,10262.67
4476,63,3,1533.6
4476,15,1,12306.29
4477,44,1,3105.73
4477,78,3,2984.8
4477,59,1,12049.48
4477,75,1,6378.61
4477,38,1,11560.02
4478,78,1,13898.77
4478,32,3,4230.08
4479,57,2,11964.33
4479,62,2,1756.26
4479,52,2,10354.72
4479,21,1,10213.39
4479,47,3,13522.99
4480,31,2,6776.89
4480,64,3,8614.58
4480,31,3,4598.19
4480,66,1,11129.65
4480,25,2,7913.05
4481,82,1,5599.4
4481,82,3,3146.35
4481,50,2,8075.5
4481,49,3,8006.16
4482,3,2,9038.2
4482,54,2,3959.43
4482,4,1,3203.03
4482,19,2,14982.14
4482,2,3,3424.84
4483,85,1,4573.24
4483,1,3,2753.13
4483,5,1,13474.36
4483,58,1,4340.54
4484,28,2,4685.92
4485,64,3,3801.21
4485,23,3,2586.27
4486,93,3,7797.9
4486,36,3,5252.06
4486,21,2,12436.79
4486,95,1,9355.79
4487,51,3,8824.56
4487,66,1,2548.98
4488,4,3,7334.27
4488,66,1,11838.71
4488,79,2,9369.91
4489,81,3,6538.5
4490,86,3,869.1
4491,97,1,9197.08
4491,72,3,1404.78
4491,3,3,3513.91
4491,51,3,3066.43
4491,19,2,11776.79
4492,17,1,7516.61
4492,78,2,2473.24
4492,63,1,12060.27
4493,23,1,13486.94
4493,14,2,14951.71
4493,31,1,5141.25
4493,100,1,6189.1
4494,25,1,8717.12
4494,57,2,5741.63
4494,11,3,10143.98
4494,44,3,14835.99
4494,9,2,561.11
4495,23,2,12582.03
4495,42,1,3758.7
4495,75,2,6678.38
4495,93,1,14265.47
4496,60,2,12735.59
4496,83,3,6388.51
4496,96,2,13648.03
4497,9,3,1855.78
4497,11,1,13732.22
4497,18,3,555.37
4497,20,1,11183.87
4498,75,3,1765.38
4499,52,2,13933.18
4499,7,2,14090.29
4499,56,3,10578.37
4500,44,1,14564.13
4500,59,3,13116.66
4500,84,2,5650.32
4500,80,3,1590.8
4500,77,2,14973.73
4501,75,2,6386.61
4501,95,1,2499.72
4501,49,2,14759.9
4501,74,3,8813.59
4502,88,1,12789.42
4502,31,2,10166.12
4502,95,2,3357.98
4503,20,2,9302.92
4503,54,1,6732.47
4503,16,2,7284.81
4504,91,2,2644.76
4504,19,1,12938.77
4504,88,2,2402.25
4505,92,3,12700.33
4506,66,1,10188.22
4506,88,3,909.7
4507,33,2,3458.04
4507,59,2,1963.57
4508,76,2,8336.51
4508,94,3,5240.46
4509,95,1,3909.68
4509,61,1,853.74
4509,41,1,11172.68
4509,42,1,14496.38
4509,41,3,6684.1
4510,87,3,4773.98
4510,29,1,10603.21
4511,78,3,14472.97
4512,49,1,13981.61
4513,98,2,4287.28
4513,81,1,10672.82
4514,28,1,14083.4
4514,82,3,14202.69
4514,22,2,4889.06
4515,53,3,8785.94
4515,19,3,10273.62
4515,5,2,13884.16
4515,18,3,14225.58
4516,93,2,5444.38
4516,71,3,1102.55
4516,66,2,5525.29
4516,16,3,8571.52
4516,74,3,14711.5
4517,85,3,7956.28
4517,11,2,11281.5
4517,48,2,9155.37
4517,26,1,13844.07
4517,42,1,11079.94
4518,13,1,3646.28
4518,67,2,2109.2
4518,29,2,7256.21
4519,50,1,6750.6
4519,55,1,5121.4
4519,31,1,7063.79
4520,62,3,12002.63
4521,49,2,1634.3
4521,64,3,4265.09
4522,54,3,11416.92
4523,31,1,3024.16
4523,59,3,12321.88
4523,77,2,12915.84
4524,80,2,2536.19
4524,77,2,6971.41
4524,19,1,4456.36
4524,71,2,2960.7
4525,9,3,11460.73
4525,14,3,5966.71
4526,71,3,7057.84
4526,96,3,14072.08
4526,50,3,4238.78
4526,34,1,13385.43
4527,78,1,9753.71
4528,32,1,7069.24
4528,43,2,12089.22
4528,34,2,12649.95
4529,15,2,10737.03
4529,70,3,13587.35
4529,35,1,3787.07
4529,60,1,12758.25
4530,44,2,5512.57
4530,54,3,9667.71
4530,75,2,1790.68
4530,17,2,14039.37
4531,79,2,6188.6
4532,87,3,1315.24
4532,66,2,9871.72
4532,21,3,11458.16
4532,24,1,2180.35
4533,20,3,9485.12
4533,55,2,7920.27
4534,26,2,8268.83
4534,88,3,5789.08
4534,75,1,13136.03
4535,100,2,6434.75
4535,66,2,7921.3
4535,51,3,12112.24
4535,74,1,2555.51
4536,30,2,10538.57
4536,26,2,6376.07
4536,65,2,1905.83
4537,15,2,5878.26
4537,28,3,5466.14
4537,97,2,5532.9
4537,25,3,4405.5
4538,7,2,10149.44
4538,67,3,5384.84
4538,100,3,2362.77
4539,69,2,3914.34
4539,8,3,8819.17
4539,60,3,2681.8
4540,42,3,9604.15
4540,16,2,8915.62
4540,90,3,4838.44
4541,11,2,13507.89
4541,91,1,4317.98
4542,46,2,4995.32
4543,75,2,7207.87
4544,19,2,13691.81
4544,71,2,7672.04
4544,5,2,827.56
4544,100,2,2803.82
4545,82,3,7246.01
4545,3,1,5838.62
4545,60,2,6015.22
4545,30,1,14488.53
4546,74,3,7583.28
4546,10,3,9849.07
4546,75,1,6230.85
4546,84,2,11615.03
4547,80,2,835.15
4548,30,2,14283.86
4548,53,1,5757.0
4549,35,1,10826.07
4550,64,1,7943.92
4551,20,1,1263.41
4551,19,2,1776.59
4551,90,1,9463.68
4551,1,1,8984.57
4551,46,1,1428.36
4552,39,2,4222.37
4553,23,3,8796.75
4553,91,2,14988.65
4553,42,1,3989.25
4553,65,1,10566.26
4554,33,3,14422.51
4555,45,2,10682.58
4555,38,2,5962.78
4555,70,2,4611.52
4555,49,1,3335.91
4556,100,3,8592.49
4556,40,3,13064.42
4557,9,3,13824.28
4557,27,3,4718.86
4557,26,1,8607.73
4558,12,1,1096.57
4558,55,1,6381.02
4558,99,2,10091.47
4559,75,1,3419.52
4559,82,3,8706.55
4559,38,1,14495.27
4560,95,3,14721.41
4560,27,2,10915.25
4560,84,1,14061.7
4560,91,3,1115.84
4561,15,3,10935.81
4561,20,1,9570.53
4561,69,1,1834.32
4561,50,3,744.65
4562,86,1,8750.17
4562,29,1,8157.22
4562,49,2,14875.33
4562,86,3,2145.62
4563,85,1,8388.39
4564,20,1,13816.87
4565,31,2,14959.77
4565,88,2,13692.6
4565,99,3,2536.3
4565,86,2,7021.11
4565,41,1,11843.89
4566,40,2,10060.66
4566,9,3,10004.53
4566,25,2,4733.72
4566,100,2,10562.48
4567,51,1,9081.59
4567,73,3,6186.14
4567,40,1,10121.65
4567,30,3,10684.66
4567,80,1,1334.92
4568,61,3,5502.56
4569,34,2,645.29
4570,77,3,841.76
4571,80,3,5795.64
4571,62,1,8057.29
4572,79,1,9415.57
4572,31,3,14286.14
4572,12,1,6052.71
4572,92,2,3783.96
4573,67,1,6947.34
4573,41,1,14246.52
4574,70,3,1260.77
4574,23,3,4849.25
4574,50,2,8056.45
4575,91,1,3914.32
4575,72,2,8443.71
4575,93,2,11216.64
4575,4,1,523.42
4575,15,3,10640.88
4576,87,2,4889.68
4576,40,3,12813.66
4576,63,3,2547.46
4577,35,1,5813.35
4577,94,3,8465.83
4577,60,1,14615.89
4577,87,1,2965.89
4578,59,2,9422.47
4578,7,1,5493.74
4578,33,3,13504.83
4578,77,3,3995.98
4579,4,1,3051.22
4580,14,3,1257.44
4580,82,2,2402.99
4580,98,1,1294.46
4581,97,3,7081.29
4581,77,2,12354.43
4582,42,2,13327.02
4582,15,1,6754.12
4582,60,1,9832.1
4582,64,3,6682.05
4583,27,3,834.89
4583,24,1,5559.78
4584,50,2,6835.12
4584,69,3,9361.78
4584,16,1,7591.98
4584,54,1,1930.48
4585,28,2,5784.11
4585,92,2,8644.9
4586,48,2,14082.67
4586,51,1,1427.01
4586,22,3,14057.62
4586,42,3,976.73
4586,94,3,4907.21
4587,10,2,7727.64
4587,27,2,6700.11
4587,26,2,11532.23
4588,45,2,14060.26
4588,99,3,5631.46
4589,40,2,6836.03
4589,75,2,13530.47
4589,42,3,7701.6
4589,93,1,5162.58
4590,53,2,14145.4
4590,7,2,7227.41
4590,94,3,6496.59
4590,36,2,1466.0
4590,48,3,9796.86
4591,79,1,13165.84
4591,43,2,7794.65
4591,1,2,13152.44
4592,34,2,14382.7
4592,64,3,5678.09
4592,94,3,1183.09
4592,100,2,10485.31
4593,1,3,14303.74
4593,50,1,7854.66
4593,24,3,5883.57
4593,92,2,1982.06
4594,98,2,5288.48
4594,81,3,2860.03
4595,21,1,5352.13
4595,15,1,11606.32
4595,29,3,681.35
4595,75,3,10960.08
4595,34,3,12391.58
4596,64,2,4030.47
4596,93,1,13359.5
4597,66,2,4321.55
4597,61,3,1828.35
4597,86,1,2407.53
4598,43,2,5860.69
4598,72,3,3985.79
4598,70,2,3742.26
4598,81,1,5306.7
4598,85,2,8771.97
4599,88,3,12728.33
4599,9,2,9060.65
4599,29,2,13872.6
4599,83,3,9200.69
4599,44,1,2435.32
4600,84,3,5164.55
4600,17,1,8784.46
4600,6,1,8449.01
4600,64,3,4877.96
4601,59,1,11609.12
4601,16,1,4663.4
4601,78,2,3962.84
4601,55,1,8685.7
4601,79,3,1896.33
4602,41,3,542.39
4603,78,2,9709.11
4603,14,3,9988.91
4603,84,2,1393.15
4604,79,2,5821.85
4604,67,1,4295.01
4604,87,2,5685.36
4605,22,1,738.94
4605,39,1,742.09
4605,66,2,12297.84
4606,24,3,9594.15
4606,53,2,4435.78
4606,5,2,8434.25
4606,23,2,5269.78
4606,91,2,5007.07
4607,16,3,1198.27
4607,27,2,5860.22
4607,58,2,14730.05
4608,75,2,10031.84
4608,4,3,6327.88
4608,86,2,9010.93
4608,15,1,11526.37
4609,22,3,4307.04
4610,27,2,12793.57
4610,41,2,9025.53
4610,47,3,14556.32
4610,63,2,11187.39
4610,89,2,8953.88
4611,18,2,9186.22
4611,85,1,12399.07
4612,73,3,10235.13
4612,33,3,915.04
4612,3,3,9852.54
4612,64,2,2304.06
4613,22,3,3767.08
4614,85,1,893.32
4615,98,2,5798.88
4615,76,3,11776.05
4615,75,1,5347.75
4615,100,2,3479.68
4615,34,3,4289.63
4616,72,2,13945.73
4616,85,2,3406.35
4617,46,3,13065.51
4617,89,3,4394.29
4617,89,1,4019.76
4617,70,3,7366.51
4618,64,1,2138.47
4618,67,1,9633.27
4618,85,3,12898.5
4618,88,1,2239.8
4618,30,1,12047.39
4619,42,3,14075.36
4619,27,1,1859.55
4619,31,1,4494.54
4619,81,2,680.55
4619,60,1,2596.0
4620,63,3,6535.77
4620,32,3,7893.41
4620,98,3,9865.28
4620,66,3,1494.58
4620,87,1,3003.82
4621,65,1,3125.22
4622,40,2,8026.36
4623,41,1,9254.0
4623,66,3,1922.36
4624,76,2,7399.26
4624,98,1,12117.62
4624,19,3,13120.36
4625,76,1,715.47
4625,81,1,7912.55
4625,22,1,4487.4
4625,13,2,1133.83
4625,16,3,12110.41
4626,81,1,3959.1
4626,64,3,4498.67
4627,5,1,14810.95
4627,8,2,11213.46
4627,61,3,2973.22
4628,64,1,3732.99
4629,67,1,3873.31
4629,65,1,11520.85
4629,7,1,9608.47
4630,20,3,14361.69
4630,89,2,9435.9
4630,71,2,14989.69
4631,23,1,1840.0
4631,58,1,9691.16
4631,54,1,1131.57
4631,18,1,12439.98
4632,2,2,12676.65
4632,85,2,6774.26
4632,93,3,9723.97
4633,50,1,12507.89
4633,17,1,11467.16
4634,93,2,1135.5
4634,13,1,3977.41
4635,78,2,8355.64
4635,89,3,5230.24
4635,76,1,12387.83
4636,68,2,7876.65
4637,76,2,5661.59
4637,86,3,8967.27
4637,95,3,6868.08
4637,46,2,7259.82
4637,19,3,13539.57
4638,37,2,4135.24
4639,17,3,2062.53
4639,47,2,3848.52
4639,33,3,527.48
4640,50,2,1962.92
4640,37,2,4249.63
4640,54,3,12113.97
4641,40,3,1489.2
4641,38,3,5113.92
4641,41,1,10698.02
4641,66,3,8245.05
4642,39,2,5111.03
4642,3,3,9350.46
4642,4,2,3954.34
4642,11,2,13962.29
4643,20,1,3945.13
4643,77,1,3745.24
4643,56,3,9335.78
4644,44,2,8140.55
4644,79,1,7571.3
4644,62,1,11351.86
4644,57,3,2268.74
4645,33,1,2866.83
4645,15,1,14935.24
4645,98,1,10890.38
4646,87,1,4488.29
4646,13,1,4675.59
4646,18,1,3828.94
4646,59,1,1131.72
4646,39,1,9188.39
4647,28,2,1214.81
4647,87,1,12910.52
4647,31,1,3903.74
4648,72,3,9591.7
4648,63,2,3541.19
4648,48,1,1906.07
4648,1,3,5451.33
4648,68,1,14531.11
4649,47,2,10394.6
4649,70,1,14555.47
4649,29,1,14238.71
4649,68,3,4576.63
4650,13,3,1383.6
4650,67,2,11595.7
4650,73,3,10491.54
4651,91,3,1853.28
4651,16,1,12085.62
4651,78,3,4418.9
4651,72,1,7705.28
4651,91,3,3909.65
4652,100,3,530.01
4652,33,1,3406.88
4653,96,3,13451.19
4653,41,2,3227.08
4653,40,1,3220.01
4653,73,3,7079.28
4653,13,3,6949.77
4654,35,1,12515.43
4655,87,1,3186.04
4655,19,2,11740.05
4655,81,1,13055.65
4655,79,3,1675.2
4655,95,2,3762.09
4656,25,1,2439.77
4656,83,1,555.09
4656,67,3,12047.06
4656,64,1,4933.83
4657,65,1,12665.64
4657,95,1,13880.48
4657,16,1,1711.63
4657,22,2,7688.5
4658,76,2,14050.84
4658,10,1,2624.09
4658,15,3,14844.3
4658,85,1,7326.01
4658,21,2,4717.74
4659,47,1,14993.84
4659,57,2,8772.83
4659,81,1,5657.11
4659,70,1,1736.27
4659,100,3,7220.93
4660,74,2,2047.75
4660,52,2,12889.82
4660,8,1,13248.8
4660,7,1,5900.3
4660,38,1,11395.71
4661,57,2,1356.88
4661,86,1,3722.94
4661,50,1,5422.82
4661,61,2,1835.57
4662,3,1,6096.07
4663,97,3,5557.79
4663,40,1,8991.0
4663,61,3,3933.24
4663,35,2,14587.22
4664,96,3,8428.38
4665,65,1,13053.81
4665,30,1,13925.31
4665,14,1,9087.52
4666,69,1,3284.01
4667,61,1,5287.95
4667,15,1,2520.52
4668,5,3,13122.13
4668,97,3,1753.27
4668,20,2,2716.84
4668,57,1,5762.47
4668,50,2,10264.26
4669,93,1,10309.09
4669,21,1,8848.5
4669,42,2,12808.47
4669,51,2,14328.95
4669,97,3,10249.84
4670,49,1,12270.3
4670,56,3,1837.52
4670,48,2,13540.98
4670,7,1,6080.72
4671,46,3,13918.6
4671,37,1,12578.65
4672,57,1,14828.46
4672,33,2,6650.02
4673,96,1,2926.77
4673,90,2,6152.69
4673,64,2,9838.23
4673,76,1,4523.67
4674,97,2,14125.5
4674,97,1,4766.56
4674,97,1,10535.22
4675,77,2,4280.5
4675,19,2,4690.13
4675,58,3,1262.68
4676,30,2,1705.05
4676,84,2,1080.02
4676,83,1,4705.73
4677,80,2,13731.71
4677,29,1,2073.64
4677,6,1,5545.67
4677,44,1,13375.78
4677,73,3,5872.56
4678,13,3,9768.14
4679,36,1,4198.48
4679,12,2,832.26
4679,95,2,3598.31
4680,79,1,10704.34
4680,54,3,887.88
4680,66,1,5406.84
4680,92,3,5853.81
4681,65,3,14236.99
4681,29,2,4282.48
4681,34,3,8646.63
4682,98,3,7009.79
4682,73,3,7505.17
4682,18,2,11137.94
4683,81,3,9895.66
4683,8,3,11645.51
4684,28,2,8187.86
4684,62,2,6352.0
4684,33,3,14703.49
4685,42,1,12198.59
4685,58,3,12996.82
4685,56,2,13932.91
4685,98,2,3872.25
4685,98,3,2051.39
4686,1,3,12948.72
4686,57,3,10282.62
4686,77,2,5910.42
4686,14,3,13593.39
4686,87,1,12150.17
4687,62,1,9862.74
4687,83,3,9445.19
4687,20,2,5374.95
4687,28,2,13546.3
4688,2,3,2629.98
4689,48,3,9789.13
4689,25,2,1569.22
4689,99,3,12785.25
4689,45,2,1306.03
4689,27,1,1102.62
4690,49,1,3708.26
4690,81,1,1443.97
4691,53,2,11960.66
4691,14,3,14388.0
4691,21,3,8683.65
4692,10,3,1331.47
4692,55,2,5257.56
4692,2,2,8740.21
4693,20,3,11085.08
4693,99,3,8102.5
4694,35,1,1527.26
4694,12,2,1625.39
4694,25,1,11381.1
4694,91,2,905.38
4694,59,1,8170.89
4695,59,3,1327.57
4695,60,2,12095.45
4695,30,2,3634.11
4695,82,1,14633.18
4696,19,2,5503.03
4696,22,2,4988.16
4696,7,1,1125.45
4696,52,3,9334.24
4696,84,2,7324.41
4697,1,3,10491.08
4698,9,3,3623.48
4699,81,3,10491.39
4699,51,2,11283.2
4699,10,3,625.94
4700,1,3,13700.91
4701,59,1,593.86
4701,8,1,1953.42
4702,97,1,2419.92
4702,15,1,10682.41
4703,28,3,1106.64
4703,13,3,1018.5
4703,10,3,13675.64
4703,94,2,8711.24
4703,35,3,9026.32
4704,49,2,6827.37
4705,62,1,1075.16
4705,15,2,9401.19
4705,11,1,11976.49
4705,100,2,3825.89
4705,23,3,2672.38
4706,47,1,8727.59
4706,33,1,13725.51
4707,43,3,9651.27
4707,16,2,6967.97
4707,14,1,13524.52
4707,63,1,13080.65
4707,20,2,4171.19
4708,77,2,5084.11
4708,5,1,10738.58
4708,95,1,13565.22
4709,67,3,14483.94
4710,42,2,9729.45
4710,7,2,10582.08
4711,80,2,528.62
4711,22,2,2553.94
4711,33,3,11626.59
4712,28,1,14490.37
4712,23,1,2172.84
4712,60,3,5145.0
4712,65,2,7717.19
4713,88,1,2727.68
4714,3,2,1806.42
4714,27,3,12128.75
4715,2,1,2035.07
4715,68,2,7019.38
4716,36,2,8011.91
4716,22,1,7899.07
4716,63,3,657.72
4716,25,3,1395.83
4717,79,2,3840.67
4717,90,3,13760.28
4717,54,2,13070.97
4718,23,3,5985.96
4718,81,1,14236.16
4718,91,3,12810.48
4718,84,2,12742.97
4719,9,3,1102.67
4719,92,2,2283.63
4719,54,2,12415.22
4719,77,2,13041.26
4719,42,3,7780.88
4720,94,2,13684.66
4720,45,2,7196.35
4720,16,1,10474.06
4721,15,2,3364.05
4721,22,2,7778.79
4721,75,1,9716.38
4721,23,3,13679.36
4722,99,1,2617.32
4722,100,1,12184.44
4722,99,2,6680.62
4722,42,2,11464.67
4723,81,2,2357.3
4723,40,3,11671.44
4723,38,2,10484.6
4723,44,3,4489.49
4723,8,1,13437.36
4724,93,1,2752.19
4725,39,1,6078.82
4726,97,3,4761.34
4726,26,3,14855.95
4726,23,1,2478.53
4727,40,2,10987.04
4727,28,2,6120.16
4728,21,1,11725.8
4728,68,3,14467.36
4728,98,2,12331.54
4728,99,2,10227.25
4728,39,3,13573.64
4729,86,1,14611.32
4729,29,3,9413.84
4730,15,1,3875.03
4731,82,2,1561.76
4731,79,1,13552.85
4731,87,2,7486.41
4731,2,1,13756.26
4732,15,1,5663.96
4733,14,3,6016.51
4733,20,1,1502.44
4733,32,3,4463.24
4733,71,1,2140.74
4733,70,2,13191.91
4734,44,1,8864.41
4734,9,2,3428.89
4734,77,2,13267.05
4734,47,1,5852.3
4735,96,3,11421.47
4735,98,1,2251.12
4735,48,1,1057.85
4735,78,3,12527.16
4736,4,3,8884.6
4737,38,1,719.39
4737,18,2,7577.77
4737,18,1,10321.36
4738,51,3,4691.96
4738,58,3,6489.44
4738,25,3,623.55
4739,23,2,13020.85
4739,22,2,12242.86
4739,54,3,3781.74
4739,83,1,1771.91
4739,32,1,11325.75
4740,44,1,12963.42
4740,65,2,14891.28
4740,36,1,4358.96
4740,24,2,10957.5
4741,18,3,3700.75
4741,49,3,14925.04
4741,33,3,6031.23
4742,37,1,7840.07
4743,94,3,13145.17
4743,9,2,7709.72
4744,89,3,11030.77
4744,41,2,13145.05
4745,69,2,10021.29
4745,34,1,8585.87
4745,75,2,7584.26
4746,18,3,14255.34
4746,62,1,9949.51
4746,43,3,7144.6
4747,72,3,8376.4
4747,24,2,5428.07
4747,89,2,882.52
4747,84,2,2694.99
4747,3,1,2135.1
4748,79,2,2217.57
4748,98,2,6960.09
4748,42,2,5890.59
4748,73,3,12625.15
4748,5,3,5522.72
4749,70,2,6072.89
4749,17,3,6751.19
4749,23,1,3935.26
4749,44,1,13932.63
4749,94,1,971.67
4750,84,2,11204.38
4750,26,3,5352.78
4751,82,2,6304.52
4751,27,2,12718.72
4752,86,3,3663.84
4752,23,2,2792.71
4752,47,3,10931.19
4752,63,1,2283.69
4753,95,1,1406.4
4754,16,2,3945.43
4754,27,2,8579.17
4754,53,1,13428.39
4755,81,1,2302.81
4755,12,2,6716.73
4755,40,2,3694.04
4755,64,3,7396.16
4755,59,1,3849.21
4756,28,2,13492.67
4756,86,3,10372.41
4756,11,1,13752.75
4756,36,3,13500.75
4756,100,1,5296.55
4757,93,2,3587.41
4757,55,2,3387.05
4758,16,2,1695.47
4758,20,1,9839.71
4759,19,3,6600.13
4759,69,3,10974.05
4759,61,3,4752.26
4759,86,3,7345.69
4759,43,1,5060.12
4760,85,2,11957.67
4760,7,3,9053.88
4760,96,2,1023.88
4760,50,2,9431.39
4761,88,3,2362.26
4762,41,3,6238.86
4762,43,3,12987.63
4762,38,1,6595.39
4762,74,1,3479.18
4762,99,1,1763.69
4763,97,3,10758.92
4763,41,2,14482.52
4763,22,2,11353.51
4763,17,1,8009.51
4764,92,3,10016.75
4764,2,3,4060.17
4764,53,1,2961.83
4764,88,2,11225.7
4765,42,1,2596.9
4765,85,1,6699.34
4765,46,2,1852.46
4765,89,1,12629.54
4765,95,1,12092.82
4766,57,1,9895.78
4766,38,3,4692.39
4766,42,2,4964.85
4766,26,1,557.66
4766,83,2,11847.18
4767,95,2,7298.72
4767,38,1,9899.67
4767,38,2,12416.53
4767,96,2,13083.34
4768,27,1,6319.94
4768,26,1,13341.94
4768,29,1,10733.96
4768,26,1,5321.51
4768,95,2,7218.33
4769,49,2,13184.03
4769,59,1,3209.17
4769,44,1,7119.01
4769,49,2,6687.97
4769,50,3,9790.68
4770,3,3,14079.19
4770,92,1,6684.79
4770,7,2,7937.0
4771,48,2,12962.95
4771,95,1,2471.2
4771,98,2,7698.56
4771,14,3,10782.51
4772,24,3,4444.32
4773,26,3,6821.3
4773,37,3,12734.92
4773,41,3,11919.83
4774,7,1,577.51
4774,9,3,10071.27
4774,20,1,13574.29
4774,63,1,6118.43
4775,68,3,2265.41
4775,28,3,10316.54
4776,62,1,8712.58
4776,65,3,8847.67
4777,72,1,14327.06
4777,69,2,13191.1
4778,13,2,5320.84
4778,13,3,14348.92
4779,95,2,7120.7
4779,96,1,1986.92
4779,5,3,6750.09
4779,57,3,12711.82
4780,17,2,2401.93
4780,77,1,5339.97
4781,79,1,2936.8
4781,14,2,13148.4
4781,44,3,1666.16
4781,63,1,1626.6
4781,11,3,11632.42
4782,38,3,4066.67
4782,31,2,2495.54
4782,96,2,10307.33
4782,55,1,11859.58
4783,44,3,4082.05
4783,63,2,10058.97
4783,9,1,12989.82
4784,42,2,11425.1
4784,55,3,11722.72
4785,50,1,9144.01
4786,22,2,1886.77
4786,43,2,8254.62
4786,25,2,2996.25
4786,12,3,14810.07
4787,37,1,3896.97
4787,43,1,3223.53
4788,52,1,10847.31
4788,40,3,6529.36
4788,82,3,6894.18
4789,39,3,11301.07
4789,55,3,5071.9
4789,91,2,8313.26
4789,15,3,12786.5
4790,28,3,14718.51
4790,85,1,2033.12
4790,17,2,13629.7
4790,66,3,14121.77
4791,36,1,13548.06
4791,45,1,3660.11
4791,9,2,1461.17
4791,40,3,5999.05
4792,70,3,10109.93
4793,89,2,9485.06
4793,55,3,11303.79
4793,70,2,11943.44
4794,62,2,1634.08
4794,40,1,2897.45
4794,96,1,9797.52
4795,90,3,4109.12
4795,12,1,6647.03
4795,100,2,12491.64
4795,18,3,11089.84
4795,80,2,6612.93
4796,47,2,11584.29
4796,92,1,13212.13
4796,64,3,1214.24
4796,31,3,3879.9
4797,57,3,7561.4
4797,33,2,12779.99
4797,5,3,13491.9
4797,88,3,4152.94
4798,61,1,11365.53
4798,98,1,8036.69
4798,91,1,13580.55
4798,28,3,13798.15
4798,36,1,9522.91
4799,43,3,11451.81
4799,24,2,11172.09
4800,63,1,10468.49
4801,7,1,1656.15
4801,2,2,6262.03
4802,56,3,5714.76
4802,65,2,7385.9
4802,66,2,10884.11
4803,60,3,8462.06
4803,39,2,12876.52
4803,81,3,11017.21
4803,80,3,13251.02
4803,60,3,8924.14
4804,13,2,13170.08
4805,59,3,12717.95
4806,9,3,13079.16
4806,7,2,9039.14
4806,23,1,9759.95
4806,74,2,1898.29
4807,84,3,11827.71
4807,27,1,11547.91
4807,86,3,14451.31
4807,51,3,12921.32
4807,70,3,14746.47
4808,68,2,2618.46
4808,3,1,3215.63
4808,50,2,1376.82
4808,30,1,13234.35
4808,18,2,1859.84
4809,97,1,1070.38
4809,57,2,5921.82
4809,13,1,3632.02
4810,73,2,9202.74
4810,61,2,1269.14
4811,54,3,1524.5
4811,4,3,4421.87
4811,81,3,8724.87
4811,97,3,9063.52
4811,7,2,11705.2
4812,67,2,8369.81
4812,51,1,2580.42
4813,58,2,7618.25
4813,20,1,14272.62
4813,26,2,4850.31
4813,42,2,11383.96
4813,36,3,3786.86
4814,45,3,3361.99
4815,81,1,10417.35
4815,39,3,12435.05
4815,83,3,13082.9
4815,92,2,4052.87
4815,9,1,13117.07
4816,5,3,11606.46
4817,6,2,1192.13
4817,100,1,13080.92
4817,36,1,14667.37
4817,58,1,3616.41
4817,92,2,3158.2
4818,63,3,4099.63
4818,10,1,4834.64
4819,40,1,4739.15
4819,81,2,2296.78
4820,74,2,13131.25
4820,51,1,12753.09
4820,98,2,11863.13
4820,61,3,12876.59
4820,85,3,11044.15
4821,94,1,14446.39
4821,83,3,3076.0
4821,5,1,7677.67
4822,35,3,11620.81
4822,11,3,5439.46
4822,12,2,11616.11
4822,3,3,14031.01
4823,54,1,1662.57
4823,19,2,10467.7
4823,85,3,14039.89
4823,76,2,12338.81
4823,80,2,10636.89
4824,12,3,6247.72
4824,22,2,1832.64
4824,45,2,1246.97
4825,41,3,8203.68
4825,89,2,11793.58
4825,56,1,12620.44
4825,28,2,7917.03
4826,60,1,10303.36
4826,60,1,3080.06
4826,74,3,8775.67
4826,25,3,10008.11
4827,12,2,6005.42
4827,96,2,515.1
4827,97,2,9735.54
4827,1,1,2983.31
4827,57,3,12996.22
4828,95,2,4938.22
4828,24,2,7833.69
4829,26,1,10641.23
4829,2,1,9293.3
4829,64,3,9738.34
4830,54,2,6642.69
4831,73,2,11197.91
4831,12,3,11560.55
4831,70,2,8370.58
4832,77,3,7912.44
4832,90,2,9232.18
4832,25,3,3087.03
4833,93,3,2547.69
4833,49,3,12955.17
4834,65,2,871.69
4834,88,1,7321.34
4834,48,3,11991.77
4834,69,2,11898.89
4835,42,2,10725.02
4835,50,2,3608.27
4835,75,1,4279.58
4836,37,1,761.95
4836,65,1,3726.25
4836,20,1,5517.17
4836,59,2,776.35
4837,18,1,6612.66
4838,97,1,10537.11
4838,48,3,11525.42
4838,74,2,12655.36
4839,48,3,9879.58
4839,57,1,1921.65
4839,99,3,2685.03
4840,55,1,2609.58
4840,85,2,7624.03
4840,55,1,3420.8
4840,72,1,12179.23
4841,8,2,14446.08
4841,8,1,2595.08
4841,41,3,11701.69
4841,92,3,10316.15
4841,55,2,2141.48
4842,84,3,3969.69
4842,78,2,9382.83
4842,78,1,10041.54
4842,97,3,3745.71
4843,99,1,4063.68
4843,26,3,3340.82
4843,58,2,8531.78
4843,27,3,10935.96
4843,52,3,8922.37
4844,20,2,7934.52
4844,58,1,8580.67
4844,93,2,14518.08
4844,14,2,5554.59
4844,96,1,4117.38
4845,63,3,9246.55
4846,31,2,8379.59
4846,63,1,11124.94
4846,47,1,2153.09
4846,78,3,863.45
4846,67,2,13891.94
4847,52,1,10169.96
4847,27,2,3059.39
4847,100,3,11008.14
4847,8,3,6221.86
4847,20,3,2736.78
4848,24,3,1778.56
4848,8,2,6360.31
4848,59,3,14723.51
4848,100,3,12873.93
4849,86,3,3819.35
4849,78,2,1590.92
4849,9,3,1158.4
4849,84,3,6848.79
4850,65,3,13473.13
4850,30,1,978.51
4850,28,3,7545.66
4850,6,3,6654.76
4851,18,2,2201.56
4851,91,1,4003.38
4851,36,3,10547.37
4852,25,2,5577.67
4852,68,3,4469.28
4852,78,1,9404.61
4852,53,2,1675.4
4853,75,2,810.86
4853,31,2,14590.29
4854,34,2,6342.86
4854,27,3,8485.62
4855,98,1,12216.01
4855,85,3,8089.25
4855,5,1,7243.58
4855,71,3,10750.24
4856,66,3,10824.72
4856,46,3,11734.3
4857,4,3,9517.78
4858,66,2,6788.5
4858,88,3,8742.43
4858,90,2,9850.66
4858,41,3,738.04
4858,42,1,13132.88
4859,4,2,7796.7
4859,60,3,3740.59
4859,93,3,7572.72
4859,35,1,12626.99
4859,42,1,14875.28
4860,80,3,6180.39
4860,92,1,7566.17
4860,93,3,9275.41
4861,59,1,2667.73
4861,19,3,6724.56
4861,49,3,10286.97
4861,97,2,14047.67
4862,5,1,2642.51
4862,2,1,7173.11
4863,95,1,12912.97
4863,61,2,12171.52
4863,79,2,11577.78
4864,89,3,4026.94
4864,69,3,1061.16
4864,41,1,4156.09
4864,31,3,5971.42
4865,87,1,2196.73
4865,56,3,13417.85
4865,10,1,11544.27
4865,5,2,5459.59
4865,1,1,866.81
4866,99,3,10419.15
4866,45,2,8181.27
4866,45,3,3676.13
4866,75,3,2773.25
4866,19,2,4213.99
4867,56,2,3149.69
4867,24,1,1890.79
4867,96,3,14791.32
4868,36,1,3248.27
4868,100,3,8831.6
4868,84,1,13694.08
4869,73,3,3386.59
4869,7,1,8498.67
4869,41,2,8965.09
4869,76,1,7483.56
4870,95,3,10270.24
4870,56,3,5855.32
4870,9,1,12672.44
4871,53,1,9936.46
4871,9,1,8023.99
4872,38,1,10721.52
4872,65,3,2139.57
4872,59,1,14731.78
4872,88,2,8879.65
4873,30,3,2606.35
4873,36,2,2418.87
4873,57,3,8953.59
4873,97,3,13387.56
4873,51,1,7827.05
4874,1,3,3212.86
4874,37,1,5728.97
4875,65,2,1186.35
4876,7,3,14067.41
4876,96,1,8778.86
4876,20,3,6421.71
4876,34,3,11078.58
4877,96,3,8725.23
4877,42,2,9392.27
4877,71,1,8444.97
4878,35,1,9116.42
4878,31,3,14184.57
4878,55,2,14855.83
4879,9,3,11676.16
4879,64,3,12744.56
4879,7,3,14317.01
4879,33,3,7131.7
4880,61,1,5375.66
4880,49,1,3763.06
4880,94,1,12588.42
4880,51,1,8973.98
4880,40,2,9579.13
4881,47,1,12956.4
4882,100,3,11790.33
4882,29,2,1263.21
4883,81,2,12966.45
4883,56,1,12773.38
4883,47,1,14775.41
4883,80,1,12599.19
4884,83,2,10595.38
4884,55,2,7528.15
4884,74,1,12478.16
4885,74,3,14526.82
4885,75,1,13937.82
4885,40,2,4365.01
4885,60,1,13206.95
4886,6,3,3265.07
4886,20,1,10561.64
4886,99,3,11112.94
4886,50,1,9091.1
4886,4,1,7105.75
4887,64,1,13684.59
4887,99,2,3215.73
4887,87,3,3804.23
4888,13,1,12294.41
4889,7,1,6834.4
4889,54,3,2438.05
4889,63,2,3286.12
4889,81,3,2081.47
4889,29,1,607.82
4890,32,1,14952.16
4890,48,1,4123.41
4890,69,1,3505.63
4890,50,1,12102.95
4890,95,1,7967.12
4891,82,1,12145.26
4891,54,2,6349.47
4891,71,2,6502.01
4892,5,3,10046.76
4892,43,3,1090.67
4892,7,3,5724.45
4892,72,3,10035.11
4892,90,1,8394.9
4893,61,2,13044.8
4893,7,1,12871.98
4893,35,1,10426.66
4894,59,3,2044.76
4894,82,1,14439.99
4894,59,3,14516.14
4895,80,3,13836.3
4895,37,3,14708.14
4895,15,2,10210.74
4896,38,2,6701.44
4897,77,3,9111.77
4898,15,2,1851.45
4898,1,2,13821.31
4898,54,1,13705.14
4899,55,3,8522.63
4899,38,2,10172.18
4899,31,3,10432.21
4899,29,2,14001.83
4900,55,2,5728.37
4900,80,2,9465.11
4900,6,1,10109.24
4900,36,2,13879.92
4901,30,3,1983.09
4901,55,1,3175.96
4902,35,3,12770.91
4902,79,3,2061.9
4902,83,2,1902.06
4902,50,1,8455.67
4903,52,1,10828.78
4903,69,1,10058.5
4904,26,1,10044.78
4904,11,3,3395.09
4905,45,2,2148.4
4905,14,2,13502.09
4906,63,3,4698.18
4906,25,2,4947.4
4907,25,2,2976.76
4907,23,1,11662.36
4907,96,1,7497.5
4907,49,1,9347.17
4907,53,3,2826.95
4908,45,3,8421.14
4908,86,3,14842.8
4909,85,1,2241.74
4909,82,3,11393.5
4909,90,3,10371.67
4910,2,3,6987.7
4910,58,2,900.35
4910,58,1,9346.16
4911,74,3,6588.13
4911,96,2,5534.59
4912,57,2,9051.67
4912,8,2,2308.23
4912,32,3,4692.95
4913,43,1,1751.78
4913,5,3,5085.73
4914,41,1,8982.9
4914,85,1,4696.2
4914,48,1,7951.14
4915,31,2,8433.7
4915,1,1,14460.61
4915,99,1,10227.21
4915,7,3,10178.75
4916,78,1,4912.15
4916,42,1,14990.29
4916,64,3,14425.24
4917,3,1,12375.48
4917,49,3,1886.6
4918,87,1,6004.19
4918,39,1,5585.2
4918,61,1,3222.94
4918,55,3,4416.87
4919,12,1,4373.38
4919,81,2,7849.01
4919,2,3,583.61
4919,15,3,5927.91
4919,83,1,10026.32
4920,45,1,5018.61
4920,46,1,4556.72
4920,89,3,5707.56
4921,100,1,8368.21
4921,28,2,8461.15
4921,60,1,9124.12
4921,55,3,1629.33
4921,67,1,8258.93
4922,67,3,13331.14
4922,49,3,5008.54
4923,60,3,2963.61
4923,26,3,13337.94
4924,78,1,7107.29
4924,3,2,10990.21
4924,50,2,4135.75
4924,1,1,817.51
4924,1,2,10237.72
4925,46,3,10994.0
4925,87,3,9412.77
4925,66,1,12660.24
4926,30,1,1265.01
4926,23,2,9753.16
4926,49,1,10860.21
4926,18,2,3158.48
4927,64,1,12574.53
4927,79,2,1359.13
4928,19,3,6094.66
4928,6,2,8984.5
4929,60,1,5671.25
4929,42,1,2882.43
4929,97,3,13707.71
4930,76,1,1260.12
4930,98,2,12987.62
4930,73,2,13385.08
4931,48,1,3323.71
4931,85,2,12235.62
4931,76,2,4791.68
4932,8,3,6007.75
4932,8,3,869.77
4932,72,3,10745.53
4932,21,2,4201.26
4933,90,2,1800.86
4934,15,2,4718.93
4934,9,3,9416.47
4935,90,1,6796.04
4936,40,3,1216.04
4936,83,1,10622.97
4936,37,1,6706.26
4936,6,2,2343.9
4937,85,1,2925.19
4937,67,2,3452.86
4937,60,3,13741.52
4937,25,3,9871.02
4937,41,3,4858.87
4938,73,1,2756.34
4938,9,3,7497.52
4938,63,2,3051.15
4938,35,3,6955.4
4938,46,2,5810.16
4939,21,3,12767.02
4940,87,3,10233.52
4940,56,1,8273.02
4940,55,2,6413.7
4940,45,2,1344.3
4940,11,3,547.17
4941,17,3,1535.1
4941,29,3,11522.37
4942,64,2,11897.38
4942,83,3,11884.89
4942,23,1,4868.94
4942,95,3,3609.99
4942,43,2,10300.51
4943,97,2,4683.81
4943,65,3,10826.41
4943,30,3,6661.76
4944,26,3,10550.44
4944,47,1,5888.9
4944,37,1,1020.81
4944,25,2,10494.11
4944,97,2,3006.75
4945,46,1,7607.71
4946,49,2,14210.6
4946,3,2,14316.39
4946,93,3,9784.65
4947,96,2,7318.12
4947,46,2,11803.0
4948,14,1,8410.37
4948,86,1,1063.99
4948,28,1,2853.86
4948,14,3,2528.27
4949,44,2,2045.84
4949,13,2,9146.52
4949,29,1,3269.93
4949,72,2,13712.72
4949,13,2,14654.61
4950,53,1,9604.68
4950,53,3,14987.49
4951,15,2,4329.19
4951,26,2,2042.84
4952,35,2,2307.23
4953,51,2,8381.63
4953,57,2,8481.51
4953,5,1,10345.41
4953,82,2,11542.56
4953,13,1,3089.86
4954,39,1,3337.53
4954,23,3,10449.0
4954,25,2,5652.3
4954,35,2,9357.03
4954,6,1,3287.69
4955,95,3,10732.64
4955,12,1,13207.61
4955,44,2,1701.53
4955,59,1,3051.83
4956,13,2,4752.6
4956,44,1,7084.02
4956,72,3,7304.81
4956,82,1,9635.04
4956,1,1,13243.21
4957,55,2,817.57
4957,87,3,3874.49
4957,80,3,11517.82
4958,56,3,9301.99
4958,11,3,11001.75
4958,2,2,10590.01
4958,56,2,14100.88
4958,51,3,8785.78
4959,28,3,8106.84
4959,14,3,14973.75
4959,16,3,8738.23
4959,72,3,7171.78
4959,50,1,3013.22
4960,77,3,10101.04
4961,19,2,1820.15
4962,15,2,12797.26
4962,42,3,11527.64
4962,28,2,3555.77
4963,26,1,13253.43
4963,5,1,7818.07
4964,78,2,6421.81
4964,56,3,6775.0
4964,69,2,12295.13
4964,96,2,3581.69
4964,12,2,2842.71
4965,8,3,10233.04
4966,46,1,4918.1
4966,79,2,12714.42
4966,27,3,14055.71
4966,94,2,10423.95
4967,96,1,1633.49
4967,44,2,6864.74
4967,9,3,1155.23
4968,88,1,14975.17
4968,99,1,7183.76
4969,54,1,8579.76
4969,81,3,14850.49
4969,98,2,8446.08
4969,79,2,9314.59
4969,43,3,4841.2
4970,21,1,1947.48
4970,73,2,11652.54
4970,22,3,1970.6
4971,91,3,6782.0
4971,55,1,9819.1
4971,98,1,11470.61
4972,14,3,1145.39
4972,35,1,9972.57
4972,93,3,11059.94
4972,80,3,2173.8
4972,16,2,11304.75
4973,1,2,11919.59
4973,72,2,706.81
4973,11,3,4010.97
4974,62,3,4454.99
4974,21,3,10476.71
4974,29,2,4192.54
4975,22,2,4896.51
4975,18,2,10535.3
4976,90,3,11227.12
4976,23,2,5438.29
4977,93,2,690.12
4977,38,1,4175.82
4977,69,1,7076.47
4977,91,3,4508.48
4977,48,3,3940.71
4978,90,3,12426.63
4978,52,3,9944.47
4978,97,3,3193.29
4978,56,3,12914.15
4978,3,3,1919.51
4979,14,1,2709.99
4979,99,2,6152.14
4979,34,1,11800.48
4979,69,1,9278.93
4979,63,1,2840.26
4980,98,2,9010.32
4980,2,3,6812.17
4980,32,2,13068.37
4980,13,3,5113.26
4980,10,1,7303.12
4981,31,1,6878.0
4981,18,3,12760.96
4982,31,2,9179.09
4982,1,3,6144.51
4983,83,1,7281.82
4983,62,2,8479.94
4983,24,2,3375.53
4984,64,1,1014.45
4985,42,1,3981.83
4986,1,1,13911.91
4987,44,2,8843.07
4987,54,2,6953.07
4988,9,1,13897.42
4988,31,1,13883.06
4988,46,1,9125.28
4989,30,3,4714.86
4989,70,3,4866.47
4989,19,2,10012.11
4989,26,1,5835.35
4989,28,1,9098.6
4990,4,1,9809.45
4990,84,2,10525.6
4990,16,1,1603.08
4990,49,3,5467.95
4990,91,2,6765.49
4991,27,2,4938.77
4992,43,1,11329.89
4992,39,2,2947.08
4993,97,3,2467.25
4993,18,2,10460.63
4993,40,3,10069.26
4993,93,1,12446.1
4993,77,2,11552.6
4994,28,3,4207.06
4994,53,2,14616.08
4994,59,2,8471.83
4994,83,1,5524.62
4994,16,3,9307.65
4995,88,2,4765.9
4996,37,1,2583.17
4996,89,3,9789.59
4996,42,2,1093.18
4996,40,2,14709.41
4997,27,1,13310.97
4997,58,2,710.75
4997,52,1,2555.22
4997,82,1,14400.17
4997,84,2,8781.29
4998,14,1,10298.54
4998,17,2,14253.89
4998,81,2,3414.6
4999,39,1,7234.66
4999,20,3,1575.03
4999,52,2,10421.08
4999,37,1,6119.04
5000,66,3,14193.58
5000,62,3,14365.61
5000,62,3,4933.78
5000,62,3,12904.86
